Order ID,Order Date,Ship Date,Ship Mode,Customer ID,Location_key
CA-2017-146780,12/25/2017 0:00,12/30/2017 0:00,Standard Class,CV-12805,46
CA-2016-138520,4/8/2016 0:00,4/13/2016 0:00,Standard Class,JL-15505,46
CA-2017-140844,6/19/2017 0:00,6/23/2017 0:00,Standard Class,AR-10405,46
CA-2017-161480,12/25/2017 0:00,12/29/2017 0:00,Standard Class,RA-19285,46
CA-2015-100454,11/20/2015 0:00,11/25/2015 0:00,Standard Class,BM-11650,46
CA-2016-123274,2/19/2016 0:00,2/24/2016 0:00,Standard Class,GT-14710,46
CA-2014-125612,8/3/2014 0:00,8/8/2014 0:00,Standard Class,BK-11260,46
CA-2016-144939,10/3/2016 0:00,10/8/2016 0:00,Standard Class,EB-13870,46
CA-2017-106943,11/14/2017 0:00,11/19/2017 0:00,Standard Class,FO-14305,46
CA-2014-127964,3/3/2014 0:00,3/8/2014 0:00,Standard Class,AP-10720,46
CA-2015-124268,7/4/2015 0:00,7/8/2015 0:00,Standard Class,AD-10180,46
CA-2016-136329,7/9/2016 0:00,7/13/2016 0:00,Standard Class,JD-15895,46
CA-2014-119032,11/27/2014 0:00,12/3/2014 0:00,Standard Class,MS-17770,46
CA-2017-166436,11/24/2017 0:00,11/28/2017 0:00,Standard Class,TS-21370,46
CA-2016-139885,12/4/2016 0:00,12/8/2016 0:00,Standard Class,EB-13840,46
CA-2017-102771,3/31/2017 0:00,4/5/2017 0:00,Standard Class,DO-13435,46
CA-2017-107874,11/21/2017 0:00,11/25/2017 0:00,Standard Class,SW-20275,46
CA-2015-137897,11/14/2015 0:00,11/19/2015 0:00,Standard Class,PJ-18835,46
CA-2015-111458,9/26/2015 0:00,9/30/2015 0:00,Standard Class,PF-19165,46
CA-2017-108441,6/12/2017 0:00,6/18/2017 0:00,Standard Class,SB-20170,46
CA-2017-123372,11/28/2017 0:00,12/2/2017 0:00,Standard Class,DG-13300,46
CA-2015-166464,9/12/2015 0:00,9/17/2015 0:00,Standard Class,PG-18895,46
CA-2016-153353,8/18/2016 0:00,8/24/2016 0:00,Standard Class,GG-14650,46
US-2015-138919,9/17/2015 0:00,9/21/2015 0:00,Standard Class,LS-16975,46
CA-2017-123981,10/2/2017 0:00,10/8/2017 0:00,Standard Class,RW-19630,46
CA-2014-154641,8/11/2014 0:00,8/16/2014 0:00,Standard Class,KL-16645,46
CA-2014-159478,9/30/2014 0:00,10/6/2014 0:00,Standard Class,MH-17785,46
CA-2016-111416,9/17/2016 0:00,9/22/2016 0:00,Standard Class,LW-17215,46
CA-2017-118521,2/16/2017 0:00,2/20/2017 0:00,Standard Class,LF-17185,46
CA-2017-148068,9/18/2017 0:00,9/25/2017 0:00,Standard Class,MM-18280,46
CA-2016-161473,4/1/2016 0:00,4/5/2016 0:00,Standard Class,TB-21175,46
CA-2017-115546,5/14/2017 0:00,5/18/2017 0:00,Standard Class,AH-10465,46
US-2017-136868,10/6/2017 0:00,10/12/2017 0:00,Standard Class,CR-12820,46
CA-2017-168641,11/24/2017 0:00,12/1/2017 0:00,Standard Class,KA-16525,46
US-2014-150126,7/27/2014 0:00,8/2/2014 0:00,Standard Class,AS-10045,46
CA-2016-120530,4/7/2016 0:00,4/12/2016 0:00,Standard Class,Dl-13600,46
CA-2016-152408,5/15/2016 0:00,5/21/2016 0:00,Standard Class,TT-21220,46
CA-2017-110884,3/7/2017 0:00,3/12/2017 0:00,Standard Class,SH-20395,46
CA-2015-169796,11/9/2015 0:00,11/14/2015 0:00,Standard Class,Dp-13240,46
CA-2016-167115,4/4/2016 0:00,4/9/2016 0:00,Standard Class,EH-14185,46
CA-2015-148712,4/17/2015 0:00,4/23/2015 0:00,Standard Class,JM-15535,46
US-2016-127425,8/26/2016 0:00,8/31/2016 0:00,Standard Class,DR-12880,46
CA-2016-158001,8/23/2016 0:00,8/27/2016 0:00,Standard Class,JP-15460,46
US-2014-143707,3/1/2014 0:00,3/5/2014 0:00,Standard Class,HR-14770,46
US-2015-126977,9/17/2015 0:00,9/23/2015 0:00,Standard Class,PF-19120,46
CA-2016-114895,11/21/2016 0:00,11/28/2016 0:00,Standard Class,MV-18190,46
CA-2017-100111,9/20/2017 0:00,9/26/2017 0:00,Standard Class,SV-20365,46
CA-2016-157259,12/24/2016 0:00,12/28/2016 0:00,Standard Class,JM-15535,46
CA-2015-161711,11/28/2015 0:00,12/3/2015 0:00,Standard Class,MC-17425,46
CA-2017-143112,10/5/2017 0:00,10/9/2017 0:00,Standard Class,TS-21370,46
CA-2017-100230,12/11/2017 0:00,12/15/2017 0:00,Standard Class,AA-10375,46
CA-2017-100636,6/26/2017 0:00,6/30/2017 0:00,Standard Class,DO-13435,46
CA-2015-137925,11/30/2015 0:00,12/4/2015 0:00,Standard Class,JL-15235,46
US-2014-135881,5/23/2014 0:00,5/27/2014 0:00,Standard Class,GT-14710,46
CA-2016-109666,4/19/2016 0:00,4/26/2016 0:00,Standard Class,KM-16720,46
CA-2015-128013,8/9/2015 0:00,8/16/2015 0:00,Standard Class,MF-18250,46
US-2015-156797,11/8/2015 0:00,8/15/2015 0:00,Standard Class,PO-19180,46
US-2017-104437,1/27/2017 0:00,1/31/2017 0:00,Standard Class,TG-21310,46
CA-2015-145814,11/19/2015 0:00,11/24/2015 0:00,Standard Class,KD-16345,46
CA-2016-145611,9/20/2016 0:00,9/24/2016 0:00,Standard Class,HA-14905,46
CA-2016-168543,7/3/2016 0:00,7/7/2016 0:00,Standard Class,DK-13225,46
CA-2014-103219,11/9/2014 0:00,11/13/2014 0:00,Standard Class,BF-11215,46
CA-2014-131800,12/30/2014 0:00,1/4/2015 0:00,Standard Class,AJ-10960,46
CA-2016-103359,12/22/2016 0:00,12/26/2016 0:00,Standard Class,LC-16885,46
CA-2014-137575,8/6/2014 0:00,8/11/2014 0:00,Standard Class,TB-21625,46
CA-2014-151946,6/4/2014 0:00,6/9/2014 0:00,Standard Class,BT-11440,46
CA-2016-102127,6/26/2016 0:00,7/2/2016 0:00,Standard Class,VP-21760,46
CA-2016-101623,2/28/2016 0:00,3/6/2016 0:00,Standard Class,RR-19525,46
CA-2016-166618,11/14/2016 0:00,11/18/2016 0:00,Standard Class,DP-13000,46
US-2017-102183,8/21/2017 0:00,8/28/2017 0:00,Standard Class,PK-19075,46
US-2015-153283,11/12/2015 0:00,11/18/2015 0:00,Standard Class,EB-14110,46
CA-2014-100391,5/25/2014 0:00,5/29/2014 0:00,Standard Class,BW-11065,46
CA-2014-156160,9/22/2014 0:00,9/29/2014 0:00,Standard Class,AS-10090,46
CA-2017-169999,6/19/2017 0:00,6/26/2017 0:00,Standard Class,JS-15685,46
CA-2015-130855,12/29/2015 0:00,1/5/2016 0:00,Standard Class,RF-19840,46
CA-2016-122581,8/21/2016 0:00,8/25/2016 0:00,Standard Class,JK-15370,46
CA-2015-105508,9/24/2015 0:00,9/29/2015 0:00,Standard Class,JF-15190,46
CA-2016-105816,12/11/2016 0:00,12/17/2016 0:00,Standard Class,JM-15265,24
CA-2014-164973,11/4/2014 0:00,11/9/2014 0:00,Standard Class,NM-18445,24
CA-2017-117933,12/24/2017 0:00,12/29/2017 0:00,Standard Class,RF-19840,24
CA-2016-100790,6/26/2016 0:00,7/2/2016 0:00,Standard Class,JG-15805,24
CA-2014-127691,7/22/2014 0:00,7/27/2014 0:00,Standard Class,EM-14065,24
CA-2017-164826,12/28/2017 0:00,1/4/2018 0:00,Standard Class,JF-15415,24
CA-2016-132661,10/23/2016 0:00,10/29/2016 0:00,Standard Class,SR-20740,24
CA-2016-164511,11/19/2016 0:00,11/24/2016 0:00,Standard Class,DJ-13630,24
CA-2016-128727,8/29/2016 0:00,9/4/2016 0:00,Standard Class,MO-17800,24
CA-2016-130407,9/2/2016 0:00,9/6/2016 0:00,Standard Class,KD-16270,24
CA-2014-146640,6/30/2014 0:00,7/5/2014 0:00,Standard Class,HA-14905,24
US-2017-104955,3/19/2017 0:00,3/24/2017 0:00,Standard Class,CG-12040,24
CA-2017-154935,12/24/2017 0:00,12/29/2017 0:00,Standard Class,AR-10540,24
CA-2016-139157,10/1/2016 0:00,10/5/2016 0:00,Standard Class,GM-14680,24
US-2014-148838,3/17/2014 0:00,3/21/2014 0:00,Standard Class,CP-12340,24
CA-2017-131695,6/30/2017 0:00,7/6/2017 0:00,Standard Class,RA-19285,24
CA-2017-108553,4/23/2017 0:00,4/29/2017 0:00,Standard Class,SK-19990,24
CA-2014-127187,12/4/2014 0:00,12/8/2014 0:00,Standard Class,CP-12085,24
CA-2014-100006,9/7/2014 0:00,9/13/2014 0:00,Standard Class,DK-13375,24
CA-2016-134376,10/2/2016 0:00,10/6/2016 0:00,Standard Class,TT-21265,24
CA-2014-100328,1/28/2014 0:00,2/3/2014 0:00,Standard Class,JC-15340,24
CA-2017-131233,4/14/2017 0:00,4/19/2017 0:00,Standard Class,CS-12355,24
US-2017-140074,3/23/2017 0:00,3/29/2017 0:00,Standard Class,EC-14050,24
CA-2017-104640,11/10/2017 0:00,11/16/2017 0:00,Standard Class,FH-14275,24
CA-2016-147536,12/26/2016 0:00,12/31/2016 0:00,Standard Class,AR-10510,24
CA-2015-150791,9/6/2015 0:00,9/13/2015 0:00,Standard Class,CC-12430,24
CA-2015-163762,11/27/2015 0:00,12/1/2015 0:00,Standard Class,JE-15475,24
CA-2017-141873,10/9/2017 0:00,10/14/2017 0:00,Standard Class,HG-14845,24
CA-2017-117863,5/18/2017 0:00,5/23/2017 0:00,Standard Class,TS-21340,24
CA-2016-149902,4/1/2016 0:00,4/6/2016 0:00,Standard Class,DW-13540,24
CA-2014-114517,12/23/2014 0:00,12/27/2014 0:00,Standard Class,TH-21235,24
CA-2014-147235,3/24/2014 0:00,3/28/2014 0:00,Standard Class,CD-11920,24
CA-2014-107454,11/2/2014 0:00,11/6/2014 0:00,Standard Class,RD-19720,24
CA-2017-163531,6/26/2017 0:00,6/30/2017 0:00,Standard Class,SC-20725,24
CA-2016-123015,12/26/2016 0:00,12/30/2016 0:00,Standard Class,AJ-10795,24
CA-2017-123043,8/24/2017 0:00,8/29/2017 0:00,Standard Class,AH-10195,24
CA-2016-161158,9/5/2016 0:00,5/13/2016 0:00,Standard Class,PS-18970,24
CA-2017-105193,3/25/2017 0:00,3/31/2017 0:00,Standard Class,JL-15835,24
US-2015-160857,5/8/2015 0:00,5/15/2015 0:00,Standard Class,NW-18400,24
CA-2014-111773,6/29/2014 0:00,7/3/2014 0:00,Standard Class,JK-15625,24
CA-2017-115105,2/6/2017 0:00,2/11/2017 0:00,Standard Class,BD-11770,24
CA-2016-101161,10/13/2016 0:00,10/20/2016 0:00,Standard Class,BW-11110,24
CA-2014-146864,12/22/2014 0:00,12/26/2014 0:00,Standard Class,BT-11530,24
CA-2014-145541,12/14/2014 0:00,12/21/2014 0:00,Standard Class,TB-21400,24
US-2016-155103,12/2/2016 0:00,12/7/2016 0:00,Standard Class,JF-15190,24
CA-2015-105361,3/29/2015 0:00,4/4/2015 0:00,Standard Class,CM-12115,24
US-2017-123204,7/21/2017 0:00,7/27/2017 0:00,Standard Class,CS-11860,24
US-2017-101840,2/6/2017 0:00,2/12/2017 0:00,Standard Class,SP-20545,24
CA-2015-136658,9/10/2015 0:00,9/17/2015 0:00,Standard Class,BO-11425,24
CA-2015-113152,12/25/2015 0:00,12/30/2015 0:00,Standard Class,JK-15625,24
CA-2016-110975,12/25/2016 0:00,12/30/2016 0:00,Standard Class,DB-12970,24
CA-2014-140396,11/20/2014 0:00,11/25/2014 0:00,Standard Class,KH-16330,24
CA-2015-142734,4/16/2015 0:00,4/21/2015 0:00,Standard Class,DM-13345,24
CA-2014-105872,5/30/2014 0:00,6/6/2014 0:00,Standard Class,JG-15160,24
CA-2016-116603,7/17/2016 0:00,7/22/2016 0:00,Standard Class,AT-10735,24
CA-2017-165323,6/17/2017 0:00,6/21/2017 0:00,Standard Class,SR-20740,24
CA-2016-127194,12/10/2016 0:00,12/16/2016 0:00,Standard Class,BW-11110,24
CA-2017-113572,11/7/2017 0:00,11/11/2017 0:00,Standard Class,FP-14320,24
CA-2015-116512,4/9/2015 0:00,4/14/2015 0:00,Standard Class,MC-18100,24
US-2017-118535,2/11/2017 0:00,2/15/2017 0:00,Standard Class,DJ-13510,24
CA-2015-132276,2/23/2015 0:00,2/28/2015 0:00,Standard Class,LC-16960,24
CA-2017-135377,12/13/2017 0:00,12/18/2017 0:00,Standard Class,BP-11095,24
CA-2016-100510,5/12/2016 0:00,5/17/2016 0:00,Standard Class,HM-14860,24
US-2016-102141,8/26/2016 0:00,8/31/2016 0:00,Standard Class,KD-16615,24
CA-2016-105263,8/6/2016 0:00,8/11/2016 0:00,Standard Class,LM-17065,24
CA-2017-108931,9/14/2017 0:00,9/19/2017 0:00,Standard Class,HZ-14950,24
CA-2016-105781,2/16/2016 0:00,2/20/2016 0:00,Standard Class,JF-15565,24
CA-2016-100587,12/10/2016 0:00,12/14/2016 0:00,Standard Class,SL-20155,24
CA-2016-106075,9/18/2016 0:00,9/23/2016 0:00,Standard Class,HM-14980,30
CA-2015-137225,12/15/2015 0:00,12/19/2015 0:00,Standard Class,JK-15640,30
CA-2017-144904,9/25/2017 0:00,10/1/2017 0:00,Standard Class,KW-16435,30
CA-2017-101798,12/11/2017 0:00,12/15/2017 0:00,Standard Class,MV-18190,30
CA-2015-147851,12/3/2015 0:00,12/8/2015 0:00,Standard Class,MP-17470,30
CA-2017-163020,9/15/2017 0:00,9/19/2017 0:00,Standard Class,MO-17800,30
CA-2017-117240,7/23/2017 0:00,7/28/2017 0:00,Standard Class,CP-12340,30
CA-2014-148488,12/10/2014 0:00,12/15/2014 0:00,Standard Class,SM-20005,30
CA-2017-143259,12/30/2017 0:00,1/3/2018 0:00,Standard Class,PO-18865,30
CA-2015-111164,4/11/2015 0:00,4/15/2015 0:00,Standard Class,SE-20110,30
CA-2015-110667,4/4/2015 0:00,4/8/2015 0:00,Standard Class,NF-18595,30
US-2016-162859,2/15/2016 0:00,2/22/2016 0:00,Standard Class,PG-18820,30
CA-2017-115602,12/18/2017 0:00,12/24/2017 0:00,Standard Class,DJ-13630,30
CA-2016-154711,11/22/2016 0:00,11/26/2016 0:00,Standard Class,TB-21355,30
CA-2017-157987,9/2/2017 0:00,9/6/2017 0:00,Standard Class,AC-10615,30
CA-2016-140501,6/23/2016 0:00,6/28/2016 0:00,Standard Class,IM-15070,30
CA-2016-117282,7/14/2016 0:00,7/18/2016 0:00,Standard Class,DR-12880,30
CA-2016-128818,5/7/2016 0:00,5/11/2016 0:00,Standard Class,CJ-12010,30
CA-2015-129854,8/22/2015 0:00,8/26/2015 0:00,Standard Class,RB-19705,30
CA-2015-130995,11/1/2015 0:00,11/6/2015 0:00,Standard Class,QJ-19255,30
CA-2017-116225,11/5/2017 0:00,11/9/2017 0:00,Standard Class,SV-20935,30
US-2015-127040,12/6/2015 0:00,12/10/2015 0:00,Standard Class,SG-20605,30
CA-2014-148586,3/25/2014 0:00,4/1/2014 0:00,Standard Class,AZ-10750,30
CA-2017-148691,12/3/2017 0:00,12/9/2017 0:00,Standard Class,CS-12460,30
CA-2015-139584,8/24/2015 0:00,8/28/2015 0:00,Standard Class,EM-13810,30
CA-2017-109750,7/22/2017 0:00,7/28/2017 0:00,Standard Class,FH-14365,30
CA-2015-144386,11/5/2015 0:00,11/11/2015 0:00,Standard Class,GT-14635,30
CA-2015-120810,7/23/2015 0:00,7/27/2015 0:00,Standard Class,TH-21550,30
CA-2016-167556,3/29/2016 0:00,4/2/2016 0:00,Standard Class,JM-15250,30
CA-2016-139556,4/26/2016 0:00,5/1/2016 0:00,Standard Class,DB-13360,30
CA-2014-121573,11/3/2014 0:00,11/7/2014 0:00,Standard Class,SG-20605,30
CA-2015-118227,4/24/2015 0:00,4/28/2015 0:00,Standard Class,DB-13270,30
CA-2015-153906,3/16/2015 0:00,3/20/2015 0:00,Standard Class,MS-17980,30
CA-2017-154137,11/11/2017 0:00,11/17/2017 0:00,Standard Class,MT-17815,30
CA-2017-155607,11/26/2017 0:00,11/30/2017 0:00,Standard Class,FG-14260,30
CA-2016-111213,4/1/2016 0:00,4/5/2016 0:00,Standard Class,FP-14320,30
CA-2017-109099,10/6/2017 0:00,10/11/2017 0:00,Standard Class,MM-18280,30
CA-2014-107524,3/2/2014 0:00,3/8/2014 0:00,Standard Class,KN-16705,30
CA-2016-124100,3/31/2016 0:00,4/6/2016 0:00,Standard Class,EH-13990,30
US-2016-155180,1/22/2016 0:00,1/29/2016 0:00,Standard Class,TB-21280,30
CA-2014-110065,8/5/2014 0:00,8/11/2014 0:00,Standard Class,SP-20650,30
CA-2017-102197,12/20/2017 0:00,12/26/2017 0:00,Standard Class,DK-13150,30
US-2017-166037,1/28/2017 0:00,2/1/2017 0:00,Standard Class,CL-12700,30
CA-2015-140557,9/7/2015 0:00,9/11/2015 0:00,Standard Class,TN-21040,30
CA-2017-107132,6/26/2017 0:00,6/30/2017 0:00,Standard Class,SC-20260,30
CA-2015-141740,11/1/2015 0:00,11/5/2015 0:00,Standard Class,JF-15490,30
CA-2017-103443,12/17/2017 0:00,12/23/2017 0:00,Standard Class,AT-10735,30
CA-2017-104906,2/13/2017 0:00,2/17/2017 0:00,Standard Class,JP-15460,30
US-2017-168613,10/8/2017 0:00,10/14/2017 0:00,Standard Class,GM-14440,30
CA-2014-168473,12/26/2014 0:00,1/1/2015 0:00,Standard Class,TB-21520,30
CA-2015-108588,1/5/2015 0:00,1/10/2015 0:00,Standard Class,BG-11695,30
US-2014-111353,11/29/2014 0:00,12/6/2014 0:00,Standard Class,PB-19150,30
US-2016-164945,11/22/2016 0:00,11/27/2016 0:00,Standard Class,CA-12055,30
CA-2014-109855,9/1/2014 0:00,9/5/2014 0:00,Standard Class,LH-16900,30
CA-2016-169670,12/25/2016 0:00,12/31/2016 0:00,Standard Class,JE-15715,30
CA-2017-133620,11/13/2017 0:00,11/18/2017 0:00,Standard Class,EM-14065,30
CA-2016-132899,4/7/2016 0:00,4/11/2016 0:00,Standard Class,SF-20200,30
CA-2014-146815,9/8/2014 0:00,9/13/2014 0:00,Standard Class,PP-18955,30
CA-2016-127761,11/10/2016 0:00,11/14/2016 0:00,Standard Class,SW-20275,30
US-2017-108343,7/20/2017 0:00,7/25/2017 0:00,Standard Class,AR-10825,30
CA-2017-100433,8/11/2017 0:00,8/16/2017 0:00,Standard Class,SJ-20125,30
CA-2016-113607,10/14/2016 0:00,10/18/2016 0:00,Standard Class,PW-19030,30
CA-2016-144785,4/18/2016 0:00,4/23/2016 0:00,Standard Class,CS-12490,30
CA-2016-158155,5/2/2016 0:00,5/6/2016 0:00,Standard Class,EH-13765,30
CA-2016-169824,12/12/2016 0:00,12/17/2016 0:00,Standard Class,NS-18640,30
CA-2015-134894,12/7/2015 0:00,12/11/2015 0:00,Standard Class,DK-12985,1
CA-2015-162537,10/28/2015 0:00,11/3/2015 0:00,Standard Class,RD-19585,1
CA-2016-109806,9/17/2016 0:00,9/22/2016 0:00,Standard Class,JS-15685,2
CA-2015-131534,3/28/2015 0:00,4/2/2015 0:00,Standard Class,AB-10165,2
CA-2015-135272,12/7/2015 0:00,12/12/2015 0:00,Standard Class,MS-17830,2
CA-2014-110184,7/12/2014 0:00,7/16/2014 0:00,Standard Class,BF-11170,2
US-2015-108966,10/11/2015 0:00,10/18/2015 0:00,Standard Class,SO-20335,3
CA-2014-115812,6/9/2014 0:00,6/14/2014 0:00,Standard Class,BH-11710,4
CA-2014-123260,8/26/2014 0:00,8/30/2014 0:00,Standard Class,FM-14290,4
CA-2016-130162,10/28/2016 0:00,11/1/2016 0:00,Standard Class,JH-15910,4
US-2017-129441,9/7/2017 0:00,9/11/2017 0:00,Standard Class,JC-15340,4
CA-2016-130477,4/8/2016 0:00,4/12/2016 0:00,Standard Class,LC-17140,4
CA-2016-145919,12/18/2016 0:00,12/23/2016 0:00,Standard Class,HG-14965,4
CA-2017-114412,4/15/2017 0:00,4/20/2017 0:00,Standard Class,AA-10480,5
CA-2016-161389,12/5/2016 0:00,12/10/2016 0:00,Standard Class,IM-15070,6
CA-2015-110457,3/2/2015 0:00,3/6/2015 0:00,Standard Class,DK-13090,6
CA-2014-127131,11/24/2014 0:00,11/30/2014 0:00,Standard Class,HR-14830,6
US-2015-118983,11/22/2015 0:00,11/26/2015 0:00,Standard Class,HP-14815,7
CA-2014-103849,5/11/2014 0:00,5/16/2014 0:00,Standard Class,PG-18895,7
US-2016-137547,3/7/2016 0:00,3/12/2016 0:00,Standard Class,EB-13705,7
CA-2014-105893,11/11/2014 0:00,11/18/2014 0:00,Standard Class,PK-19075,8
CA-2014-123344,9/24/2014 0:00,9/29/2014 0:00,Standard Class,JD-16060,10
CA-2016-142762,5/23/2016 0:00,5/27/2016 0:00,Standard Class,LD-17005,10
CA-2016-137330,12/9/2016 0:00,12/13/2016 0:00,Standard Class,KB-16585,11
US-2015-150630,9/17/2015 0:00,9/21/2015 0:00,Standard Class,TB-21520,12
CA-2017-132976,10/13/2017 0:00,10/17/2017 0:00,Standard Class,AG-10495,12
CA-2015-122756,12/3/2015 0:00,12/7/2015 0:00,Standard Class,DK-13225,12
CA-2014-117429,10/7/2014 0:00,10/13/2014 0:00,Standard Class,MR-17545,12
CA-2016-149370,9/15/2016 0:00,9/19/2016 0:00,Standard Class,DB-13210,12
CA-2014-140858,6/28/2014 0:00,7/2/2014 0:00,Standard Class,CA-12775,12
CA-2017-114216,9/2/2017 0:00,9/6/2017 0:00,Standard Class,RK-19300,12
CA-2015-106320,9/25/2015 0:00,9/30/2015 0:00,Standard Class,EB-13870,13
CA-2014-104472,6/2/2014 0:00,6/7/2014 0:00,Standard Class,CK-12325,13
CA-2016-101343,7/17/2016 0:00,7/22/2016 0:00,Standard Class,RA-19885,14
CA-2017-163405,12/21/2017 0:00,12/25/2017 0:00,Standard Class,BN-11515,14
CA-2015-130792,4/28/2015 0:00,5/5/2015 0:00,Standard Class,RA-19915,15
US-2015-125374,3/23/2015 0:00,3/29/2015 0:00,Standard Class,JD-16060,15
CA-2015-117415,12/27/2015 0:00,12/31/2015 0:00,Standard Class,SN-20710,17
CA-2015-157812,3/22/2015 0:00,3/26/2015 0:00,Standard Class,DB-13210,17
US-2017-145863,4/21/2017 0:00,4/27/2017 0:00,Standard Class,RP-19390,17
US-2016-110156,11/19/2016 0:00,11/24/2016 0:00,Standard Class,EH-13945,17
CA-2016-130946,4/8/2016 0:00,4/12/2016 0:00,Standard Class,ZC-21910,17
CA-2017-120999,9/10/2017 0:00,9/15/2017 0:00,Standard Class,LC-16930,18
CA-2014-112326,1/4/2014 0:00,1/8/2014 0:00,Standard Class,PO-19195,18
CA-2017-139619,9/19/2017 0:00,9/23/2017 0:00,Standard Class,ES-14080,19
CA-2016-169194,6/20/2016 0:00,6/25/2016 0:00,Standard Class,LH-16900,22
CA-2015-115742,4/18/2015 0:00,4/22/2015 0:00,Standard Class,DP-13000,23
CA-2016-152632,10/27/2016 0:00,11/2/2016 0:00,Standard Class,JE-15475,25
CA-2015-135545,11/24/2015 0:00,11/30/2015 0:00,Standard Class,KM-16720,26
CA-2014-118962,8/5/2014 0:00,8/9/2014 0:00,Standard Class,CS-12130,26
CA-2015-130890,11/2/2015 0:00,11/6/2015 0:00,Standard Class,JO-15280,26
CA-2016-148796,4/14/2016 0:00,4/18/2016 0:00,Standard Class,PB-19150,26
CA-2015-132906,9/10/2015 0:00,9/14/2015 0:00,Standard Class,CC-12145,26
CA-2015-112319,8/31/2015 0:00,9/5/2015 0:00,Standard Class,AR-10510,26
US-2015-164175,4/30/2015 0:00,5/5/2015 0:00,Standard Class,PS-18970,27
CA-2016-158568,8/29/2016 0:00,9/2/2016 0:00,Standard Class,RB-19465,27
CA-2016-125318,6/6/2016 0:00,6/13/2016 0:00,Standard Class,RC-19825,27
CA-2017-118640,7/20/2017 0:00,7/26/2017 0:00,Standard Class,CS-11950,27
US-2014-111171,12/26/2014 0:00,12/31/2014 0:00,Standard Class,CA-12265,27
CA-2014-106376,12/5/2014 0:00,12/10/2014 0:00,Standard Class,BS-11590,28
CA-2014-149020,1/10/2014 0:00,1/15/2014 0:00,Standard Class,AJ-10780,29
CA-2015-129098,10/9/2015 0:00,10/13/2015 0:00,Standard Class,DK-13090,29
CA-2015-115091,10/5/2015 0:00,10/9/2015 0:00,Standard Class,JJ-15760,29
CA-2016-112102,4/12/2016 0:00,4/16/2016 0:00,Standard Class,BD-11605,29
CA-2015-122259,10/31/2015 0:00,11/4/2015 0:00,Standard Class,HP-14815,31
CA-2017-137596,9/2/2017 0:00,9/7/2017 0:00,Standard Class,BE-11335,31
CA-2014-117709,5/4/2014 0:00,5/8/2014 0:00,Standard Class,PM-18940,31
US-2015-134026,4/26/2015 0:00,5/2/2015 0:00,Standard Class,JE-15745,32
CA-2017-130043,9/15/2017 0:00,9/19/2017 0:00,Standard Class,BB-11545,33
CA-2017-101945,11/24/2017 0:00,11/28/2017 0:00,Standard Class,GT-14710,33
CA-2016-148698,5/2/2016 0:00,5/7/2016 0:00,Standard Class,BD-11770,33
CA-2014-139451,10/12/2014 0:00,10/16/2014 0:00,Standard Class,DN-13690,35
CA-2017-106180,9/18/2017 0:00,9/23/2017 0:00,Standard Class,SH-19975,35
CA-2014-129924,7/12/2014 0:00,7/17/2014 0:00,Standard Class,AC-10420,35
CA-2017-169901,6/15/2017 0:00,6/19/2017 0:00,Standard Class,CC-12550,35
CA-2017-133431,12/17/2017 0:00,12/21/2017 0:00,Standard Class,LC-17140,35
CA-2014-133851,6/9/2014 0:00,6/16/2014 0:00,Standard Class,CM-12445,35
CA-2014-104976,12/9/2014 0:00,12/16/2014 0:00,Standard Class,CK-12760,35
CA-2017-110380,9/2/2017 0:00,9/7/2017 0:00,Standard Class,PF-19225,35
CA-2015-149734,9/3/2015 0:00,9/8/2015 0:00,Standard Class,JC-16105,36
US-2014-100853,9/14/2014 0:00,9/19/2014 0:00,Standard Class,JB-15400,37
US-2015-159982,11/28/2015 0:00,12/4/2015 0:00,Standard Class,DR-12880,37
US-2017-152380,11/19/2017 0:00,11/23/2017 0:00,Standard Class,JH-15910,37
US-2016-103646,4/21/2016 0:00,4/26/2016 0:00,Standard Class,SP-20545,37
CA-2015-154921,5/23/2015 0:00,5/28/2015 0:00,Standard Class,EA-14035,38
CA-2017-155558,10/26/2017 0:00,11/2/2017 0:00,Standard Class,PG-18895,39
CA-2017-151428,9/21/2017 0:00,9/26/2017 0:00,Standard Class,RH-19495,39
CA-2016-147067,12/18/2016 0:00,12/22/2016 0:00,Standard Class,JD-16150,40
CA-2017-147039,6/29/2017 0:00,7/4/2017 0:00,Standard Class,AA-10315,40
US-2017-109484,11/6/2017 0:00,11/12/2017 0:00,Standard Class,RB-19705,41
CA-2015-130883,9/26/2015 0:00,10/2/2015 0:00,Standard Class,TB-21520,41
US-2017-100209,7/9/2017 0:00,7/15/2017 0:00,Standard Class,TD-20995,41
CA-2016-149223,9/6/2016 0:00,9/11/2016 0:00,Standard Class,ER-13855,42
US-2015-156867,11/13/2015 0:00,11/17/2015 0:00,Standard Class,LC-16870,43
US-2016-123470,8/15/2016 0:00,8/21/2016 0:00,Standard Class,ME-17725,43
CA-2017-119004,11/23/2017 0:00,11/28/2017 0:00,Standard Class,JM-15250,44
US-2014-156216,9/13/2014 0:00,9/17/2014 0:00,Standard Class,EA-14035,44
CA-2016-130001,4/23/2016 0:00,4/28/2016 0:00,Standard Class,HK-14890,44
CA-2017-114636,8/25/2017 0:00,8/29/2017 0:00,Standard Class,GA-14725,44
CA-2017-160423,1/21/2017 0:00,1/26/2017 0:00,Standard Class,PS-19045,44
CA-2015-129476,10/15/2015 0:00,10/20/2015 0:00,Standard Class,PA-19060,45
CA-2016-128867,11/3/2016 0:00,11/10/2016 0:00,Standard Class,CL-12565,47
CA-2016-137239,8/22/2016 0:00,8/28/2016 0:00,Standard Class,CR-12730,48
CA-2015-114923,2/8/2015 0:00,2/13/2015 0:00,Standard Class,LH-17020,48
US-2016-134488,9/24/2016 0:00,10/1/2016 0:00,Standard Class,PK-19075,48
US-2015-136476,4/5/2015 0:00,4/10/2015 0:00,Standard Class,GG-14650,49
US-2014-134614,9/20/2014 0:00,9/25/2014 0:00,Standard Class,PF-19165,51
US-2015-104430,10/22/2015 0:00,10/26/2015 0:00,Standard Class,LT-17110,51
US-2017-107272,11/5/2017 0:00,11/12/2017 0:00,Standard Class,TS-21610,52
CA-2016-109869,4/22/2016 0:00,4/29/2016 0:00,Standard Class,TN-21040,52
CA-2016-145583,10/13/2016 0:00,10/19/2016 0:00,Standard Class,LC-16885,53
CA-2017-155376,12/22/2017 0:00,12/27/2017 0:00,Standard Class,SG-20080,54
CA-2015-110744,9/7/2015 0:00,9/12/2015 0:00,Standard Class,HA-14920,55
CA-2014-110072,10/22/2014 0:00,10/28/2014 0:00,Standard Class,MG-17680,56
CA-2017-108910,9/24/2017 0:00,9/29/2017 0:00,Standard Class,KC-16540,56
CA-2016-114489,12/5/2016 0:00,12/9/2016 0:00,Standard Class,JE-16165,57
CA-2015-118948,5/28/2015 0:00,6/3/2015 0:00,Standard Class,NK-18490,60
CA-2017-142636,11/3/2017 0:00,11/7/2017 0:00,Standard Class,KC-16675,60
CA-2017-156951,10/1/2017 0:00,10/8/2017 0:00,Standard Class,EB-13840,60
CA-2015-120880,5/29/2015 0:00,6/3/2015 0:00,Standard Class,JL-15850,60
CA-2014-127012,8/11/2014 0:00,8/15/2014 0:00,Standard Class,GM-14680,60
CA-2016-113817,11/7/2016 0:00,11/11/2016 0:00,Standard Class,MJ-17740,61
CA-2015-109638,12/15/2015 0:00,12/22/2015 0:00,Standard Class,JH-15985,61
CA-2016-169166,9/5/2016 0:00,5/14/2016 0:00,Standard Class,SS-20590,61
CA-2017-153787,5/19/2017 0:00,5/23/2017 0:00,Standard Class,AT-10735,61
CA-2017-131954,1/21/2017 0:00,1/25/2017 0:00,Standard Class,DS-13030,61
CA-2016-114104,11/20/2016 0:00,11/24/2016 0:00,Standard Class,NP-18670,62
CA-2017-110478,3/4/2017 0:00,3/9/2017 0:00,Standard Class,SP-20860,63
CA-2016-113243,6/10/2016 0:00,6/15/2016 0:00,Standard Class,OT-18730,63
CA-2016-112942,2/13/2016 0:00,2/18/2016 0:00,Standard Class,RD-19810,63
CA-2014-146969,9/29/2014 0:00,10/3/2014 0:00,Standard Class,AP-10915,63
CA-2017-100013,11/6/2017 0:00,11/11/2017 0:00,Standard Class,ZC-21910,63
US-2014-167738,12/24/2014 0:00,12/29/2014 0:00,Standard Class,JC-16105,63
US-2015-138303,9/3/2015 0:00,9/7/2015 0:00,Standard Class,MG-18145,64
US-2014-105767,5/23/2014 0:00,5/27/2014 0:00,Standard Class,AR-10510,64
CA-2015-167269,6/16/2015 0:00,6/20/2015 0:00,Standard Class,PB-19150,64
US-2016-134908,6/5/2016 0:00,6/9/2016 0:00,Standard Class,JS-15940,64
US-2017-118087,9/9/2017 0:00,9/13/2017 0:00,Standard Class,SP-20620,64
CA-2016-154508,11/16/2016 0:00,11/20/2016 0:00,Standard Class,RD-19900,65
CA-2014-139892,9/8/2014 0:00,9/12/2014 0:00,Standard Class,BM-11140,66
CA-2017-152275,10/1/2017 0:00,10/8/2017 0:00,Standard Class,KH-16630,66
US-2014-141215,6/15/2014 0:00,6/21/2014 0:00,Standard Class,KL-16555,66
US-2016-157945,9/26/2016 0:00,10/1/2016 0:00,Standard Class,NF-18385,68
CA-2016-115504,3/12/2016 0:00,3/17/2016 0:00,Standard Class,MC-18130,69
CA-2016-105018,11/28/2016 0:00,12/2/2016 0:00,Standard Class,SK-19990,70
CA-2016-157000,7/16/2016 0:00,7/22/2016 0:00,Standard Class,AM-10360,71
CA-2015-131457,10/31/2015 0:00,11/6/2015 0:00,Standard Class,MZ-17515,72
CA-2014-140004,3/21/2014 0:00,3/25/2014 0:00,Standard Class,CB-12025,73
CA-2017-107720,11/6/2017 0:00,11/13/2017 0:00,Standard Class,VM-21685,74
US-2017-124303,7/6/2017 0:00,7/13/2017 0:00,Standard Class,FH-14365,75
US-2016-100720,7/16/2016 0:00,7/21/2016 0:00,Standard Class,CK-12205,75
US-2014-158638,9/17/2014 0:00,9/21/2014 0:00,Standard Class,AG-10765,75
CA-2016-140081,6/20/2016 0:00,6/24/2016 0:00,Standard Class,CG-12040,75
US-2017-110576,11/28/2017 0:00,12/2/2017 0:00,Standard Class,RB-19795,75
CA-2017-157651,12/10/2017 0:00,12/14/2017 0:00,Standard Class,HA-14920,75
CA-2015-120439,6/14/2015 0:00,6/18/2015 0:00,Standard Class,AD-10180,75
CA-2017-105074,6/24/2017 0:00,6/29/2017 0:00,Standard Class,MB-17305,76
CA-2017-147277,10/20/2017 0:00,10/24/2017 0:00,Standard Class,EB-13705,76
CA-2017-145233,12/1/2017 0:00,12/5/2017 0:00,Standard Class,DV-13465,77
CA-2014-134313,11/1/2014 0:00,11/7/2014 0:00,Standard Class,RA-19915,77
CA-2016-152814,4/28/2016 0:00,5/2/2016 0:00,Standard Class,EH-14005,77
CA-2016-114727,7/18/2016 0:00,7/24/2016 0:00,Standard Class,LS-16945,77
US-2016-146710,8/27/2016 0:00,9/1/2016 0:00,Standard Class,SS-20875,78
CA-2016-165218,3/5/2016 0:00,3/11/2016 0:00,Standard Class,RW-19630,78
CA-2017-126382,6/3/2017 0:00,6/7/2017 0:00,Standard Class,HK-14890,79
CA-2017-108329,12/9/2017 0:00,12/14/2017 0:00,Standard Class,LE-16810,80
CA-2017-135860,12/1/2017 0:00,12/7/2017 0:00,Standard Class,JH-15985,81
CA-2015-146262,1/2/2015 0:00,1/9/2015 0:00,Standard Class,VW-21775,82
CA-2015-163055,8/9/2015 0:00,8/16/2015 0:00,Standard Class,DS-13180,84
CA-2014-144407,9/9/2014 0:00,9/15/2014 0:00,Standard Class,MS-17365,84
CA-2015-110016,11/29/2015 0:00,12/4/2015 0:00,Standard Class,BT-11395,84
US-2015-145436,2/28/2015 0:00,3/4/2015 0:00,Standard Class,VD-21670,85
US-2017-156083,11/4/2017 0:00,11/11/2017 0:00,Standard Class,JL-15175,85
US-2017-100930,4/7/2017 0:00,4/12/2017 0:00,Standard Class,CS-12400,86
CA-2014-149958,3/15/2014 0:00,3/19/2014 0:00,Standard Class,AS-10240,86
CA-2016-165316,7/23/2016 0:00,7/27/2016 0:00,Standard Class,JB-15400,86
CA-2017-160514,12/11/2017 0:00,11/16/2017 0:00,Standard Class,DB-13120,87
CA-2017-126956,8/21/2017 0:00,8/28/2017 0:00,Standard Class,GT-14710,88
CA-2016-145625,9/11/2016 0:00,9/17/2016 0:00,Standard Class,KC-16540,89
CA-2017-167150,12/10/2017 0:00,12/17/2017 0:00,Standard Class,BP-11185,89
US-2017-155299,6/8/2017 0:00,6/12/2017 0:00,Standard Class,Dl-13600,90
CA-2017-100314,9/29/2017 0:00,10/5/2017 0:00,Standard Class,AS-10630,90
CA-2015-155040,11/10/2015 0:00,11/15/2015 0:00,Standard Class,AH-10210,91
CA-2017-136826,6/16/2017 0:00,6/20/2017 0:00,Standard Class,CB-12535,92
CA-2016-111010,1/22/2016 0:00,1/28/2016 0:00,Standard Class,PG-18895,93
US-2017-145366,12/9/2017 0:00,12/13/2017 0:00,Standard Class,CA-12310,94
CA-2014-165974,6/29/2014 0:00,7/6/2014 0:00,Standard Class,DL-12865,94
CA-2017-167703,2/3/2017 0:00,2/8/2017 0:00,Standard Class,MC-17575,94
CA-2017-117457,12/8/2017 0:00,12/12/2017 0:00,Standard Class,KH-16510,95
CA-2014-132500,9/8/2014 0:00,9/12/2014 0:00,Standard Class,GZ-14470,95
CA-2014-156433,9/20/2014 0:00,9/26/2014 0:00,Standard Class,ES-14020,95
US-2014-102071,5/9/2014 0:00,5/15/2014 0:00,Standard Class,PG-18820,95
CA-2017-152142,11/14/2017 0:00,11/19/2017 0:00,Standard Class,LW-16990,95
CA-2016-142545,10/28/2016 0:00,11/3/2016 0:00,Standard Class,JD-15895,99
CA-2017-101434,6/20/2017 0:00,6/27/2017 0:00,Standard Class,TR-21325,99
CA-2014-130960,12/30/2014 0:00,1/4/2015 0:00,Standard Class,KB-16600,100
CA-2014-111003,6/1/2014 0:00,6/6/2014 0:00,Standard Class,CR-12625,101
CA-2014-128146,6/21/2014 0:00,6/25/2014 0:00,Standard Class,DB-13060,101
CA-2016-157245,5/19/2016 0:00,5/24/2016 0:00,Standard Class,LE-16810,102
CA-2014-120887,9/27/2014 0:00,10/3/2014 0:00,Standard Class,TS-21205,104
CA-2014-163552,7/11/2014 0:00,7/15/2014 0:00,Standard Class,LA-16780,104
CA-2014-167850,8/9/2014 0:00,8/16/2014 0:00,Standard Class,AG-10525,105
CA-2014-106810,5/14/2014 0:00,5/20/2014 0:00,Standard Class,AJ-10795,105
CA-2017-131156,4/3/2017 0:00,4/7/2017 0:00,Standard Class,KH-16360,106
CA-2016-105284,11/24/2016 0:00,12/1/2016 0:00,Standard Class,MG-17650,106
US-2015-150161,7/25/2015 0:00,7/29/2015 0:00,Standard Class,RB-19795,106
CA-2014-156601,9/19/2014 0:00,9/24/2014 0:00,Standard Class,FA-14230,107
CA-2015-142027,4/9/2015 0:00,4/14/2015 0:00,Standard Class,JK-15370,107
CA-2016-162138,4/23/2016 0:00,4/27/2016 0:00,Standard Class,GK-14620,108
US-2015-120712,12/20/2015 0:00,12/24/2015 0:00,Standard Class,CS-12130,111
CA-2017-144113,9/16/2017 0:00,9/20/2017 0:00,Standard Class,JF-15355,111
US-2015-149692,12/6/2015 0:00,12/12/2015 0:00,Standard Class,KW-16435,111
CA-2017-134306,7/8/2017 0:00,7/12/2017 0:00,Standard Class,TD-20995,112
US-2017-126179,7/3/2017 0:00,7/7/2017 0:00,Standard Class,CS-12460,113
CA-2017-104745,5/29/2017 0:00,6/4/2017 0:00,Standard Class,GT-14755,115
US-2014-119137,7/23/2014 0:00,7/27/2014 0:00,Standard Class,AG-10900,116
CA-2017-111178,6/15/2017 0:00,6/22/2017 0:00,Standard Class,TD-20995,117
US-2017-134481,8/27/2017 0:00,9/1/2017 0:00,Standard Class,AR-10405,118
US-2015-168935,11/27/2015 0:00,12/2/2015 0:00,Standard Class,DO-13435,119
CA-2017-102946,6/30/2017 0:00,7/5/2017 0:00,Standard Class,VP-21730,122
CA-2014-155208,4/16/2014 0:00,4/20/2014 0:00,Standard Class,SP-20650,125
CA-2017-122105,6/24/2017 0:00,6/28/2017 0:00,Standard Class,CJ-12010,126
CA-2017-154816,11/6/2017 0:00,11/10/2017 0:00,Standard Class,VB-21745,127
CA-2015-128139,7/3/2015 0:00,7/9/2015 0:00,Standard Class,BD-11725,127
CA-2017-121412,9/23/2017 0:00,9/27/2017 0:00,Standard Class,BG-11695,128
CA-2017-125388,10/19/2017 0:00,10/23/2017 0:00,Standard Class,MP-17965,129
CA-2015-158792,12/26/2015 0:00,1/2/2016 0:00,Standard Class,BD-11605,129
CA-2016-141082,12/9/2016 0:00,12/13/2016 0:00,Standard Class,FM-14380,129
CA-2014-107153,9/28/2014 0:00,10/3/2014 0:00,Standard Class,GZ-14545,129
CA-2016-113747,5/28/2016 0:00,6/4/2016 0:00,Standard Class,VD-21670,130
CA-2017-119305,11/30/2017 0:00,12/4/2017 0:00,Standard Class,SW-20275,130
CA-2017-132934,6/20/2017 0:00,6/26/2017 0:00,Standard Class,JE-15475,132
US-2016-123750,4/15/2016 0:00,4/21/2016 0:00,Standard Class,RB-19795,133
US-2014-150574,12/19/2014 0:00,12/25/2014 0:00,Standard Class,MK-18160,134
CA-2016-140928,9/18/2016 0:00,9/22/2016 0:00,Standard Class,NB-18655,134
CA-2017-117079,10/23/2017 0:00,10/27/2017 0:00,Standard Class,JR-15700,134
CA-2017-126221,12/30/2017 0:00,1/5/2018 0:00,Standard Class,CC-12430,135
CA-2017-167899,5/21/2017 0:00,5/26/2017 0:00,Standard Class,JG-15805,136
CA-2016-100153,12/13/2016 0:00,12/17/2016 0:00,Standard Class,KH-16630,137
US-2014-110674,2/12/2014 0:00,2/18/2014 0:00,Standard Class,SC-20095,138
US-2015-101399,1/17/2015 0:00,1/24/2015 0:00,Standard Class,JS-15940,139
CA-2017-154907,3/31/2017 0:00,4/4/2017 0:00,Standard Class,DS-13180,140
CA-2015-154144,12/20/2015 0:00,12/24/2015 0:00,Standard Class,MH-17785,141
CA-2016-103891,7/12/2016 0:00,7/19/2016 0:00,Standard Class,KH-16690,142
CA-2015-144652,11/20/2015 0:00,11/26/2015 0:00,Standard Class,SN-20560,142
CA-2014-158064,4/21/2014 0:00,4/25/2014 0:00,Standard Class,AA-10375,142
CA-2014-134677,10/6/2014 0:00,10/10/2014 0:00,Standard Class,XP-21865,143
CA-2014-131450,8/8/2014 0:00,8/15/2014 0:00,Standard Class,LR-16915,143
CA-2014-113362,9/14/2014 0:00,9/19/2014 0:00,Standard Class,AJ-10960,145
CA-2014-134061,4/29/2014 0:00,5/4/2014 0:00,Standard Class,LL-16840,145
CA-2015-134782,12/27/2015 0:00,12/31/2015 0:00,Standard Class,MD-17350,146
CA-2015-160059,11/27/2015 0:00,12/1/2015 0:00,Standard Class,TB-21190,146
CA-2016-126158,7/25/2016 0:00,7/31/2016 0:00,Standard Class,SC-20095,147
US-2016-105578,5/30/2016 0:00,6/4/2016 0:00,Standard Class,MY-17380,148
CA-2015-145352,3/16/2015 0:00,3/22/2015 0:00,Standard Class,CM-12385,149
CA-2017-126046,11/3/2017 0:00,11/7/2017 0:00,Standard Class,JC-16105,149
CA-2017-127432,1/22/2017 0:00,1/27/2017 0:00,Standard Class,AD-10180,151
CA-2017-113558,10/21/2017 0:00,10/26/2017 0:00,Standard Class,PH-18790,153
CA-2016-126613,7/10/2016 0:00,7/16/2016 0:00,Standard Class,AA-10375,155
CA-2016-134348,11/12/2016 0:00,11/19/2016 0:00,Standard Class,MS-17710,155
US-2017-106663,6/9/2017 0:00,6/13/2017 0:00,Standard Class,MO-17800,156
CA-2017-133333,9/18/2017 0:00,9/22/2017 0:00,Standard Class,BF-11020,157
US-2015-120161,12/18/2015 0:00,12/23/2015 0:00,Standard Class,LM-17065,158
CA-2016-127250,11/3/2016 0:00,11/7/2016 0:00,Standard Class,SF-20200,160
US-2016-156986,3/20/2016 0:00,3/24/2016 0:00,Standard Class,ZC-21910,161
CA-2014-135405,1/9/2014 0:00,1/13/2014 0:00,Standard Class,MS-17830,162
CA-2016-123666,3/26/2016 0:00,3/30/2016 0:00,Standard Class,SP-20545,165
CA-2016-149797,9/15/2016 0:00,9/20/2016 0:00,Standard Class,AH-10075,165
CA-2015-108665,7/6/2015 0:00,7/10/2015 0:00,Standard Class,KM-16225,165
CA-2015-138009,11/29/2015 0:00,12/3/2015 0:00,Standard Class,SF-20965,166
CA-2016-115917,5/20/2016 0:00,5/25/2016 0:00,Standard Class,RB-19465,168
CA-2017-106103,6/10/2017 0:00,6/15/2017 0:00,Standard Class,SC-20305,170
US-2017-127719,7/21/2017 0:00,7/25/2017 0:00,Standard Class,TW-21025,171
CA-2016-103947,4/1/2016 0:00,4/8/2016 0:00,Standard Class,BB-10990,172
CA-2016-155488,11/13/2016 0:00,11/17/2016 0:00,Standard Class,FM-14290,173
CA-2015-146563,8/24/2015 0:00,8/28/2015 0:00,Standard Class,CB-12025,175
CA-2015-114300,10/13/2015 0:00,10/17/2015 0:00,Standard Class,AF-10885,176
CA-2017-114552,9/2/2017 0:00,9/8/2017 0:00,Standard Class,Dl-13600,178
US-2017-119438,3/18/2017 0:00,3/23/2017 0:00,Standard Class,CD-11980,179
CA-2017-144638,3/10/2017 0:00,3/14/2017 0:00,Standard Class,MH-18115,182
CA-2014-138527,9/12/2014 0:00,9/17/2014 0:00,Standard Class,BN-11470,183
CA-2017-146136,9/3/2017 0:00,9/7/2017 0:00,Standard Class,AP-10915,184
US-2017-100048,5/19/2017 0:00,5/24/2017 0:00,Standard Class,RS-19765,185
CA-2016-142335,12/15/2016 0:00,12/19/2016 0:00,Standard Class,MP-17965,186
CA-2016-114713,7/7/2016 0:00,7/12/2016 0:00,Standard Class,SC-20695,187
CA-2017-115364,6/26/2017 0:00,7/2/2017 0:00,Standard Class,OT-18730,189
CA-2015-143490,12/6/2015 0:00,12/13/2015 0:00,Standard Class,NP-18325,189
CA-2015-101707,8/27/2015 0:00,9/1/2015 0:00,Standard Class,PF-19165,189
CA-2017-126074,10/2/2017 0:00,10/6/2017 0:00,Standard Class,RF-19735,191
CA-2014-106803,12/29/2014 0:00,1/2/2015 0:00,Standard Class,DC-13285,192
CA-2017-104220,1/30/2017 0:00,2/5/2017 0:00,Standard Class,BV-11245,194
CA-2015-154620,12/12/2015 0:00,12/16/2015 0:00,Standard Class,LT-17110,195
CA-2015-115938,6/26/2015 0:00,6/30/2015 0:00,Standard Class,SA-20830,196
CA-2015-101910,11/27/2015 0:00,12/3/2015 0:00,Standard Class,CD-11920,198
CA-2015-154956,7/4/2015 0:00,7/9/2015 0:00,Standard Class,IM-15070,202
CA-2017-107503,1/1/2017 0:00,1/6/2017 0:00,Standard Class,GA-14725,204
CA-2017-127705,6/2/2017 0:00,6/6/2017 0:00,Standard Class,AB-10255,204
CA-2014-107755,2/7/2014 0:00,2/12/2014 0:00,Standard Class,CK-12760,205
CA-2017-161984,4/10/2017 0:00,4/15/2017 0:00,Standard Class,SJ-20125,207
CA-2014-136742,4/6/2014 0:00,4/10/2014 0:00,Standard Class,GP-14740,208
CA-2016-116736,1/17/2016 0:00,1/21/2016 0:00,Standard Class,CC-12430,209
CA-2016-161207,8/29/2016 0:00,9/3/2016 0:00,Standard Class,AB-10060,209
CA-2017-150707,10/14/2017 0:00,10/19/2017 0:00,Standard Class,EL-13735,210
CA-2015-133627,5/31/2015 0:00,6/7/2015 0:00,Standard Class,SC-20050,212
CA-2014-138296,12/5/2014 0:00,12/12/2014 0:00,Standard Class,RC-19825,213
CA-2015-161263,4/16/2015 0:00,4/21/2015 0:00,Standard Class,TS-21160,214
CA-2015-148250,12/13/2015 0:00,12/17/2015 0:00,Standard Class,RP-19270,216
CA-2016-112340,10/21/2016 0:00,10/27/2016 0:00,Standard Class,NM-18520,216
CA-2016-142958,12/13/2016 0:00,12/20/2016 0:00,Standard Class,RW-19630,217
CA-2017-136539,12/28/2017 0:00,1/1/2018 0:00,Standard Class,GH-14665,218
CA-2014-117639,5/21/2014 0:00,5/25/2014 0:00,Standard Class,MW-18235,221
CA-2015-126445,8/27/2015 0:00,8/31/2015 0:00,Standard Class,RA-19945,222
CA-2015-111199,11/13/2015 0:00,11/17/2015 0:00,Standard Class,JK-15730,223
US-2017-106705,12/26/2017 0:00,1/1/2018 0:00,Standard Class,PO-18850,224
CA-2015-124450,4/27/2015 0:00,5/3/2015 0:00,Standard Class,GT-14710,226
CA-2016-113061,4/22/2016 0:00,4/26/2016 0:00,Standard Class,EL-13735,227
CA-2016-127670,3/20/2016 0:00,3/24/2016 0:00,Standard Class,RD-19660,228
CA-2017-152702,10/12/2017 0:00,10/16/2017 0:00,Standard Class,SN-20710,229
CA-2016-169103,3/8/2016 0:00,3/13/2016 0:00,Standard Class,ZC-21910,230
US-2016-143819,3/1/2016 0:00,3/5/2016 0:00,Standard Class,KD-16270,232
CA-2017-158407,6/4/2017 0:00,6/10/2017 0:00,Standard Class,LW-16990,234
CA-2015-165085,12/27/2015 0:00,12/31/2015 0:00,Standard Class,BT-11485,235
CA-2015-142755,9/4/2015 0:00,9/8/2015 0:00,Standard Class,CS-12355,237
US-2014-147627,1/20/2014 0:00,1/26/2014 0:00,Standard Class,HL-15040,238
CA-2015-105970,3/2/2015 0:00,3/7/2015 0:00,Standard Class,PA-19060,239
CA-2015-113971,5/8/2015 0:00,5/14/2015 0:00,Standard Class,CB-12535,244
CA-2017-160395,12/31/2016 0:00,1/6/2017 0:00,Standard Class,KL-16555,245
US-2014-100279,3/10/2014 0:00,3/14/2014 0:00,Standard Class,SW-20275,248
CA-2016-113621,12/1/2016 0:00,12/5/2016 0:00,Standard Class,JE-15745,249
CA-2017-133641,5/14/2017 0:00,5/21/2017 0:00,Standard Class,EJ-14155,253
US-2016-144393,10/28/2016 0:00,11/4/2016 0:00,Standard Class,SM-20950,255
CA-2017-100426,6/4/2017 0:00,6/8/2017 0:00,Standard Class,DC-12850,257
CA-2016-119445,6/26/2016 0:00,7/3/2016 0:00,Standard Class,GM-14500,260
CA-2015-138898,5/25/2015 0:00,5/29/2015 0:00,Standard Class,JH-16180,261
CA-2017-115427,12/30/2017 0:00,1/3/2018 0:00,Standard Class,EB-13975,262
CA-2014-160773,7/1/2014 0:00,7/5/2014 0:00,Standard Class,LW-16825,263
CA-2017-121804,3/3/2017 0:00,3/8/2017 0:00,Standard Class,LP-17095,264
CA-2014-122567,2/16/2014 0:00,2/21/2014 0:00,Standard Class,MN-17935,78
CA-2014-121664,5/6/2014 0:00,5/10/2014 0:00,Standard Class,HP-14815,14
CA-2016-122133,5/16/2016 0:00,5/23/2016 0:00,Standard Class,JR-15670,265
US-2017-123281,4/2/2017 0:00,4/7/2017 0:00,Standard Class,JF-15190,142
CA-2015-131758,5/28/2015 0:00,6/1/2015 0:00,Standard Class,KB-16315,266
CA-2014-118339,3/17/2014 0:00,3/24/2014 0:00,Standard Class,BN-11515,88
CA-2017-162978,5/4/2017 0:00,5/9/2017 0:00,Standard Class,LW-16990,10
CA-2017-125199,10/19/2017 0:00,10/25/2017 0:00,Standard Class,HM-14860,75
US-2015-103471,12/24/2015 0:00,12/28/2015 0:00,Standard Class,JR-15670,98
CA-2017-136672,3/7/2017 0:00,3/12/2017 0:00,Standard Class,MG-17890,235
CA-2015-120362,9/14/2015 0:00,9/19/2015 0:00,Standard Class,CA-12265,268
US-2016-100566,9/3/2016 0:00,9/9/2016 0:00,Standard Class,JK-16120,174
US-2017-117247,10/9/2017 0:00,10/14/2017 0:00,Standard Class,CK-12760,174
CA-2016-159212,11/1/2016 0:00,11/5/2016 0:00,Standard Class,KM-16375,271
US-2016-161396,4/19/2016 0:00,4/25/2016 0:00,Standard Class,GM-14455,48
US-2016-122245,9/25/2016 0:00,9/30/2016 0:00,Standard Class,AB-10105,52
CA-2017-105144,11/4/2017 0:00,11/11/2017 0:00,Standard Class,SZ-20035,71
CA-2015-124800,9/26/2015 0:00,9/30/2015 0:00,Standard Class,RW-19540,155
CA-2017-122700,11/26/2017 0:00,11/30/2017 0:00,Standard Class,LT-17110,48
US-2016-153129,12/26/2016 0:00,12/30/2016 0:00,Standard Class,FP-14320,60
CA-2017-106852,6/20/2017 0:00,6/27/2017 0:00,Standard Class,ST-20530,272
CA-2015-166135,10/1/2015 0:00,10/6/2015 0:00,Standard Class,SC-20440,43
CA-2016-133725,5/23/2016 0:00,5/28/2016 0:00,Standard Class,KL-16645,37
CA-2015-145821,5/1/2015 0:00,5/7/2015 0:00,Standard Class,JB-15400,142
CA-2017-148474,6/12/2017 0:00,6/19/2017 0:00,Standard Class,ME-17320,113
CA-2015-111297,8/17/2015 0:00,8/21/2015 0:00,Standard Class,SC-20440,274
CA-2016-123722,9/25/2016 0:00,10/1/2016 0:00,Standard Class,NH-18610,275
CA-2015-119907,12/1/2015 0:00,12/8/2015 0:00,Standard Class,LC-17140,6
US-2016-128902,3/11/2016 0:00,3/15/2016 0:00,Standard Class,MB-18085,276
CA-2014-151708,8/8/2014 0:00,8/14/2014 0:00,Standard Class,MB-17305,277
CA-2017-139199,12/9/2017 0:00,12/13/2017 0:00,Standard Class,DK-12835,152
CA-2017-164959,7/11/2017 0:00,7/15/2017 0:00,Standard Class,KN-16390,26
CA-2016-113138,11/19/2016 0:00,11/25/2016 0:00,Standard Class,NP-18685,278
CA-2016-121958,11/13/2016 0:00,11/17/2016 0:00,Standard Class,CS-12505,279
US-2016-108455,12/2/2016 0:00,12/8/2016 0:00,Standard Class,MK-18160,35
US-2016-108098,10/14/2016 0:00,10/18/2016 0:00,Standard Class,CP-12340,61
CA-2015-140410,11/3/2015 0:00,11/7/2015 0:00,Standard Class,CM-12655,142
CA-2014-136280,11/29/2014 0:00,12/6/2014 0:00,Standard Class,Co-12640,106
CA-2017-139661,10/30/2017 0:00,11/3/2017 0:00,Standard Class,JW-15220,173
CA-2017-152485,9/4/2017 0:00,9/8/2017 0:00,Standard Class,JD-15790,282
CA-2017-130386,12/11/2017 0:00,11/18/2017 0:00,Standard Class,NG-18430,111
CA-2016-100468,11/24/2016 0:00,12/1/2016 0:00,Standard Class,AT-10435,63
CA-2015-153388,8/1/2015 0:00,8/7/2015 0:00,Standard Class,PC-19000,26
CA-2016-134208,9/17/2016 0:00,9/23/2016 0:00,Standard Class,CS-12505,113
CA-2017-100384,6/24/2017 0:00,7/1/2017 0:00,Standard Class,NH-18610,283
CA-2017-112809,8/18/2017 0:00,8/22/2017 0:00,Standard Class,RA-19915,78
US-2017-160759,12/11/2017 0:00,12/17/2017 0:00,Standard Class,AI-10855,75
CA-2017-109946,4/16/2017 0:00,4/21/2017 0:00,Standard Class,PL-18925,27
CA-2015-144806,12/6/2015 0:00,12/11/2015 0:00,Standard Class,GH-14425,116
CA-2016-122392,7/22/2016 0:00,7/27/2016 0:00,Standard Class,CJ-12010,285
CA-2015-103793,3/26/2015 0:00,3/31/2015 0:00,Standard Class,BV-11245,230
CA-2017-159884,8/31/2017 0:00,9/5/2017 0:00,Standard Class,JF-15490,287
CA-2017-124086,2/10/2017 0:00,2/14/2017 0:00,Standard Class,MP-18175,288
CA-2016-112389,10/29/2016 0:00,11/2/2016 0:00,Standard Class,JM-15655,289
CA-2014-107181,2/4/2014 0:00,2/8/2014 0:00,Standard Class,DB-13270,143
CA-2015-111395,11/23/2015 0:00,11/27/2015 0:00,Standard Class,VB-21745,66
CA-2016-159345,6/17/2016 0:00,6/22/2016 0:00,Standard Class,IG-15085,143
CA-2017-158386,10/16/2017 0:00,10/21/2017 0:00,Standard Class,BO-11425,127
CA-2015-111507,2/6/2015 0:00,2/13/2015 0:00,Standard Class,VW-21775,293
CA-2017-120761,9/4/2017 0:00,9/8/2017 0:00,Standard Class,AB-10150,256
CA-2016-109176,9/5/2016 0:00,5/15/2016 0:00,Standard Class,JW-16075,12
CA-2016-126809,4/9/2016 0:00,4/13/2016 0:00,Standard Class,EB-13750,6
CA-2014-105172,4/4/2014 0:00,4/9/2014 0:00,Standard Class,PK-18910,10
CA-2015-132101,3/19/2015 0:00,3/25/2015 0:00,Standard Class,JO-15550,60
CA-2017-165029,11/26/2017 0:00,11/30/2017 0:00,Standard Class,AH-10075,149
CA-2016-109057,4/22/2016 0:00,4/27/2016 0:00,Standard Class,TT-21460,174
CA-2016-154403,5/23/2016 0:00,5/27/2016 0:00,Standard Class,AP-10720,257
CA-2016-109911,5/12/2016 0:00,5/16/2016 0:00,Standard Class,VG-21805,221
US-2016-132423,4/15/2016 0:00,4/19/2016 0:00,Standard Class,MY-18295,296
CA-2017-149181,5/8/2017 0:00,5/12/2017 0:00,Standard Class,MD-17350,48
US-2016-132857,12/11/2016 0:00,12/17/2016 0:00,Standard Class,CA-12775,298
CA-2017-116645,11/30/2017 0:00,12/4/2017 0:00,Standard Class,ME-17725,286
CA-2014-156349,5/26/2014 0:00,5/30/2014 0:00,Standard Class,ML-17395,142
CA-2017-138380,12/21/2017 0:00,12/25/2017 0:00,Standard Class,YS-21880,233
US-2016-113509,3/15/2016 0:00,3/19/2016 0:00,Standard Class,PL-18925,106
CA-2015-130022,8/10/2015 0:00,8/16/2015 0:00,Standard Class,JK-16120,20
CA-2017-108560,7/8/2017 0:00,7/15/2017 0:00,Standard Class,JC-15385,299
CA-2015-157084,12/19/2015 0:00,12/24/2015 0:00,Standard Class,JG-15160,14
CA-2015-164539,11/16/2015 0:00,11/22/2015 0:00,Standard Class,PO-19180,165
CA-2015-143119,9/24/2015 0:00,9/30/2015 0:00,Standard Class,MC-17275,300
CA-2014-168984,11/26/2014 0:00,12/2/2014 0:00,Standard Class,NW-18400,301
CA-2016-157266,5/26/2016 0:00,6/1/2016 0:00,Standard Class,TB-21280,226
US-2014-134712,11/29/2014 0:00,12/4/2014 0:00,Standard Class,BS-11380,302
CA-2017-161809,1/20/2017 0:00,1/26/2017 0:00,Standard Class,TH-21100,63
CA-2017-127285,10/30/2017 0:00,11/6/2017 0:00,Standard Class,MM-18055,61
CA-2017-144526,4/30/2017 0:00,5/6/2017 0:00,Standard Class,QJ-19255,106
US-2015-157154,1/10/2015 0:00,1/15/2015 0:00,Standard Class,MM-17920,165
CA-2017-159457,10/19/2017 0:00,10/26/2017 0:00,Standard Class,RD-19480,15
CA-2017-111647,7/3/2017 0:00,7/7/2017 0:00,Standard Class,RD-19585,303
CA-2015-143077,9/17/2015 0:00,9/21/2015 0:00,Standard Class,SF-20965,17
CA-2016-122728,5/18/2016 0:00,5/24/2016 0:00,Standard Class,EB-13930,95
CA-2014-122882,9/7/2014 0:00,9/13/2014 0:00,Standard Class,SB-20290,64
CA-2016-147585,11/7/2016 0:00,11/12/2016 0:00,Standard Class,CB-12535,95
CA-2014-142839,8/16/2014 0:00,8/20/2014 0:00,Standard Class,TS-21610,106
CA-2017-129833,12/9/2017 0:00,12/15/2017 0:00,Standard Class,HF-14995,305
US-2016-154361,3/14/2016 0:00,3/19/2016 0:00,Standard Class,HZ-14950,48
CA-2015-148376,12/27/2015 0:00,12/31/2015 0:00,Standard Class,AG-10900,142
CA-2014-139857,2/2/2014 0:00,2/6/2014 0:00,Standard Class,CD-12790,89
CA-2015-100545,11/22/2015 0:00,11/26/2015 0:00,Standard Class,IM-15070,75
CA-2017-123491,10/30/2017 0:00,11/5/2017 0:00,Standard Class,JK-15205,35
CA-2015-145401,1/30/2015 0:00,2/4/2015 0:00,Standard Class,JP-15520,33
CA-2017-104003,10/7/2017 0:00,10/13/2017 0:00,Standard Class,DC-13285,95
CA-2016-154788,4/30/2016 0:00,5/4/2016 0:00,Standard Class,JL-15835,165
CA-2016-169943,5/19/2016 0:00,5/24/2016 0:00,Standard Class,BN-11515,165
US-2015-123218,12/20/2015 0:00,12/25/2015 0:00,Standard Class,KD-16345,37
CA-2014-125136,9/28/2014 0:00,10/3/2014 0:00,Standard Class,KD-16495,307
US-2016-131149,7/10/2016 0:00,7/14/2016 0:00,Standard Class,LH-17155,177
CA-2015-130204,9/3/2015 0:00,9/9/2015 0:00,Standard Class,DB-13120,35
CA-2014-110527,8/9/2014 0:00,8/16/2014 0:00,Standard Class,ED-13885,89
CA-2017-152807,10/30/2017 0:00,11/3/2017 0:00,Standard Class,MC-18100,12
US-2014-157406,4/25/2014 0:00,4/29/2014 0:00,Standard Class,DA-13450,15
CA-2015-139094,11/22/2015 0:00,11/27/2015 0:00,Standard Class,MO-17800,66
CA-2014-139017,5/11/2014 0:00,5/17/2014 0:00,Standard Class,RM-19375,15
CA-2014-141817,1/5/2014 0:00,1/12/2014 0:00,Standard Class,MB-18085,106
CA-2015-130785,9/5/2015 0:00,9/9/2015 0:00,Standard Class,AG-10900,189
CA-2016-110254,8/4/2016 0:00,8/8/2016 0:00,Standard Class,ML-17755,304
US-2014-158057,3/22/2014 0:00,3/26/2014 0:00,Standard Class,CC-12685,308
CA-2017-146024,3/2/2017 0:00,3/8/2017 0:00,Standard Class,SC-20770,177
CA-2014-118976,4/28/2014 0:00,5/3/2014 0:00,Standard Class,MY-18295,309
CA-2015-105347,11/24/2015 0:00,11/28/2015 0:00,Standard Class,DP-13000,26
CA-2016-124667,11/11/2016 0:00,11/16/2016 0:00,Standard Class,BD-11770,165
CA-2015-111094,7/9/2015 0:00,7/13/2015 0:00,Standard Class,CB-12535,118
CA-2017-166317,9/22/2017 0:00,9/26/2017 0:00,Standard Class,JE-15610,202
CA-2015-154326,2/15/2015 0:00,2/19/2015 0:00,Standard Class,RP-19855,310
CA-2014-102008,9/30/2014 0:00,10/4/2014 0:00,Standard Class,RA-19915,165
CA-2014-104773,12/8/2014 0:00,12/13/2014 0:00,Standard Class,TB-21175,17
CA-2016-140774,9/5/2016 0:00,9/10/2016 0:00,Standard Class,BE-11455,311
CA-2016-100965,7/7/2016 0:00,7/11/2016 0:00,Standard Class,RM-19375,59
CA-2016-149461,11/13/2016 0:00,11/19/2016 0:00,Standard Class,AS-10135,312
CA-2016-165484,10/23/2016 0:00,10/29/2016 0:00,Standard Class,HK-14890,27
US-2017-161193,11/20/2017 0:00,11/26/2017 0:00,Standard Class,BT-11680,56
CA-2015-131597,9/14/2015 0:00,9/18/2015 0:00,Standard Class,SP-20620,63
US-2014-130379,5/25/2014 0:00,5/29/2014 0:00,Standard Class,JL-15235,37
CA-2016-168956,2/16/2016 0:00,2/20/2016 0:00,Standard Class,EA-14035,37
CA-2016-167507,12/22/2016 0:00,12/28/2016 0:00,Standard Class,SA-20830,314
CA-2014-103373,5/18/2014 0:00,5/24/2014 0:00,Standard Class,BS-11755,178
CA-2015-131422,11/5/2015 0:00,11/9/2015 0:00,Standard Class,GB-14530,234
CA-2017-162691,8/1/2017 0:00,8/7/2017 0:00,Standard Class,AS-10045,111
CA-2014-117345,8/1/2014 0:00,8/5/2014 0:00,Standard Class,BF-10975,44
CA-2016-157763,7/18/2016 0:00,7/23/2016 0:00,Standard Class,KH-16330,318
US-2017-113852,7/29/2017 0:00,8/2/2017 0:00,Standard Class,GW-14605,61
CA-2014-114643,6/13/2014 0:00,6/17/2014 0:00,Standard Class,FM-14215,4
US-2016-100839,10/13/2016 0:00,10/17/2016 0:00,Standard Class,NC-18625,43
CA-2015-127110,6/25/2015 0:00,7/1/2015 0:00,Standard Class,CH-12070,106
CA-2014-116932,7/21/2014 0:00,7/25/2014 0:00,Standard Class,ME-18010,35
CA-2017-142888,11/21/2017 0:00,11/25/2017 0:00,Standard Class,BP-11230,322
CA-2014-147914,6/4/2014 0:00,6/9/2014 0:00,Standard Class,MP-17470,48
US-2016-112977,3/10/2016 0:00,3/16/2016 0:00,Standard Class,CJ-12010,256
CA-2017-112039,3/25/2017 0:00,3/29/2017 0:00,Standard Class,JC-15775,66
CA-2017-118885,12/29/2017 0:00,1/2/2018 0:00,Standard Class,JG-15160,14
US-2017-166611,3/28/2017 0:00,4/2/2017 0:00,Standard Class,CK-12760,134
CA-2016-118570,11/13/2016 0:00,11/17/2016 0:00,Standard Class,CC-12430,106
CA-2014-157623,3/14/2014 0:00,3/18/2014 0:00,Standard Class,DK-13225,126
CA-2016-100083,11/24/2016 0:00,11/29/2016 0:00,Standard Class,CD-11980,326
CA-2015-109197,12/31/2015 0:00,1/4/2016 0:00,Standard Class,JO-15280,328
US-2016-150567,5/17/2016 0:00,5/21/2016 0:00,Standard Class,RP-19855,332
CA-2017-105886,12/18/2017 0:00,12/23/2017 0:00,Standard Class,DB-13660,188
CA-2016-105963,11/15/2016 0:00,11/22/2016 0:00,Standard Class,SC-20770,142
CA-2017-124597,4/30/2017 0:00,5/5/2017 0:00,Standard Class,AS-10630,252
CA-2015-105634,11/8/2015 0:00,11/14/2015 0:00,Standard Class,HA-14905,118
CA-2015-125178,10/3/2015 0:00,10/9/2015 0:00,Standard Class,MZ-17515,333
CA-2017-102834,3/9/2017 0:00,3/13/2017 0:00,Standard Class,LW-16990,95
US-2016-139710,6/9/2016 0:00,6/15/2016 0:00,Standard Class,GM-14680,63
CA-2017-101245,11/27/2017 0:00,12/3/2017 0:00,Standard Class,LW-16990,10
CA-2016-112109,7/8/2016 0:00,7/12/2016 0:00,Standard Class,JE-15715,334
CA-2016-108581,6/20/2016 0:00,6/26/2016 0:00,Standard Class,EA-14035,297
CA-2017-165841,12/21/2017 0:00,12/28/2017 0:00,Standard Class,DB-13210,336
CA-2017-117485,9/23/2017 0:00,9/29/2017 0:00,Standard Class,BD-11320,313
CA-2017-140242,5/6/2017 0:00,5/11/2017 0:00,Standard Class,ML-17755,37
CA-2014-148950,12/14/2014 0:00,12/19/2014 0:00,Standard Class,JD-16015,27
CA-2015-109939,5/8/2015 0:00,5/12/2015 0:00,Standard Class,AA-10375,161
CA-2014-122749,12/3/2014 0:00,12/9/2014 0:00,Standard Class,NG-18430,337
CA-2015-127509,11/9/2015 0:00,11/13/2015 0:00,Standard Class,AS-10090,335
CA-2017-111374,2/24/2017 0:00,2/28/2017 0:00,Standard Class,CB-12415,64
CA-2017-133648,6/25/2017 0:00,7/2/2017 0:00,Standard Class,ML-17755,331
CA-2017-166128,4/11/2017 0:00,4/18/2017 0:00,Standard Class,LW-17215,55
US-2017-143028,4/11/2017 0:00,4/18/2017 0:00,Standard Class,SC-20050,339
CA-2014-111150,12/31/2014 0:00,1/4/2015 0:00,Standard Class,RW-19630,340
CA-2014-116407,11/15/2014 0:00,11/21/2014 0:00,Standard Class,JF-15190,341
CA-2016-145905,9/18/2016 0:00,9/23/2016 0:00,Standard Class,AM-10705,342
CA-2015-113110,3/19/2015 0:00,3/23/2015 0:00,Standard Class,BK-11260,343
CA-2015-117961,11/26/2015 0:00,11/30/2015 0:00,Standard Class,GP-14740,344
CA-2016-128923,12/9/2016 0:00,12/13/2016 0:00,Standard Class,GB-14530,7
CA-2017-162481,9/25/2017 0:00,9/29/2017 0:00,Standard Class,CT-11995,39
CA-2015-119214,1/23/2015 0:00,1/27/2015 0:00,Standard Class,CW-11905,345
CA-2015-122287,6/18/2015 0:00,6/23/2015 0:00,Standard Class,SN-20560,346
CA-2015-104493,10/2/2015 0:00,10/8/2015 0:00,Standard Class,EB-13705,189
US-2017-158946,11/18/2017 0:00,11/23/2017 0:00,Standard Class,JW-15220,347
CA-2014-129168,8/17/2014 0:00,8/23/2014 0:00,Standard Class,KB-16585,15
CA-2016-131835,7/17/2016 0:00,7/21/2016 0:00,Standard Class,MC-17590,348
CA-2016-136434,12/1/2016 0:00,12/7/2016 0:00,Standard Class,RD-19480,239
CA-2014-106439,10/31/2014 0:00,11/4/2014 0:00,Standard Class,GG-14650,14
CA-2015-133452,4/13/2015 0:00,4/19/2015 0:00,Standard Class,ZC-21910,283
US-2017-110996,11/20/2017 0:00,11/25/2017 0:00,Standard Class,KA-16525,349
CA-2016-129693,11/26/2016 0:00,12/2/2016 0:00,Standard Class,TC-20980,60
CA-2014-131051,12/1/2014 0:00,12/5/2014 0:00,Standard Class,TR-21325,35
CA-2015-120103,12/24/2015 0:00,12/29/2015 0:00,Standard Class,MS-17365,52
CA-2017-104647,2/23/2017 0:00,3/1/2017 0:00,Standard Class,CK-12595,142
CA-2014-110352,11/23/2014 0:00,11/29/2014 0:00,Standard Class,ED-13885,67
CA-2015-139290,10/26/2015 0:00,10/30/2015 0:00,Standard Class,MY-17380,350
CA-2017-166142,7/15/2017 0:00,7/19/2017 0:00,Standard Class,MM-17260,50
CA-2014-145926,11/17/2014 0:00,11/21/2014 0:00,Standard Class,MP-17470,351
US-2015-164357,11/25/2015 0:00,11/29/2015 0:00,Standard Class,SF-20065,125
US-2016-146570,5/15/2016 0:00,5/20/2016 0:00,Standard Class,SN-20710,130
CA-2017-124401,9/7/2017 0:00,9/12/2017 0:00,Standard Class,RD-19900,41
US-2014-140116,3/10/2014 0:00,3/17/2014 0:00,Standard Class,KT-16480,77
US-2014-167633,9/30/2014 0:00,10/5/2014 0:00,Standard Class,BW-11200,252
CA-2016-130267,9/19/2016 0:00,9/23/2016 0:00,Standard Class,SW-20245,353
US-2017-168690,1/7/2017 0:00,1/13/2017 0:00,Standard Class,TS-21085,354
CA-2017-144862,12/1/2017 0:00,12/5/2017 0:00,Standard Class,EH-14005,106
CA-2014-126032,6/23/2014 0:00,6/28/2014 0:00,Standard Class,BS-11665,106
CA-2015-134859,10/4/2015 0:00,10/9/2015 0:00,Standard Class,JK-16120,64
CA-2015-156524,11/20/2015 0:00,11/26/2015 0:00,Standard Class,DL-12865,165
CA-2015-122210,11/30/2015 0:00,12/4/2015 0:00,Standard Class,WB-21850,64
CA-2015-156377,12/31/2015 0:00,1/5/2016 0:00,Standard Class,TB-21625,71
CA-2014-159520,6/6/2014 0:00,6/11/2014 0:00,Standard Class,GT-14635,256
CA-2016-155481,9/1/2016 0:00,9/5/2016 0:00,Standard Class,DK-13225,12
US-2016-152051,6/25/2016 0:00,6/29/2016 0:00,Standard Class,TS-21160,357
CA-2014-141607,12/12/2014 0:00,12/17/2014 0:00,Standard Class,WB-21850,138
US-2017-139969,11/19/2017 0:00,11/26/2017 0:00,Standard Class,AF-10870,358
CA-2015-123505,11/22/2015 0:00,11/26/2015 0:00,Standard Class,AR-10540,360
US-2016-120460,4/30/2016 0:00,5/5/2016 0:00,Standard Class,BF-11170,177
CA-2017-148166,10/21/2017 0:00,10/26/2017 0:00,Standard Class,NK-18490,263
CA-2016-159737,9/3/2016 0:00,9/9/2016 0:00,Standard Class,CS-11950,27
CA-2016-101938,1/7/2016 0:00,1/12/2016 0:00,Standard Class,DW-13480,233
CA-2017-166296,3/13/2017 0:00,3/19/2017 0:00,Standard Class,KF-16285,361
CA-2016-154018,10/13/2016 0:00,10/19/2016 0:00,Standard Class,HA-14920,162
US-2017-137491,11/19/2017 0:00,11/25/2017 0:00,Standard Class,LC-16930,363
CA-2016-112025,7/30/2016 0:00,8/4/2016 0:00,Standard Class,LS-16975,33
CA-2016-125738,10/15/2016 0:00,10/21/2016 0:00,Standard Class,PB-18805,364
CA-2017-143063,8/10/2017 0:00,8/15/2017 0:00,Standard Class,IL-15100,135
CA-2016-118913,6/25/2016 0:00,6/29/2016 0:00,Standard Class,AS-10240,14
CA-2016-128412,12/10/2016 0:00,12/17/2016 0:00,Standard Class,AP-10915,60
CA-2016-136483,12/1/2016 0:00,12/6/2016 0:00,Standard Class,AG-10390,366
CA-2014-163013,11/28/2014 0:00,12/4/2014 0:00,Standard Class,BF-11080,154
CA-2015-135363,3/28/2015 0:00,4/2/2015 0:00,Standard Class,CK-12205,75
US-2014-165659,6/1/2014 0:00,6/6/2014 0:00,Standard Class,LT-17110,367
CA-2015-138002,9/6/2015 0:00,9/12/2015 0:00,Standard Class,BT-11305,6
CA-2015-128860,6/29/2015 0:00,7/5/2015 0:00,Standard Class,SC-20725,208
US-2014-103905,7/14/2014 0:00,7/20/2014 0:00,Standard Class,AW-10930,174
CA-2014-151953,9/20/2014 0:00,9/25/2014 0:00,Standard Class,DB-13555,134
CA-2017-130841,7/28/2017 0:00,8/1/2017 0:00,Standard Class,MH-17620,95
CA-2017-121909,7/31/2017 0:00,8/5/2017 0:00,Standard Class,EA-14035,64
CA-2017-130771,7/29/2017 0:00,8/3/2017 0:00,Standard Class,LA-16780,111
CA-2014-128055,3/31/2014 0:00,4/5/2014 0:00,Standard Class,AA-10315,35
CA-2017-157091,6/26/2017 0:00,7/1/2017 0:00,Standard Class,DB-13405,242
CA-2017-132122,7/9/2017 0:00,7/14/2017 0:00,Standard Class,JH-15820,27
CA-2017-104066,12/5/2017 0:00,12/10/2017 0:00,Standard Class,QJ-19255,371
CA-2016-122322,7/15/2016 0:00,7/21/2016 0:00,Standard Class,RH-19510,268
CA-2017-166849,4/20/2017 0:00,4/26/2017 0:00,Standard Class,SJ-20125,27
US-2016-126893,11/26/2016 0:00,12/1/2016 0:00,Standard Class,CT-11995,64
CA-2017-103380,11/21/2017 0:00,11/25/2017 0:00,Standard Class,BF-11005,55
CA-2016-164091,9/17/2016 0:00,9/22/2016 0:00,Standard Class,LA-16780,372
CA-2017-105480,12/20/2017 0:00,12/26/2017 0:00,Standard Class,DK-13225,145
CA-2017-164917,12/2/2017 0:00,12/7/2017 0:00,Standard Class,MK-17905,124
CA-2015-102036,9/21/2015 0:00,9/27/2015 0:00,Standard Class,CS-12130,60
CA-2015-142944,3/6/2015 0:00,3/11/2015 0:00,Standard Class,JL-15850,35
CA-2014-104283,6/27/2014 0:00,7/1/2014 0:00,Standard Class,LM-17065,373
CA-2015-153108,3/5/2015 0:00,3/9/2015 0:00,Standard Class,SF-20200,374
CA-2017-165687,11/17/2017 0:00,11/23/2017 0:00,Standard Class,CS-12355,271
CA-2015-149342,4/20/2015 0:00,4/25/2015 0:00,Standard Class,TS-21160,113
CA-2017-127929,12/23/2017 0:00,12/27/2017 0:00,Standard Class,FM-14215,265
CA-2015-113145,11/1/2015 0:00,11/5/2015 0:00,Standard Class,VD-21670,165
CA-2014-162362,11/14/2014 0:00,11/18/2014 0:00,Standard Class,JL-15505,375
CA-2016-106558,1/17/2016 0:00,1/21/2016 0:00,Standard Class,DL-13495,113
CA-2017-122035,7/20/2017 0:00,7/25/2017 0:00,Standard Class,EM-13825,376
CA-2017-165491,3/20/2017 0:00,3/24/2017 0:00,Standard Class,HW-14935,61
US-2015-147739,12/25/2015 0:00,12/29/2015 0:00,Standard Class,JD-16150,12
CA-2017-169285,3/21/2017 0:00,3/25/2017 0:00,Standard Class,RW-19690,378
CA-2014-140886,9/30/2014 0:00,10/4/2014 0:00,Standard Class,KW-16570,379
CA-2014-121727,8/19/2014 0:00,8/24/2014 0:00,Standard Class,JK-15625,48
CA-2016-137736,11/10/2016 0:00,11/15/2016 0:00,Standard Class,DC-13285,167
CA-2016-119025,2/22/2016 0:00,2/28/2016 0:00,Standard Class,PV-18985,202
CA-2016-159373,3/13/2016 0:00,3/18/2016 0:00,Standard Class,LT-17110,66
CA-2017-136497,4/16/2017 0:00,4/20/2017 0:00,Standard Class,RF-19840,48
US-2016-108637,3/13/2016 0:00,3/18/2016 0:00,Standard Class,AB-10060,181
US-2016-129469,9/23/2016 0:00,9/27/2016 0:00,Standard Class,KL-16555,324
CA-2017-119669,1/24/2017 0:00,1/30/2017 0:00,Standard Class,TP-21130,270
CA-2015-148628,12/6/2015 0:00,12/11/2015 0:00,Standard Class,KM-16375,381
CA-2016-118052,5/6/2016 0:00,5/10/2016 0:00,Standard Class,BE-11455,204
CA-2016-128111,3/17/2016 0:00,3/23/2016 0:00,Standard Class,CS-12355,382
CA-2017-147361,9/9/2017 0:00,9/15/2017 0:00,Standard Class,SB-20290,330
US-2016-110170,9/27/2016 0:00,10/3/2016 0:00,Standard Class,HM-14860,144
CA-2017-108574,10/7/2017 0:00,10/11/2017 0:00,Standard Class,MG-18145,63
CA-2017-144589,1/20/2017 0:00,1/25/2017 0:00,Standard Class,TM-21010,35
CA-2014-162684,8/1/2014 0:00,8/6/2014 0:00,Standard Class,AS-10630,75
CA-2014-151295,11/12/2014 0:00,11/16/2014 0:00,Standard Class,JA-15970,63
CA-2016-156300,12/29/2016 0:00,1/2/2017 0:00,Standard Class,TB-21595,202
CA-2015-146087,7/6/2015 0:00,7/11/2015 0:00,Standard Class,PP-18955,383
CA-2017-168655,10/12/2017 0:00,10/18/2017 0:00,Standard Class,ML-18040,384
CA-2016-107202,5/21/2016 0:00,5/28/2016 0:00,Standard Class,LC-16930,385
CA-2017-159597,11/9/2017 0:00,11/14/2017 0:00,Standard Class,MC-17590,386
CA-2016-155551,4/18/2016 0:00,4/23/2016 0:00,Standard Class,CR-12580,387
US-2017-147669,12/25/2017 0:00,12/30/2017 0:00,Standard Class,SV-20935,324
CA-2016-169922,6/11/2016 0:00,6/17/2016 0:00,Standard Class,MZ-17515,175
CA-2017-100748,5/13/2017 0:00,5/20/2017 0:00,Standard Class,RB-19795,95
CA-2017-129805,12/28/2017 0:00,1/2/2018 0:00,Standard Class,HM-14860,6
US-2017-112613,5/28/2017 0:00,6/1/2017 0:00,Standard Class,JH-15910,33
CA-2017-140053,7/3/2017 0:00,7/10/2017 0:00,Standard Class,CA-12265,215
CA-2017-139948,7/17/2017 0:00,7/22/2017 0:00,Standard Class,SW-20455,86
CA-2016-146934,5/22/2016 0:00,5/27/2016 0:00,Standard Class,AF-10870,388
CA-2015-100573,9/25/2015 0:00,10/1/2015 0:00,Standard Class,AM-10705,26
CA-2016-119165,10/31/2016 0:00,11/6/2016 0:00,Standard Class,BD-11320,106
CA-2016-140207,11/5/2016 0:00,11/10/2016 0:00,Standard Class,CS-12400,59
CA-2017-138548,8/15/2017 0:00,8/21/2017 0:00,Standard Class,JG-15160,171
CA-2017-128755,5/4/2017 0:00,5/8/2017 0:00,Standard Class,MK-18160,390
US-2016-135923,1/22/2016 0:00,1/28/2016 0:00,Standard Class,CM-11935,307
CA-2014-145212,9/13/2014 0:00,9/19/2014 0:00,Standard Class,DC-12850,165
CA-2017-141992,6/19/2017 0:00,6/25/2017 0:00,Standard Class,FO-14305,78
CA-2017-147956,12/24/2017 0:00,12/31/2017 0:00,Standard Class,AH-10210,60
CA-2017-126067,8/28/2017 0:00,9/3/2017 0:00,Standard Class,KN-16705,60
CA-2014-144624,11/19/2014 0:00,11/23/2014 0:00,Standard Class,JM-15865,391
CA-2014-136644,6/16/2014 0:00,6/22/2014 0:00,Standard Class,SC-20575,392
CA-2015-122371,9/26/2015 0:00,10/1/2015 0:00,Standard Class,BS-11800,89
CA-2016-126935,5/19/2016 0:00,5/24/2016 0:00,Standard Class,BT-11395,10
CA-2016-149482,11/14/2016 0:00,11/19/2016 0:00,Standard Class,RR-19315,95
CA-2017-163902,3/2/2017 0:00,3/8/2017 0:00,Standard Class,MY-17380,63
CA-2016-136812,11/18/2016 0:00,11/23/2016 0:00,Standard Class,AW-10930,337
CA-2017-155089,12/2/2017 0:00,12/6/2017 0:00,Standard Class,DB-12910,86
CA-2016-124506,11/11/2016 0:00,11/17/2016 0:00,Standard Class,BB-11545,37
CA-2014-106572,9/5/2014 0:00,9/10/2014 0:00,Standard Class,NP-18700,393
CA-2014-128888,11/15/2014 0:00,11/22/2014 0:00,Standard Class,PB-19105,15
CA-2017-123134,5/2/2017 0:00,5/7/2017 0:00,Standard Class,DW-13585,74
CA-2016-124352,10/15/2016 0:00,10/21/2016 0:00,Standard Class,CD-12790,337
CA-2015-124541,4/6/2015 0:00,4/10/2015 0:00,Standard Class,TT-21220,17
CA-2014-108707,10/24/2014 0:00,10/29/2014 0:00,Standard Class,DB-12910,3
CA-2014-111500,8/17/2014 0:00,8/21/2014 0:00,Standard Class,DJ-13510,367
CA-2016-144792,4/30/2016 0:00,5/4/2016 0:00,Standard Class,KD-16615,58
US-2016-114174,9/8/2016 0:00,9/14/2016 0:00,Standard Class,AP-10720,382
CA-2017-108070,4/16/2017 0:00,4/20/2017 0:00,Standard Class,JE-15745,59
US-2015-128090,8/16/2015 0:00,8/22/2015 0:00,Standard Class,JM-15865,52
CA-2017-101042,11/19/2017 0:00,11/23/2017 0:00,Standard Class,AB-10105,1
CA-2016-155439,9/14/2016 0:00,9/18/2016 0:00,Standard Class,PN-18775,38
CA-2016-118626,8/15/2016 0:00,8/20/2016 0:00,Standard Class,JC-15775,395
US-2016-126844,10/8/2016 0:00,10/14/2016 0:00,Standard Class,BW-11110,33
US-2015-112508,3/24/2015 0:00,3/30/2015 0:00,Standard Class,BP-11185,250
CA-2015-147788,5/31/2015 0:00,6/4/2015 0:00,Standard Class,TM-21010,13
CA-2015-144288,12/25/2015 0:00,12/31/2015 0:00,Standard Class,MB-17305,396
CA-2017-148929,9/7/2017 0:00,9/11/2017 0:00,Standard Class,SP-20620,165
CA-2017-109778,7/16/2017 0:00,7/21/2017 0:00,Standard Class,VM-21685,398
CA-2017-145128,7/9/2017 0:00,7/14/2017 0:00,Standard Class,SM-20320,378
CA-2014-129091,11/22/2014 0:00,11/27/2014 0:00,Standard Class,RA-19885,113
US-2014-155502,1/26/2014 0:00,1/31/2014 0:00,Standard Class,SD-20485,213
CA-2015-121041,11/3/2015 0:00,11/10/2015 0:00,Standard Class,CS-12250,399
CA-2016-137729,5/5/2016 0:00,5/9/2016 0:00,Standard Class,BF-11005,26
US-2016-115455,9/8/2016 0:00,9/14/2016 0:00,Standard Class,SE-20110,400
CA-2017-149048,5/13/2017 0:00,5/17/2017 0:00,Standard Class,BM-11650,135
CA-2014-112718,12/16/2014 0:00,12/21/2014 0:00,Standard Class,KN-16450,134
CA-2016-154053,3/4/2016 0:00,3/10/2016 0:00,Standard Class,MG-17890,143
CA-2014-127446,11/25/2014 0:00,11/30/2014 0:00,Standard Class,MC-17590,175
CA-2016-137204,4/28/2016 0:00,5/5/2016 0:00,Standard Class,BO-11350,63
CA-2014-147298,4/26/2014 0:00,5/3/2014 0:00,Standard Class,AG-10300,14
CA-2017-147942,4/1/2017 0:00,4/5/2017 0:00,Standard Class,MS-17365,95
CA-2017-115931,12/22/2017 0:00,12/26/2017 0:00,Standard Class,JM-15655,65
CA-2015-168186,9/10/2015 0:00,9/15/2015 0:00,Standard Class,AB-10150,313
US-2017-110604,5/15/2017 0:00,5/20/2017 0:00,Standard Class,JF-15295,6
CA-2015-162369,8/15/2015 0:00,8/19/2015 0:00,Standard Class,TT-21265,63
CA-2015-169740,2/20/2015 0:00,2/25/2015 0:00,Standard Class,LM-17065,402
US-2016-146794,9/26/2016 0:00,10/1/2016 0:00,Standard Class,SH-19975,108
CA-2016-150343,8/16/2016 0:00,8/20/2016 0:00,Standard Class,PK-19075,95
CA-2015-135538,12/24/2015 0:00,12/28/2015 0:00,Standard Class,HR-14830,28
US-2015-139759,8/25/2015 0:00,8/30/2015 0:00,Standard Class,NL-18310,63
CA-2017-132185,11/27/2017 0:00,12/2/2017 0:00,Standard Class,DB-13615,197
CA-2017-127026,1/21/2017 0:00,1/27/2017 0:00,Standard Class,MH-18115,31
CA-2017-137085,6/29/2017 0:00,7/6/2017 0:00,Standard Class,CT-11995,26
CA-2016-133123,9/6/2016 0:00,9/11/2016 0:00,Standard Class,KB-16315,279
CA-2017-156412,12/4/2017 0:00,12/8/2017 0:00,Standard Class,CM-12160,64
US-2016-144211,8/28/2016 0:00,9/2/2016 0:00,Standard Class,CS-12130,403
CA-2016-138079,1/22/2016 0:00,1/28/2016 0:00,Standard Class,AJ-10795,61
CA-2014-143182,10/15/2014 0:00,10/20/2014 0:00,Standard Class,DL-12865,187
CA-2014-145317,3/18/2014 0:00,3/23/2014 0:00,Standard Class,SM-20320,134
CA-2014-143413,5/24/2014 0:00,5/30/2014 0:00,Standard Class,RP-19390,309
CA-2017-155873,6/16/2017 0:00,6/21/2017 0:00,Standard Class,AB-10255,65
CA-2015-121797,1/30/2015 0:00,2/6/2015 0:00,Standard Class,CC-12145,14
US-2015-120572,12/11/2015 0:00,12/15/2015 0:00,Standard Class,GH-14425,134
CA-2014-110100,4/25/2014 0:00,4/29/2014 0:00,Standard Class,LC-16885,125
CA-2015-103723,12/1/2015 0:00,12/6/2015 0:00,Standard Class,BT-11305,60
CA-2017-128475,8/26/2017 0:00,9/1/2017 0:00,Standard Class,SC-20680,113
CA-2017-144827,12/21/2017 0:00,12/27/2017 0:00,Standard Class,SE-20110,147
CA-2014-153479,10/4/2014 0:00,10/8/2014 0:00,Standard Class,DF-13135,168
CA-2017-149888,11/7/2017 0:00,11/13/2017 0:00,Standard Class,EP-13915,75
CA-2017-104801,2/13/2017 0:00,2/19/2017 0:00,Standard Class,FH-14350,60
CA-2014-107594,7/2/2014 0:00,7/6/2014 0:00,Standard Class,EH-13945,171
CA-2015-115798,11/13/2015 0:00,11/19/2015 0:00,Standard Class,KL-16645,286
CA-2014-149244,11/4/2014 0:00,11/8/2014 0:00,Standard Class,MS-17530,89
CA-2014-155887,5/12/2014 0:00,5/17/2014 0:00,Standard Class,KT-16480,118
US-2015-165449,11/22/2015 0:00,11/26/2015 0:00,Standard Class,AP-10720,407
CA-2015-110247,12/4/2015 0:00,12/8/2015 0:00,Standard Class,RH-19555,395
US-2014-141257,6/8/2014 0:00,6/14/2014 0:00,Standard Class,CS-11950,61
CA-2014-158029,5/26/2014 0:00,5/30/2014 0:00,Standard Class,HF-14995,142
CA-2015-155306,4/17/2015 0:00,4/21/2015 0:00,Standard Class,GA-14515,35
CA-2016-146171,3/11/2016 0:00,3/15/2016 0:00,Standard Class,JP-16135,113
CA-2017-165757,6/22/2017 0:00,6/28/2017 0:00,Standard Class,PL-18925,12
US-2015-122140,4/2/2015 0:00,4/7/2015 0:00,Standard Class,MO-17950,78
CA-2016-163986,9/3/2016 0:00,9/10/2016 0:00,Standard Class,JJ-15445,410
CA-2016-131576,11/22/2016 0:00,11/26/2016 0:00,Standard Class,RD-19585,186
CA-2017-143455,11/11/2017 0:00,11/18/2017 0:00,Standard Class,ML-17755,158
CA-2016-144729,10/21/2016 0:00,10/25/2016 0:00,Standard Class,JE-15745,89
CA-2015-127019,12/21/2015 0:00,12/25/2015 0:00,Standard Class,ER-13855,98
CA-2017-108322,4/30/2017 0:00,5/5/2017 0:00,Standard Class,SS-20140,412
CA-2017-146724,11/20/2017 0:00,11/27/2017 0:00,Standard Class,HG-15025,88
CA-2016-139878,11/11/2016 0:00,11/16/2016 0:00,Standard Class,LD-17005,152
US-2016-106677,11/5/2016 0:00,11/10/2016 0:00,Standard Class,AS-10285,64
CA-2016-116974,10/9/2016 0:00,10/15/2016 0:00,Standard Class,MP-17965,413
US-2014-117744,12/2/2014 0:00,12/6/2014 0:00,Standard Class,MD-17860,414
CA-2014-154599,4/12/2014 0:00,4/17/2014 0:00,Standard Class,KN-16450,415
CA-2017-158743,10/20/2017 0:00,10/27/2017 0:00,Standard Class,IG-15085,367
CA-2017-143329,11/3/2017 0:00,11/8/2017 0:00,Standard Class,DL-13330,405
CA-2015-159380,5/12/2015 0:00,5/16/2015 0:00,Standard Class,CS-12505,35
CA-2015-122623,9/7/2015 0:00,9/11/2015 0:00,Standard Class,CC-12145,295
CA-2015-104626,9/1/2015 0:00,9/8/2015 0:00,Standard Class,DR-12940,118
CA-2017-100202,12/31/2016 0:00,1/5/2017 0:00,Standard Class,BD-11620,159
US-2014-112914,9/25/2014 0:00,9/30/2014 0:00,Standard Class,MT-18070,17
CA-2014-148915,11/1/2014 0:00,11/5/2014 0:00,Standard Class,ND-18370,41
CA-2017-110842,11/11/2017 0:00,11/16/2017 0:00,Standard Class,GA-14725,2
US-2014-125521,3/14/2014 0:00,3/19/2014 0:00,Standard Class,CK-12325,338
CA-2017-135650,3/23/2017 0:00,3/27/2017 0:00,Standard Class,AC-10660,144
CA-2017-112865,5/18/2017 0:00,5/22/2017 0:00,Standard Class,BH-11710,12
US-2016-162852,12/27/2016 0:00,12/31/2016 0:00,Standard Class,BG-11695,398
CA-2017-152093,9/10/2017 0:00,9/15/2017 0:00,Standard Class,SN-20560,156
CA-2017-157854,4/8/2017 0:00,4/15/2017 0:00,Standard Class,DM-13345,237
CA-2016-123617,11/28/2016 0:00,12/3/2016 0:00,Standard Class,AJ-10780,184
CA-2017-107342,12/17/2017 0:00,12/22/2017 0:00,Standard Class,VF-21715,135
CA-2017-169810,7/25/2017 0:00,7/31/2017 0:00,Standard Class,RB-19360,376
CA-2017-138975,5/19/2017 0:00,5/23/2017 0:00,Standard Class,SC-20380,149
CA-2017-106537,8/12/2017 0:00,8/17/2017 0:00,Standard Class,RH-19495,416
CA-2017-143861,6/12/2017 0:00,6/19/2017 0:00,Standard Class,LC-16885,105
CA-2014-148040,3/22/2014 0:00,3/26/2014 0:00,Standard Class,BF-11275,116
CA-2017-135167,6/15/2017 0:00,6/20/2017 0:00,Standard Class,SC-20800,2
CA-2017-137022,11/16/2017 0:00,11/22/2017 0:00,Standard Class,SW-20275,189
CA-2016-152072,1/15/2016 0:00,1/19/2016 0:00,Standard Class,Dp-13240,74
CA-2014-165540,2/21/2014 0:00,2/25/2014 0:00,Standard Class,TM-21010,398
CA-2016-164483,1/30/2016 0:00,2/3/2016 0:00,Standard Class,JF-15490,35
US-2016-159856,10/18/2016 0:00,10/22/2016 0:00,Standard Class,EP-13915,287
CA-2017-164049,11/2/2017 0:00,11/6/2017 0:00,Standard Class,KH-16630,60
CA-2017-139913,10/23/2017 0:00,10/29/2017 0:00,Standard Class,JC-16105,145
CA-2014-169033,3/30/2014 0:00,4/3/2014 0:00,Standard Class,KM-16720,256
US-2016-164630,1/4/2016 0:00,1/9/2016 0:00,Standard Class,EB-13975,44
US-2015-114839,4/26/2015 0:00,4/30/2015 0:00,Standard Class,PW-19240,67
CA-2017-124898,9/11/2017 0:00,9/15/2017 0:00,Standard Class,DB-12910,113
CA-2016-164035,6/12/2016 0:00,6/17/2016 0:00,Standard Class,CR-12730,27
CA-2016-153577,6/27/2016 0:00,7/1/2016 0:00,Standard Class,KH-16330,419
CA-2014-127586,9/26/2014 0:00,9/30/2014 0:00,Standard Class,CS-12400,61
CA-2017-121615,11/3/2017 0:00,11/9/2017 0:00,Standard Class,DL-12925,20
CA-2017-166415,2/19/2017 0:00,2/23/2017 0:00,Standard Class,ME-17725,6
CA-2015-118444,11/5/2015 0:00,11/9/2015 0:00,Standard Class,VD-21670,250
CA-2014-113929,6/16/2014 0:00,6/21/2014 0:00,Standard Class,CK-12205,420
CA-2014-156993,6/28/2014 0:00,7/4/2014 0:00,Standard Class,RW-19630,152
CA-2017-158106,6/4/2017 0:00,6/10/2017 0:00,Standard Class,CT-11995,422
US-2017-120390,10/19/2017 0:00,10/26/2017 0:00,Standard Class,TH-21550,180
CA-2017-143434,11/18/2017 0:00,11/24/2017 0:00,Standard Class,ME-17320,81
US-2016-169040,12/6/2016 0:00,12/12/2016 0:00,Standard Class,GT-14710,60
CA-2017-155880,3/25/2017 0:00,3/31/2017 0:00,Standard Class,JD-16150,202
CA-2017-126242,11/19/2017 0:00,11/24/2017 0:00,Standard Class,MC-18100,14
CA-2017-169859,12/14/2017 0:00,12/18/2017 0:00,Standard Class,MP-18175,143
CA-2017-123638,6/27/2017 0:00,7/4/2017 0:00,Standard Class,MA-17995,291
CA-2017-168900,5/4/2017 0:00,5/9/2017 0:00,Standard Class,SH-20395,158
CA-2015-158456,12/24/2015 0:00,12/29/2015 0:00,Standard Class,KT-16465,4
CA-2017-143665,4/26/2017 0:00,5/1/2017 0:00,Standard Class,PO-19180,61
CA-2014-162866,12/27/2014 0:00,12/31/2014 0:00,Standard Class,Co-12640,302
CA-2017-111808,12/16/2017 0:00,12/20/2017 0:00,Standard Class,AR-10510,313
CA-2015-137512,5/7/2015 0:00,5/12/2015 0:00,Standard Class,AG-10675,294
CA-2015-139850,6/12/2015 0:00,6/17/2015 0:00,Standard Class,GB-14575,64
CA-2014-131310,7/12/2014 0:00,7/18/2014 0:00,Standard Class,CL-12565,61
CA-2016-139269,5/25/2016 0:00,5/30/2016 0:00,Standard Class,JB-16045,113
CA-2017-147291,3/11/2017 0:00,3/17/2017 0:00,Standard Class,MJ-17740,84
US-2014-150532,7/14/2014 0:00,7/21/2014 0:00,Standard Class,PB-19150,52
CA-2014-138317,6/21/2014 0:00,6/25/2014 0:00,Standard Class,NW-18400,75
CA-2015-130610,7/5/2015 0:00,7/10/2015 0:00,Standard Class,VP-21730,424
CA-2017-104381,12/16/2017 0:00,12/23/2017 0:00,Standard Class,RD-19810,145
CA-2014-148761,5/17/2014 0:00,5/21/2014 0:00,Standard Class,PA-19060,425
CA-2014-130729,10/24/2014 0:00,10/29/2014 0:00,Standard Class,AA-10375,350
CA-2016-115525,7/25/2016 0:00,7/29/2016 0:00,Standard Class,RR-19525,214
CA-2017-134845,4/17/2017 0:00,4/23/2017 0:00,Standard Class,SR-20425,128
US-2016-160528,8/23/2016 0:00,8/30/2016 0:00,Standard Class,MH-18115,426
CA-2015-123568,11/8/2015 0:00,11/14/2015 0:00,Standard Class,SC-20095,9
CA-2017-124674,11/17/2017 0:00,11/23/2017 0:00,Standard Class,JB-16000,231
CA-2015-164441,11/8/2015 0:00,11/13/2015 0:00,Standard Class,AC-10450,165
CA-2017-169054,4/22/2017 0:00,4/26/2017 0:00,Standard Class,MO-17800,12
CA-2017-116855,12/17/2017 0:00,12/21/2017 0:00,Standard Class,AI-10855,338
US-2016-164189,3/24/2016 0:00,3/28/2016 0:00,Standard Class,DR-12880,428
CA-2015-168480,9/21/2015 0:00,9/27/2015 0:00,Standard Class,DM-12955,368
US-2016-114293,11/21/2016 0:00,11/26/2016 0:00,Standard Class,JH-16180,428
CA-2017-134173,9/16/2017 0:00,9/21/2017 0:00,Standard Class,AB-10060,106
US-2015-123960,6/11/2015 0:00,6/16/2015 0:00,Standard Class,BD-11605,69
CA-2017-101749,10/3/2017 0:00,10/8/2017 0:00,Standard Class,AS-10045,55
US-2016-147991,5/5/2016 0:00,5/9/2016 0:00,Standard Class,ZD-21925,429
CA-2014-137351,9/30/2014 0:00,10/4/2014 0:00,Standard Class,DB-13615,60
US-2017-148054,10/6/2017 0:00,10/11/2017 0:00,Standard Class,NZ-18565,430
US-2015-100377,8/28/2015 0:00,9/1/2015 0:00,Standard Class,TS-21370,37
CA-2016-144554,11/7/2016 0:00,11/12/2016 0:00,Standard Class,DM-13345,56
CA-2017-127621,3/3/2017 0:00,3/7/2017 0:00,Standard Class,RE-19450,177
CA-2014-119375,11/17/2014 0:00,11/22/2014 0:00,Standard Class,YC-21895,286
CA-2015-126137,10/3/2015 0:00,10/8/2015 0:00,Standard Class,BS-11755,4
CA-2014-143903,7/20/2014 0:00,7/24/2014 0:00,Standard Class,KM-16375,163
CA-2014-104780,5/21/2014 0:00,5/25/2014 0:00,Standard Class,BT-11530,89
US-2017-132297,5/27/2017 0:00,6/2/2017 0:00,Standard Class,DW-13480,176
CA-2017-118773,2/9/2017 0:00,2/14/2017 0:00,Standard Class,TP-21415,33
CA-2016-112123,3/3/2016 0:00,3/8/2016 0:00,Standard Class,BH-11710,286
CA-2017-135692,4/27/2017 0:00,5/1/2017 0:00,Standard Class,CV-12805,7
CA-2016-124562,12/8/2016 0:00,12/12/2016 0:00,Standard Class,JP-16135,48
CA-2016-103037,7/25/2016 0:00,7/29/2016 0:00,Standard Class,KH-16630,33
CA-2017-127460,7/10/2017 0:00,7/14/2017 0:00,Standard Class,FG-14260,174
CA-2016-121671,7/17/2016 0:00,7/22/2016 0:00,Standard Class,AA-10480,335
CA-2016-150350,8/23/2016 0:00,8/30/2016 0:00,Standard Class,MS-17770,60
CA-2017-149895,9/8/2017 0:00,9/12/2017 0:00,Standard Class,EB-14110,64
CA-2017-147564,10/2/2017 0:00,10/6/2017 0:00,Standard Class,BP-11155,165
CA-2017-164168,12/11/2017 0:00,11/18/2017 0:00,Standard Class,LS-16975,177
US-2016-148110,9/5/2016 0:00,9/11/2016 0:00,Standard Class,AR-10825,111
US-2014-109036,12/20/2014 0:00,12/25/2014 0:00,Standard Class,KH-16510,6
CA-2017-150497,7/20/2017 0:00,7/24/2017 0:00,Standard Class,SM-20950,433
CA-2014-153969,9/21/2014 0:00,9/25/2014 0:00,Standard Class,HF-14995,10
CA-2016-138695,5/28/2016 0:00,6/3/2016 0:00,Standard Class,KC-16675,395
US-2016-133879,3/21/2016 0:00,3/28/2016 0:00,Standard Class,KT-16465,37
CA-2017-157483,11/11/2017 0:00,11/18/2017 0:00,Standard Class,EP-13915,84
US-2017-132059,9/23/2017 0:00,9/29/2017 0:00,Standard Class,AP-10915,377
CA-2017-105235,12/5/2017 0:00,12/11/2017 0:00,Standard Class,SM-20950,165
CA-2017-159352,3/12/2017 0:00,3/17/2017 0:00,Standard Class,KB-16585,112
US-2015-163783,12/27/2015 0:00,1/1/2016 0:00,Standard Class,DR-12940,27
CA-2017-158953,6/4/2017 0:00,6/8/2017 0:00,Standard Class,ML-18040,435
CA-2016-169026,8/8/2016 0:00,8/13/2016 0:00,Standard Class,CM-12655,130
CA-2014-131527,12/1/2014 0:00,12/7/2014 0:00,Standard Class,TB-21280,223
CA-2017-164000,12/18/2017 0:00,12/22/2017 0:00,Standard Class,AH-10030,64
CA-2014-158372,11/10/2014 0:00,11/16/2014 0:00,Standard Class,RD-19900,89
CA-2016-108882,1/9/2016 0:00,1/15/2016 0:00,Standard Class,LA-16780,254
US-2017-108245,9/22/2017 0:00,9/27/2017 0:00,Standard Class,SH-19975,436
CA-2014-142314,12/23/2014 0:00,12/28/2014 0:00,Standard Class,SF-20200,239
CA-2016-132409,5/26/2016 0:00,6/1/2016 0:00,Standard Class,TH-21235,64
CA-2014-114433,5/13/2014 0:00,5/17/2014 0:00,Standard Class,NP-18325,233
US-2015-137008,10/2/2015 0:00,10/8/2015 0:00,Standard Class,JP-15460,101
US-2017-156356,4/16/2017 0:00,4/22/2017 0:00,Standard Class,ND-18370,15
US-2016-127971,11/20/2016 0:00,11/27/2016 0:00,Standard Class,DW-13195,15
CA-2017-113355,12/1/2017 0:00,12/5/2017 0:00,Standard Class,SJ-20215,71
CA-2016-159730,9/17/2016 0:00,9/21/2016 0:00,Standard Class,SJ-20125,6
CA-2016-157868,12/23/2016 0:00,12/29/2016 0:00,Standard Class,MC-17590,438
CA-2016-155474,7/8/2016 0:00,7/14/2016 0:00,Standard Class,CC-12220,60
CA-2015-155453,8/9/2015 0:00,8/14/2015 0:00,Standard Class,RA-19885,134
US-2016-162103,11/13/2016 0:00,11/17/2016 0:00,Standard Class,LB-16795,419
US-2014-126571,10/11/2014 0:00,10/15/2014 0:00,Standard Class,JF-15565,75
CA-2014-143840,5/22/2014 0:00,5/29/2014 0:00,Standard Class,EH-14185,34
CA-2014-115980,7/15/2014 0:00,7/19/2014 0:00,Standard Class,VW-21775,376
CA-2015-146038,2/9/2015 0:00,2/16/2015 0:00,Standard Class,SJ-20215,14
CA-2017-133865,5/8/2017 0:00,5/12/2017 0:00,Standard Class,PS-19045,4
CA-2017-116358,11/2/2017 0:00,11/6/2017 0:00,Standard Class,KM-16225,440
US-2014-117170,9/17/2014 0:00,9/24/2014 0:00,Standard Class,KT-16465,315
CA-2014-103702,9/12/2014 0:00,9/17/2014 0:00,Standard Class,AF-10885,324
CA-2017-150525,2/20/2017 0:00,2/25/2017 0:00,Standard Class,JP-16135,316
CA-2016-167290,10/30/2016 0:00,11/4/2016 0:00,Standard Class,JF-15295,424
CA-2014-106264,12/26/2014 0:00,12/30/2014 0:00,Standard Class,CK-12595,143
US-2015-110569,5/23/2015 0:00,5/30/2015 0:00,Standard Class,EB-13870,52
US-2014-159926,11/18/2014 0:00,11/22/2014 0:00,Standard Class,CS-11950,12
US-2014-133130,9/27/2014 0:00,10/1/2014 0:00,Standard Class,TH-21100,89
CA-2017-169978,12/24/2017 0:00,12/28/2017 0:00,Standard Class,HG-15025,188
CA-2015-165057,9/11/2015 0:00,9/15/2015 0:00,Standard Class,SC-20725,72
CA-2014-134551,12/20/2014 0:00,12/25/2014 0:00,Standard Class,TS-21505,85
CA-2014-165309,11/11/2014 0:00,11/15/2014 0:00,Standard Class,KD-16270,15
CA-2017-122595,12/14/2017 0:00,12/20/2017 0:00,Standard Class,GM-14455,156
CA-2015-112014,8/13/2015 0:00,8/20/2015 0:00,Standard Class,ON-18715,442
US-2016-157308,8/17/2016 0:00,8/21/2016 0:00,Standard Class,NM-18520,60
US-2014-134733,9/23/2014 0:00,9/28/2014 0:00,Standard Class,BM-11650,89
US-2014-150434,7/19/2014 0:00,7/24/2014 0:00,Standard Class,CA-12310,320
CA-2017-100335,9/7/2017 0:00,9/13/2017 0:00,Standard Class,NF-18595,27
CA-2016-139234,5/6/2016 0:00,5/10/2016 0:00,Standard Class,AF-10870,27
CA-2015-139962,12/13/2015 0:00,12/20/2015 0:00,Standard Class,Dp-13240,443
CA-2014-165379,7/9/2014 0:00,7/15/2014 0:00,Standard Class,BM-11650,163
CA-2015-115511,11/21/2015 0:00,11/25/2015 0:00,Standard Class,NW-18400,122
CA-2017-123778,9/23/2017 0:00,9/30/2017 0:00,Standard Class,BS-11755,35
CA-2015-161718,12/4/2015 0:00,12/10/2015 0:00,Standard Class,SO-20335,420
CA-2017-142867,3/17/2017 0:00,3/21/2017 0:00,Standard Class,PO-19180,15
CA-2017-148404,10/7/2017 0:00,10/11/2017 0:00,Standard Class,Dp-13240,44
CA-2014-166471,8/9/2014 0:00,8/13/2014 0:00,Standard Class,MG-17650,6
US-2017-148362,7/1/2017 0:00,7/8/2017 0:00,Standard Class,KF-16285,305
CA-2014-102274,11/21/2014 0:00,11/26/2014 0:00,Standard Class,DH-13075,127
CA-2017-168739,5/29/2017 0:00,6/5/2017 0:00,Standard Class,HZ-14950,15
US-2014-150119,4/23/2014 0:00,4/27/2014 0:00,Standard Class,LB-16795,48
US-2017-150847,4/30/2017 0:00,5/6/2017 0:00,Standard Class,JF-15490,48
CA-2016-100244,9/20/2016 0:00,9/24/2016 0:00,Standard Class,GM-14695,35
CA-2015-151841,4/27/2015 0:00,5/2/2015 0:00,Standard Class,TC-21475,43
CA-2016-134803,5/28/2016 0:00,6/3/2016 0:00,Standard Class,CL-12565,26
CA-2015-153381,9/24/2015 0:00,9/28/2015 0:00,Standard Class,DE-13255,446
CA-2017-131212,12/5/2017 0:00,12/9/2017 0:00,Standard Class,AB-10165,293
CA-2017-168858,11/19/2017 0:00,11/23/2017 0:00,Standard Class,JD-16150,165
CA-2016-116344,7/29/2016 0:00,8/2/2016 0:00,Standard Class,JO-15145,12
CA-2015-131779,6/12/2015 0:00,6/17/2015 0:00,Standard Class,LE-16810,286
CA-2017-102554,6/11/2017 0:00,6/15/2017 0:00,Standard Class,KN-16705,342
CA-2016-162614,10/7/2016 0:00,10/13/2016 0:00,Standard Class,TB-21250,14
CA-2014-168592,9/8/2014 0:00,9/14/2014 0:00,Standard Class,DP-13390,95
CA-2015-153626,7/9/2015 0:00,7/14/2015 0:00,Standard Class,EB-13870,396
CA-2016-166485,2/20/2016 0:00,2/27/2016 0:00,Standard Class,AH-10210,396
CA-2016-165470,11/25/2016 0:00,11/30/2016 0:00,Standard Class,HJ-14875,134
US-2015-147242,9/10/2015 0:00,9/14/2015 0:00,Standard Class,EH-13765,443
CA-2016-146143,12/14/2016 0:00,12/19/2016 0:00,Standard Class,MC-17845,130
CA-2015-100888,4/6/2015 0:00,4/10/2015 0:00,Standard Class,MH-17455,223
US-2016-150035,12/1/2016 0:00,12/5/2016 0:00,Standard Class,CL-11890,35
CA-2017-122644,12/11/2017 0:00,11/17/2017 0:00,Standard Class,SF-20965,48
CA-2017-111815,3/3/2017 0:00,3/10/2017 0:00,Standard Class,EP-13915,447
CA-2014-143385,8/31/2014 0:00,9/5/2014 0:00,Standard Class,SJ-20500,448
CA-2016-131289,12/8/2016 0:00,12/14/2016 0:00,Standard Class,SP-20620,95
CA-2016-151169,10/21/2016 0:00,10/26/2016 0:00,Standard Class,MY-18295,286
CA-2017-120705,9/5/2017 0:00,9/11/2017 0:00,Standard Class,MG-17875,3
CA-2015-157322,7/2/2015 0:00,7/6/2015 0:00,Standard Class,RH-19600,450
CA-2017-142034,9/24/2017 0:00,9/28/2017 0:00,Standard Class,KB-16240,451
CA-2016-107328,8/8/2016 0:00,8/15/2016 0:00,Standard Class,CA-12055,2
CA-2016-108616,9/29/2016 0:00,10/3/2016 0:00,Standard Class,JK-15730,273
CA-2014-166863,6/20/2014 0:00,6/24/2014 0:00,Standard Class,SC-20020,303
CA-2016-168536,12/20/2016 0:00,12/24/2016 0:00,Standard Class,SC-20800,130
CA-2015-168767,4/10/2015 0:00,4/15/2015 0:00,Standard Class,DM-12955,380
CA-2016-137673,9/5/2016 0:00,9/10/2016 0:00,Standard Class,ML-17395,189
CA-2016-132731,11/24/2016 0:00,11/28/2016 0:00,Standard Class,GA-14515,177
CA-2016-130680,6/24/2016 0:00,6/29/2016 0:00,Standard Class,BD-11320,143
CA-2015-141145,9/17/2015 0:00,9/23/2015 0:00,Standard Class,DB-13405,416
US-2016-152835,5/19/2016 0:00,5/23/2016 0:00,Standard Class,RP-19855,378
CA-2014-110849,4/18/2014 0:00,4/23/2014 0:00,Standard Class,JL-15835,14
CA-2017-118542,12/1/2017 0:00,12/5/2017 0:00,Standard Class,CC-12550,142
CA-2017-152737,11/7/2017 0:00,11/12/2017 0:00,Standard Class,TS-21505,35
CA-2017-103877,9/7/2017 0:00,9/14/2017 0:00,Standard Class,RD-19660,54
US-2017-126081,6/29/2017 0:00,7/4/2017 0:00,Standard Class,FC-14335,352
CA-2017-117023,8/7/2017 0:00,8/12/2017 0:00,Standard Class,JW-15955,256
CA-2015-143532,3/19/2015 0:00,3/24/2015 0:00,Standard Class,DC-12850,452
CA-2016-103163,6/7/2016 0:00,6/11/2016 0:00,Standard Class,FM-14290,411
CA-2016-104157,7/25/2016 0:00,7/29/2016 0:00,Standard Class,MT-17815,130
CA-2017-117807,10/1/2017 0:00,10/7/2017 0:00,Standard Class,DK-13090,11
CA-2015-121650,12/10/2015 0:00,12/16/2015 0:00,Standard Class,KD-16495,31
CA-2017-161823,9/3/2017 0:00,9/8/2017 0:00,Standard Class,AG-10300,35
CA-2017-121839,9/24/2017 0:00,9/28/2017 0:00,Standard Class,MH-18115,404
CA-2017-146535,11/24/2017 0:00,11/30/2017 0:00,Standard Class,FM-14290,127
CA-2016-164154,9/11/2016 0:00,9/17/2016 0:00,Standard Class,NZ-18565,214
CA-2017-148012,12/9/2017 0:00,12/15/2017 0:00,Standard Class,KM-16225,106
CA-2017-138310,6/26/2017 0:00,6/30/2017 0:00,Standard Class,NP-18700,77
CA-2014-159835,11/17/2014 0:00,11/24/2014 0:00,Standard Class,RB-19330,106
CA-2017-112956,8/21/2017 0:00,8/27/2017 0:00,Standard Class,TH-21550,210
CA-2014-140228,4/28/2014 0:00,5/3/2014 0:00,Standard Class,GB-14530,56
CA-2015-110093,12/3/2015 0:00,12/8/2015 0:00,Standard Class,AB-10255,64
CA-2016-154536,9/5/2016 0:00,9/9/2016 0:00,Standard Class,JC-15340,75
CA-2017-141929,9/4/2017 0:00,9/8/2017 0:00,Standard Class,RA-19285,26
CA-2016-109743,9/22/2016 0:00,9/29/2016 0:00,Standard Class,SH-19975,298
CA-2014-159184,9/14/2014 0:00,9/19/2014 0:00,Standard Class,JC-15775,258
CA-2014-169726,8/9/2014 0:00,8/13/2014 0:00,Standard Class,JH-15985,6
CA-2017-155957,11/26/2017 0:00,11/30/2017 0:00,Standard Class,CC-12610,48
CA-2016-145177,11/10/2016 0:00,11/14/2016 0:00,Standard Class,PP-18955,158
CA-2015-168459,11/22/2015 0:00,11/27/2015 0:00,Standard Class,MC-17275,32
CA-2017-133004,8/31/2017 0:00,9/5/2017 0:00,Standard Class,AJ-10945,453
CA-2017-168102,4/24/2017 0:00,4/30/2017 0:00,Standard Class,CP-12340,134
CA-2017-158036,9/8/2017 0:00,9/14/2017 0:00,Standard Class,DB-13555,83
CA-2015-128083,3/12/2015 0:00,3/17/2015 0:00,Standard Class,EB-13750,454
CA-2016-161676,7/18/2016 0:00,7/23/2016 0:00,Standard Class,JP-15460,277
US-2017-129777,7/3/2017 0:00,7/9/2017 0:00,Standard Class,FM-14290,360
CA-2014-129364,12/8/2014 0:00,12/13/2014 0:00,Standard Class,TB-21250,161
CA-2016-104969,4/8/2016 0:00,4/14/2016 0:00,Standard Class,EH-14125,413
CA-2017-154109,11/6/2017 0:00,11/11/2017 0:00,Standard Class,ML-17410,106
CA-2015-156440,12/5/2015 0:00,12/9/2015 0:00,Standard Class,MH-17620,189
CA-2015-132626,7/9/2015 0:00,7/14/2015 0:00,Standard Class,BT-11680,235
CA-2016-102792,12/13/2016 0:00,12/19/2016 0:00,Standard Class,JC-15340,216
CA-2016-108567,5/20/2016 0:00,5/24/2016 0:00,Standard Class,DB-13210,455
CA-2016-142097,10/15/2016 0:00,10/20/2016 0:00,Standard Class,QJ-19255,29
CA-2014-140039,9/13/2014 0:00,9/17/2014 0:00,Standard Class,ON-18715,287
CA-2017-169411,12/24/2017 0:00,12/29/2017 0:00,Standard Class,AC-10615,145
CA-2015-104941,6/13/2015 0:00,6/19/2015 0:00,Standard Class,DH-13075,34
CA-2017-160087,3/18/2017 0:00,3/22/2017 0:00,Standard Class,EN-13780,78
CA-2014-120544,11/23/2014 0:00,11/27/2014 0:00,Standard Class,SS-20140,352
CA-2017-144568,5/29/2017 0:00,6/2/2017 0:00,Standard Class,JO-15550,199
CA-2016-142370,9/19/2016 0:00,9/23/2016 0:00,Standard Class,TP-21130,113
CA-2016-105900,9/17/2016 0:00,9/23/2016 0:00,Standard Class,BS-11590,135
CA-2016-151155,12/20/2016 0:00,12/24/2016 0:00,Standard Class,AB-10255,130
CA-2017-144036,11/22/2017 0:00,11/26/2017 0:00,Standard Class,FO-14305,33
US-2014-169789,12/30/2014 0:00,1/4/2015 0:00,Standard Class,MF-17665,52
CA-2016-151512,12/26/2016 0:00,1/2/2017 0:00,Standard Class,SH-19975,77
CA-2016-165169,6/5/2016 0:00,6/11/2016 0:00,Standard Class,JL-15235,286
CA-2015-109575,9/18/2015 0:00,9/23/2015 0:00,Standard Class,KH-16630,235
CA-2016-133340,12/9/2016 0:00,12/13/2016 0:00,Standard Class,LH-17155,31
CA-2016-137848,1/15/2016 0:00,1/21/2016 0:00,Standard Class,WB-21850,165
CA-2016-111283,2/29/2016 0:00,3/4/2016 0:00,Standard Class,LC-16870,56
CA-2015-167745,9/18/2015 0:00,9/23/2015 0:00,Standard Class,GB-14530,14
CA-2017-104577,5/12/2017 0:00,5/17/2017 0:00,Standard Class,CK-12205,290
CA-2017-125878,2/25/2017 0:00,3/2/2017 0:00,Standard Class,MH-18025,37
CA-2016-163153,3/21/2016 0:00,3/25/2016 0:00,Standard Class,DM-12955,67
CA-2016-155530,12/17/2016 0:00,12/21/2016 0:00,Standard Class,CM-12160,35
US-2016-101196,5/12/2016 0:00,5/17/2016 0:00,Standard Class,FM-14215,12
CA-2015-107937,5/3/2015 0:00,5/8/2015 0:00,Standard Class,JB-16045,459
CA-2014-149643,11/16/2014 0:00,11/20/2014 0:00,Standard Class,RH-19510,460
CA-2017-125752,7/31/2017 0:00,8/4/2017 0:00,Standard Class,EH-14125,3
CA-2017-112487,12/26/2017 0:00,12/30/2017 0:00,Standard Class,TC-21535,48
CA-2016-144218,10/31/2016 0:00,11/4/2016 0:00,Standard Class,JD-15895,63
CA-2016-169971,9/4/2016 0:00,9/9/2016 0:00,Standard Class,IL-15100,17
US-2016-133508,4/17/2016 0:00,4/21/2016 0:00,Standard Class,SW-20350,199
CA-2014-107139,7/5/2014 0:00,7/11/2014 0:00,Standard Class,DP-13390,26
US-2014-117163,1/27/2014 0:00,2/2/2014 0:00,Standard Class,EJ-13720,89
CA-2016-156503,10/14/2016 0:00,10/20/2016 0:00,Standard Class,NC-18415,223
CA-2015-113628,11/12/2015 0:00,11/19/2015 0:00,Standard Class,AH-10690,454
CA-2015-103961,11/5/2015 0:00,11/9/2015 0:00,Standard Class,NG-18430,117
CA-2015-102582,9/15/2015 0:00,9/19/2015 0:00,Standard Class,NW-18400,273
CA-2015-140984,9/14/2015 0:00,9/18/2015 0:00,Standard Class,CC-12685,165
CA-2014-132801,10/7/2014 0:00,10/12/2014 0:00,Standard Class,JG-15805,163
CA-2017-141733,5/7/2017 0:00,5/11/2017 0:00,Standard Class,RW-19540,152
US-2015-111927,11/14/2015 0:00,11/19/2015 0:00,Standard Class,LS-17230,22
CA-2014-100363,4/8/2014 0:00,4/15/2014 0:00,Standard Class,JM-15655,277
CA-2014-126760,7/26/2014 0:00,8/2/2014 0:00,Standard Class,KM-16720,284
US-2014-109162,6/8/2014 0:00,6/12/2014 0:00,Standard Class,KE-16420,49
CA-2015-142377,12/4/2015 0:00,12/9/2015 0:00,Standard Class,MS-17980,335
US-2017-131849,6/6/2017 0:00,6/10/2017 0:00,Standard Class,GH-14410,35
CA-2017-154039,2/17/2017 0:00,2/22/2017 0:00,Standard Class,JK-16120,156
CA-2014-135755,5/3/2014 0:00,5/10/2014 0:00,Standard Class,NC-18415,232
CA-2015-157133,11/28/2015 0:00,12/3/2015 0:00,Standard Class,LC-16885,463
CA-2016-140641,10/28/2016 0:00,11/2/2016 0:00,Standard Class,EP-13915,86
CA-2015-129896,6/15/2015 0:00,6/20/2015 0:00,Standard Class,PF-19120,28
CA-2014-152849,7/5/2014 0:00,7/12/2014 0:00,Standard Class,DW-13195,366
US-2017-127341,1/29/2017 0:00,2/2/2017 0:00,Standard Class,CK-12595,156
CA-2014-100895,6/2/2014 0:00,6/6/2014 0:00,Standard Class,SV-20785,237
US-2016-163881,11/24/2016 0:00,11/30/2016 0:00,Standard Class,SP-20860,2
US-2016-144547,11/10/2016 0:00,11/14/2016 0:00,Standard Class,MS-17770,67
US-2014-112200,11/22/2014 0:00,11/28/2014 0:00,Standard Class,TC-21475,432
CA-2017-110212,5/1/2017 0:00,5/5/2017 0:00,Standard Class,SJ-20125,465
CA-2017-134285,12/7/2017 0:00,12/12/2017 0:00,Standard Class,DS-13180,66
CA-2017-102267,11/30/2017 0:00,12/4/2017 0:00,Standard Class,SC-20800,466
CA-2015-121097,1/3/2015 0:00,1/8/2015 0:00,Standard Class,SF-20965,467
CA-2015-151043,11/14/2015 0:00,11/20/2015 0:00,Standard Class,MG-17680,106
CA-2015-167010,4/5/2015 0:00,4/10/2015 0:00,Standard Class,VT-21700,106
US-2017-142573,7/18/2017 0:00,7/23/2017 0:00,Standard Class,ML-17410,52
US-2015-148817,12/1/2015 0:00,12/7/2015 0:00,Standard Class,KD-16495,338
CA-2017-146920,8/28/2017 0:00,9/1/2017 0:00,Standard Class,SC-20305,37
CA-2014-103940,9/17/2014 0:00,9/21/2014 0:00,Standard Class,BN-11515,6
CA-2016-132094,8/26/2016 0:00,9/2/2016 0:00,Standard Class,VG-21805,12
CA-2017-123001,9/2/2017 0:00,9/8/2017 0:00,Standard Class,AW-10840,411
CA-2015-118955,6/16/2015 0:00,6/20/2015 0:00,Standard Class,LS-17230,71
US-2016-142685,6/23/2016 0:00,6/30/2016 0:00,Standard Class,MG-17695,251
CA-2017-167871,11/18/2017 0:00,11/23/2017 0:00,Standard Class,AF-10870,241
CA-2016-119963,11/18/2016 0:00,11/22/2016 0:00,Standard Class,SN-20710,90
US-2016-151862,3/1/2016 0:00,3/8/2016 0:00,Standard Class,ON-18715,77
CA-2017-152961,1/15/2017 0:00,1/19/2017 0:00,Standard Class,SC-20095,360
CA-2014-133228,4/4/2014 0:00,4/9/2014 0:00,Standard Class,MS-17710,186
CA-2016-114951,6/26/2016 0:00,7/3/2016 0:00,Standard Class,DN-13690,10
CA-2016-156573,5/29/2016 0:00,6/2/2016 0:00,Standard Class,RB-19360,396
CA-2015-113901,10/19/2015 0:00,10/24/2015 0:00,Standard Class,NH-18610,84
CA-2016-120257,9/22/2016 0:00,9/28/2016 0:00,Standard Class,PW-19240,12
US-2015-163685,6/1/2015 0:00,6/5/2015 0:00,Standard Class,KE-16420,66
CA-2014-135090,11/22/2014 0:00,11/26/2014 0:00,Standard Class,SP-20920,2
CA-2017-101308,10/2/2017 0:00,10/7/2017 0:00,Standard Class,FG-14260,60
CA-2017-119564,12/15/2017 0:00,12/20/2017 0:00,Standard Class,PL-18925,61
CA-2016-108735,4/17/2016 0:00,4/21/2016 0:00,Standard Class,JM-15535,469
CA-2017-112333,4/8/2017 0:00,4/14/2017 0:00,Standard Class,KF-16285,171
US-2016-159415,4/17/2016 0:00,4/22/2016 0:00,Standard Class,CS-12175,85
CA-2014-137589,11/3/2014 0:00,11/8/2014 0:00,Standard Class,MS-17770,208
CA-2015-161998,5/1/2015 0:00,5/5/2015 0:00,Standard Class,DB-13120,86
CA-2015-105627,3/8/2015 0:00,3/12/2015 0:00,Standard Class,DK-12895,310
CA-2014-116834,10/11/2014 0:00,10/16/2014 0:00,Standard Class,Dp-13240,61
CA-2016-145730,3/3/2016 0:00,3/8/2016 0:00,Standard Class,CC-12220,66
US-2015-168732,12/10/2015 0:00,12/16/2015 0:00,Standard Class,KM-16660,237
CA-2015-107468,12/18/2015 0:00,12/22/2015 0:00,Standard Class,MK-17905,128
CA-2017-144463,1/1/2017 0:00,1/5/2017 0:00,Standard Class,SC-20725,2
CA-2015-153612,12/22/2015 0:00,12/27/2015 0:00,Standard Class,BT-11305,471
CA-2015-165624,8/23/2015 0:00,8/28/2015 0:00,Standard Class,FH-14350,149
CA-2014-154963,6/22/2014 0:00,6/27/2014 0:00,Standard Class,AA-10645,182
CA-2017-124296,12/24/2017 0:00,12/28/2017 0:00,Standard Class,CS-12355,300
CA-2016-169957,9/26/2016 0:00,9/30/2016 0:00,Standard Class,SN-20710,473
CA-2015-148859,12/28/2015 0:00,1/1/2016 0:00,Standard Class,FH-14350,37
CA-2014-110786,12/29/2014 0:00,1/2/2015 0:00,Standard Class,AJ-10795,95
CA-2015-137750,6/25/2015 0:00,6/30/2015 0:00,Standard Class,JF-15565,95
CA-2015-136378,4/2/2015 0:00,4/7/2015 0:00,Standard Class,CS-11845,33
CA-2017-100356,10/21/2017 0:00,10/25/2017 0:00,Standard Class,SP-20920,156
CA-2014-122931,9/29/2014 0:00,10/3/2014 0:00,Standard Class,SM-20950,64
CA-2014-163034,11/24/2014 0:00,11/28/2014 0:00,Standard Class,DK-12985,27
CA-2015-124058,11/20/2015 0:00,11/24/2015 0:00,Standard Class,LC-16885,233
CA-2016-129196,11/1/2016 0:00,11/7/2016 0:00,Standard Class,XP-21865,27
US-2016-122182,3/10/2016 0:00,3/14/2016 0:00,Standard Class,BD-11770,106
CA-2014-102673,11/1/2014 0:00,11/5/2014 0:00,Standard Class,KH-16630,44
CA-2017-108112,11/15/2017 0:00,11/20/2017 0:00,Standard Class,DK-12895,475
CA-2016-140417,9/25/2016 0:00,9/29/2016 0:00,Standard Class,KE-16420,301
US-2017-151316,6/24/2017 0:00,6/30/2017 0:00,Standard Class,MC-17635,68
US-2014-156559,8/19/2014 0:00,8/26/2014 0:00,Standard Class,LH-16900,238
CA-2015-102491,8/24/2015 0:00,8/28/2015 0:00,Standard Class,KW-16435,203
CA-2014-116904,9/23/2014 0:00,9/28/2014 0:00,Standard Class,SC-20095,40
US-2017-102288,6/19/2017 0:00,6/23/2017 0:00,Standard Class,ZC-21910,15
US-2017-155999,8/7/2017 0:00,8/13/2017 0:00,Standard Class,JK-15370,189
US-2016-148334,8/22/2016 0:00,8/26/2016 0:00,Standard Class,DD-13570,17
CA-2015-153717,12/25/2015 0:00,1/1/2016 0:00,Standard Class,DL-13495,84
CA-2015-116687,5/2/2015 0:00,5/7/2015 0:00,Standard Class,NC-18625,15
CA-2015-153416,11/24/2015 0:00,11/29/2015 0:00,Standard Class,TS-21340,2
CA-2017-117394,9/4/2017 0:00,9/10/2017 0:00,Standard Class,MM-17920,75
CA-2014-127523,5/11/2014 0:00,5/18/2014 0:00,Standard Class,BG-11695,291
CA-2014-127299,9/19/2014 0:00,9/24/2014 0:00,Standard Class,JL-15835,44
CA-2015-121272,3/29/2015 0:00,4/4/2015 0:00,Standard Class,DO-13435,6
CA-2014-115336,11/18/2014 0:00,11/25/2014 0:00,Standard Class,AB-10600,37
CA-2015-111703,7/2/2015 0:00,7/9/2015 0:00,Standard Class,KB-16315,476
CA-2014-128839,9/8/2014 0:00,9/13/2014 0:00,Standard Class,TT-21070,338
CA-2017-105914,10/2/2017 0:00,10/8/2017 0:00,Standard Class,PV-18985,2
CA-2017-110926,11/19/2017 0:00,11/23/2017 0:00,Standard Class,DD-13570,213
CA-2016-136287,6/13/2016 0:00,6/17/2016 0:00,Standard Class,SS-20590,478
US-2014-107699,5/19/2014 0:00,5/23/2014 0:00,Standard Class,JH-15820,375
CA-2017-112725,1/30/2017 0:00,2/6/2017 0:00,Standard Class,EH-14125,95
CA-2015-136196,11/28/2015 0:00,12/4/2015 0:00,Standard Class,TP-21415,266
CA-2017-106068,10/23/2017 0:00,10/28/2017 0:00,Standard Class,RB-19330,111
CA-2017-100160,9/7/2017 0:00,9/11/2017 0:00,Standard Class,CB-12025,64
CA-2016-139689,12/29/2016 0:00,1/3/2017 0:00,Standard Class,MP-17965,49
CA-2014-126907,11/1/2014 0:00,11/8/2014 0:00,Standard Class,SM-20950,27
US-2016-164588,4/16/2016 0:00,4/23/2016 0:00,Standard Class,AP-10915,113
CA-2015-163587,3/14/2015 0:00,3/18/2015 0:00,Standard Class,EP-13915,356
CA-2015-160213,3/8/2015 0:00,3/13/2015 0:00,Standard Class,AR-10825,256
CA-2017-100601,11/16/2017 0:00,11/20/2017 0:00,Standard Class,JK-15370,254
CA-2014-128846,4/7/2014 0:00,4/12/2014 0:00,Standard Class,RS-19765,38
US-2017-119039,3/6/2017 0:00,3/10/2017 0:00,Standard Class,BF-11170,10
CA-2017-128426,10/7/2017 0:00,10/11/2017 0:00,Standard Class,JK-15730,67
CA-2017-112536,5/18/2017 0:00,5/23/2017 0:00,Standard Class,SG-20890,479
CA-2017-166709,11/17/2017 0:00,11/22/2017 0:00,Standard Class,HL-15040,286
CA-2015-150875,11/16/2015 0:00,11/20/2015 0:00,Standard Class,HK-14890,481
CA-2015-154200,6/18/2015 0:00,6/22/2015 0:00,Standard Class,BG-11740,189
CA-2016-124233,4/8/2016 0:00,4/14/2016 0:00,Standard Class,CK-12595,4
US-2016-161683,12/3/2016 0:00,12/8/2016 0:00,Standard Class,CJ-12010,64
CA-2017-109715,12/9/2017 0:00,12/14/2017 0:00,Standard Class,AH-10585,37
CA-2016-164637,3/4/2016 0:00,3/8/2016 0:00,Standard Class,RD-19480,392
CA-2014-103590,11/30/2014 0:00,12/4/2014 0:00,Standard Class,JL-15505,185
CA-2015-111234,2/18/2015 0:00,2/22/2015 0:00,Standard Class,AB-10600,26
US-2014-102631,12/13/2014 0:00,12/17/2014 0:00,Standard Class,EB-13840,37
CA-2017-120327,11/11/2017 0:00,11/16/2017 0:00,Standard Class,WB-21850,47
CA-2015-154970,1/5/2015 0:00,1/10/2015 0:00,Standard Class,SR-20740,6
CA-2017-100223,7/5/2017 0:00,7/10/2017 0:00,Standard Class,LS-16945,78
CA-2016-162404,7/23/2016 0:00,7/27/2016 0:00,Standard Class,NF-18475,229
CA-2017-158673,12/29/2017 0:00,1/4/2018 0:00,Standard Class,KB-16600,438
CA-2014-133704,9/20/2014 0:00,9/26/2014 0:00,Standard Class,MA-17995,26
CA-2014-138436,3/26/2014 0:00,3/30/2014 0:00,Standard Class,JD-15895,2
CA-2017-117702,11/28/2017 0:00,12/4/2017 0:00,Standard Class,LS-16975,309
CA-2015-101924,9/4/2015 0:00,9/9/2015 0:00,Standard Class,KB-16585,326
CA-2017-158344,8/7/2017 0:00,8/11/2017 0:00,Standard Class,CC-12475,351
CA-2017-123351,9/21/2017 0:00,9/25/2017 0:00,Standard Class,KT-16480,113
CA-2017-110429,11/3/2017 0:00,11/8/2017 0:00,Standard Class,DM-13015,106
US-2016-131611,11/5/2016 0:00,11/9/2016 0:00,Standard Class,EP-13915,67
CA-2015-166975,11/26/2015 0:00,11/30/2015 0:00,Standard Class,SH-20635,281
CA-2015-142692,10/23/2015 0:00,10/28/2015 0:00,Standard Class,AG-10495,60
CA-2015-123456,7/9/2015 0:00,7/13/2015 0:00,Standard Class,KN-16450,78
CA-2017-151358,8/18/2017 0:00,8/22/2017 0:00,Standard Class,NF-18595,60
US-2016-107440,4/16/2016 0:00,4/20/2016 0:00,Standard Class,BS-11365,101
CA-2014-166989,11/14/2014 0:00,11/18/2014 0:00,Standard Class,RM-19675,165
CA-2017-127516,12/28/2017 0:00,1/3/2018 0:00,Standard Class,EH-14005,396
US-2015-117184,5/17/2015 0:00,5/21/2015 0:00,Standard Class,ON-18715,15
CA-2017-130967,3/10/2017 0:00,3/16/2017 0:00,Standard Class,EB-13870,12
CA-2017-101581,10/22/2017 0:00,10/27/2017 0:00,Standard Class,DW-13195,314
CA-2017-169124,7/3/2017 0:00,7/10/2017 0:00,Standard Class,MB-17305,485
CA-2017-117261,9/4/2017 0:00,9/10/2017 0:00,Standard Class,TH-21235,4
CA-2014-125829,11/4/2014 0:00,11/11/2014 0:00,Standard Class,WB-21850,63
CA-2014-123127,9/8/2014 0:00,9/12/2014 0:00,Standard Class,SP-20620,256
CA-2015-115945,6/25/2015 0:00,7/1/2015 0:00,Standard Class,AB-10165,63
CA-2015-136735,7/26/2015 0:00,8/2/2015 0:00,Standard Class,HA-14920,95
US-2017-136189,12/7/2017 0:00,12/11/2017 0:00,Standard Class,DC-13285,196
US-2015-147662,2/14/2015 0:00,2/19/2015 0:00,Standard Class,KB-16315,76
CA-2017-118360,4/1/2017 0:00,4/7/2017 0:00,Standard Class,JC-15775,165
CA-2017-149853,10/3/2017 0:00,10/9/2017 0:00,Standard Class,PO-18850,187
CA-2017-107909,9/1/2017 0:00,9/6/2017 0:00,Standard Class,SS-20875,487
CA-2015-112375,12/21/2015 0:00,12/27/2015 0:00,Standard Class,RD-19720,488
CA-2015-154795,12/20/2015 0:00,12/24/2015 0:00,Standard Class,GZ-14470,489
CA-2015-125234,11/27/2015 0:00,12/1/2015 0:00,Standard Class,SN-20710,14
CA-2017-133501,8/27/2017 0:00,9/1/2017 0:00,Standard Class,DK-12895,79
CA-2017-130309,12/17/2017 0:00,12/21/2017 0:00,Standard Class,GB-14575,102
CA-2016-120355,9/18/2016 0:00,9/25/2016 0:00,Standard Class,MM-17260,132
US-2017-100482,4/11/2017 0:00,4/15/2017 0:00,Standard Class,JL-15130,404
US-2016-165078,11/5/2016 0:00,11/10/2016 0:00,Standard Class,MA-17995,453
CA-2016-158575,11/18/2016 0:00,11/24/2016 0:00,Standard Class,SB-20290,362
CA-2014-166954,4/25/2014 0:00,4/30/2014 0:00,Standard Class,BT-11305,493
CA-2015-152891,10/25/2015 0:00,10/30/2015 0:00,Standard Class,TB-21625,95
US-2015-122784,7/20/2015 0:00,7/27/2015 0:00,Standard Class,RA-19915,419
CA-2016-156811,10/27/2016 0:00,11/2/2016 0:00,Standard Class,BP-11095,35
CA-2016-108868,9/8/2016 0:00,9/12/2016 0:00,Standard Class,KB-16585,177
CA-2016-148740,11/15/2016 0:00,11/19/2016 0:00,Standard Class,AH-10690,143
US-2014-138758,7/7/2014 0:00,7/11/2014 0:00,Standard Class,JL-15835,75
CA-2015-164336,7/5/2015 0:00,7/10/2015 0:00,Standard Class,MW-18220,12
CA-2016-100041,11/20/2016 0:00,11/25/2016 0:00,Standard Class,BF-10975,135
US-2014-154879,5/6/2014 0:00,5/11/2014 0:00,Standard Class,SN-20710,26
CA-2017-132339,8/19/2017 0:00,8/23/2017 0:00,Standard Class,JB-15400,129
CA-2014-153983,11/29/2014 0:00,12/6/2014 0:00,Standard Class,AH-10210,35
CA-2014-160157,12/20/2014 0:00,12/27/2014 0:00,Standard Class,MH-17455,73
CA-2014-139633,12/17/2014 0:00,12/24/2014 0:00,Standard Class,EC-14050,48
CA-2014-117016,3/4/2014 0:00,3/9/2014 0:00,Standard Class,SC-20095,494
US-2017-103226,9/22/2017 0:00,9/28/2017 0:00,Standard Class,DW-13195,384
CA-2017-119452,3/21/2017 0:00,3/27/2017 0:00,Standard Class,CL-12565,313
CA-2016-163398,5/3/2016 0:00,5/8/2016 0:00,Standard Class,CB-12415,156
CA-2016-162726,12/27/2016 0:00,1/2/2017 0:00,Standard Class,MT-17815,484
US-2016-111290,7/22/2016 0:00,7/26/2016 0:00,Standard Class,DK-13375,21
US-2014-147704,11/16/2014 0:00,11/21/2014 0:00,Standard Class,SR-20740,464
CA-2015-121965,6/19/2015 0:00,6/23/2015 0:00,Standard Class,LH-17155,4
US-2015-146745,9/3/2015 0:00,9/8/2015 0:00,Standard Class,AS-10630,95
CA-2017-115175,8/7/2017 0:00,8/12/2017 0:00,Standard Class,MC-17575,59
CA-2017-105851,3/13/2017 0:00,3/20/2017 0:00,Standard Class,SE-20110,77
CA-2015-163895,8/7/2015 0:00,8/11/2015 0:00,Standard Class,NS-18640,481
CA-2017-156895,5/8/2017 0:00,5/12/2017 0:00,Standard Class,DJ-13510,12
CA-2016-109365,11/3/2016 0:00,11/8/2016 0:00,Standard Class,XP-21865,14
CA-2015-162621,9/5/2015 0:00,9/11/2015 0:00,Standard Class,CA-12055,67
CA-2017-105921,8/14/2017 0:00,8/21/2017 0:00,Standard Class,JM-15250,4
CA-2017-112753,6/18/2017 0:00,6/23/2017 0:00,Standard Class,CC-12670,4
CA-2017-155075,12/2/2017 0:00,12/9/2017 0:00,Standard Class,GW-14605,12
CA-2014-103401,11/21/2014 0:00,11/26/2014 0:00,Standard Class,GR-14560,95
CA-2016-124814,4/10/2016 0:00,4/16/2016 0:00,Standard Class,FM-14215,411
CA-2014-116757,6/30/2014 0:00,7/4/2014 0:00,Standard Class,MS-17980,15
US-2014-138247,12/24/2014 0:00,12/29/2014 0:00,Standard Class,BF-11170,63
CA-2017-167003,5/23/2017 0:00,5/29/2017 0:00,Standard Class,VS-21820,2
CA-2016-119935,11/10/2016 0:00,11/14/2016 0:00,Standard Class,KM-16225,335
US-2017-111920,10/22/2017 0:00,10/26/2017 0:00,Standard Class,PS-18970,313
US-2016-128678,9/15/2016 0:00,9/20/2016 0:00,Standard Class,RB-19570,60
CA-2016-101385,9/25/2016 0:00,10/1/2016 0:00,Standard Class,JW-16075,10
CA-2017-107167,6/10/2017 0:00,6/14/2017 0:00,Standard Class,ND-18460,134
CA-2014-109491,2/20/2014 0:00,2/26/2014 0:00,Standard Class,LC-16930,239
US-2017-105046,7/17/2017 0:00,7/23/2017 0:00,Standard Class,BE-11335,499
CA-2016-134691,11/14/2016 0:00,11/18/2016 0:00,Standard Class,KC-16540,17
CA-2015-163104,3/19/2015 0:00,3/26/2015 0:00,Standard Class,MC-18130,26
CA-2017-138464,7/8/2017 0:00,7/12/2017 0:00,Standard Class,VF-21715,61
CA-2015-104129,2/27/2015 0:00,3/2/2015 0:00,Standard Class,ES-14080,260
US-2017-132206,6/16/2017 0:00,6/21/2017 0:00,Standard Class,MK-17905,156
US-2014-165862,7/13/2014 0:00,7/17/2014 0:00,Standard Class,GK-14620,14
US-2014-106334,12/27/2014 0:00,1/2/2015 0:00,Standard Class,JF-15490,35
US-2017-117331,10/21/2017 0:00,10/28/2017 0:00,Standard Class,ND-18370,277
CA-2014-127383,12/31/2014 0:00,1/5/2015 0:00,Standard Class,CM-11815,295
CA-2017-129490,9/26/2017 0:00,9/30/2017 0:00,Standard Class,SJ-20125,475
CA-2014-101175,12/9/2014 0:00,12/14/2014 0:00,Standard Class,DM-12955,155
US-2017-149510,12/3/2017 0:00,12/10/2017 0:00,Standard Class,MC-17575,307
CA-2015-111990,11/8/2015 0:00,11/13/2015 0:00,Standard Class,DB-13660,15
CA-2017-126662,7/17/2017 0:00,7/21/2017 0:00,Standard Class,AB-10255,2
CA-2016-139395,12/12/2016 0:00,12/18/2016 0:00,Standard Class,MG-17650,31
US-2014-121734,4/11/2014 0:00,4/16/2014 0:00,Standard Class,SE-20110,501
CA-2015-110947,6/9/2015 0:00,6/15/2015 0:00,Standard Class,AG-10765,498
CA-2015-164427,7/31/2015 0:00,8/6/2015 0:00,Standard Class,AR-10405,502
CA-2016-129868,12/26/2016 0:00,12/31/2016 0:00,Standard Class,MC-18130,26
US-2017-169502,8/28/2017 0:00,9/1/2017 0:00,Standard Class,MG-17650,202
CA-2015-146948,7/16/2015 0:00,7/20/2015 0:00,Standard Class,MG-17890,309
CA-2015-135020,5/28/2015 0:00,6/2/2015 0:00,Standard Class,MS-17770,145
US-2017-141852,11/9/2017 0:00,11/14/2017 0:00,Standard Class,JE-15745,219
US-2017-165953,12/31/2016 0:00,1/6/2017 0:00,Standard Class,EP-13915,134
CA-2016-144540,9/5/2016 0:00,9/10/2016 0:00,Standard Class,GH-14410,33
CA-2015-117800,9/21/2015 0:00,9/26/2015 0:00,Standard Class,TH-21550,290
CA-2017-147228,9/9/2017 0:00,9/14/2017 0:00,Standard Class,SO-20335,85
CA-2016-101336,11/13/2016 0:00,11/18/2016 0:00,Standard Class,CK-12760,165
CA-2015-130456,8/21/2015 0:00,8/26/2015 0:00,Standard Class,DS-13180,35
CA-2017-116288,3/12/2017 0:00,3/17/2017 0:00,Standard Class,BS-11380,35
CA-2016-102162,9/11/2016 0:00,9/16/2016 0:00,Standard Class,JF-15565,390
CA-2015-147501,8/2/2015 0:00,8/6/2015 0:00,Standard Class,Co-12640,60
CA-2016-143910,8/12/2016 0:00,8/16/2016 0:00,Standard Class,BC-11125,165
CA-2014-146885,5/30/2014 0:00,6/5/2014 0:00,Standard Class,EB-13840,196
CA-2017-129357,5/14/2017 0:00,5/19/2017 0:00,Standard Class,KB-16585,6
CA-2017-150987,4/8/2017 0:00,4/12/2017 0:00,Standard Class,AH-10120,95
CA-2017-132647,2/17/2017 0:00,2/23/2017 0:00,Standard Class,GH-14410,348
CA-2014-160738,5/5/2014 0:00,5/10/2014 0:00,Standard Class,KH-16330,483
CA-2015-112130,5/3/2015 0:00,5/7/2015 0:00,Standard Class,SV-20785,12
CA-2016-111409,9/18/2016 0:00,9/22/2016 0:00,Standard Class,PO-18850,134
CA-2016-116232,9/22/2016 0:00,9/26/2016 0:00,Standard Class,AC-10450,119
CA-2016-116547,1/10/2016 0:00,1/17/2016 0:00,Standard Class,KB-16585,61
US-2017-133200,5/6/2017 0:00,5/11/2017 0:00,Standard Class,DB-13555,7
CA-2016-133550,7/31/2016 0:00,8/6/2016 0:00,Standard Class,KL-16645,186
CA-2014-114510,3/14/2014 0:00,3/19/2014 0:00,Standard Class,JF-15295,505
CA-2016-159912,8/29/2016 0:00,9/3/2016 0:00,Standard Class,GB-14530,75
CA-2016-101987,6/24/2016 0:00,6/30/2016 0:00,Standard Class,HL-15040,239
US-2017-154851,3/30/2017 0:00,4/3/2017 0:00,Standard Class,BP-11155,208
CA-2017-140298,5/11/2017 0:00,5/17/2017 0:00,Standard Class,JK-16120,111
CA-2016-166240,6/24/2016 0:00,6/28/2016 0:00,Standard Class,DH-13075,15
CA-2014-108273,12/16/2014 0:00,12/21/2014 0:00,Standard Class,EJ-13720,144
US-2015-122910,5/12/2015 0:00,5/16/2015 0:00,Standard Class,LT-16765,128
CA-2015-129042,12/12/2015 0:00,12/17/2015 0:00,Standard Class,EM-13960,309
US-2017-135230,9/1/2017 0:00,9/7/2017 0:00,Standard Class,CK-12325,6
CA-2016-131968,11/11/2016 0:00,11/15/2016 0:00,Standard Class,LB-16795,332
CA-2014-123323,11/7/2014 0:00,11/12/2014 0:00,Standard Class,LH-16900,95
CA-2015-155054,6/13/2015 0:00,6/19/2015 0:00,Standard Class,PS-19045,508
CA-2015-105725,2/18/2015 0:00,2/24/2015 0:00,Standard Class,GT-14755,107
CA-2017-164364,12/11/2017 0:00,11/16/2017 0:00,Standard Class,CS-12355,61
CA-2016-159989,12/9/2016 0:00,12/13/2016 0:00,Standard Class,EB-13870,79
CA-2017-103499,11/20/2017 0:00,11/24/2017 0:00,Standard Class,ES-14020,281
US-2015-167220,12/12/2015 0:00,12/16/2015 0:00,Standard Class,JB-15925,111
CA-2017-126354,2/3/2017 0:00,2/8/2017 0:00,Standard Class,SC-20380,119
CA-2017-169817,9/21/2017 0:00,9/25/2017 0:00,Standard Class,EB-13870,106
US-2017-144582,4/30/2017 0:00,5/5/2017 0:00,Standard Class,TC-21475,509
CA-2016-117660,12/30/2016 0:00,1/4/2017 0:00,Standard Class,BM-11785,48
CA-2014-112851,9/17/2014 0:00,9/21/2014 0:00,Standard Class,NR-18550,459
CA-2017-119746,11/23/2017 0:00,11/27/2017 0:00,Standard Class,CM-12385,27
CA-2017-108091,11/16/2017 0:00,11/21/2017 0:00,Standard Class,EK-13795,247
CA-2017-132346,11/7/2017 0:00,11/11/2017 0:00,Standard Class,PK-19075,286
CA-2014-159310,11/7/2014 0:00,11/12/2014 0:00,Standard Class,SC-20725,33
US-2017-147984,1/28/2017 0:00,2/1/2017 0:00,Standard Class,GB-14575,478
CA-2015-104346,12/11/2015 0:00,12/16/2015 0:00,Standard Class,IM-15070,98
US-2015-141684,6/29/2015 0:00,7/4/2015 0:00,Standard Class,MM-18055,165
CA-2015-144722,3/16/2015 0:00,3/23/2015 0:00,Standard Class,MF-18250,2
CA-2015-120516,8/13/2015 0:00,8/17/2015 0:00,Standard Class,CK-12595,511
US-2016-148901,5/14/2016 0:00,5/19/2016 0:00,Standard Class,MK-17905,134
CA-2014-149055,11/23/2014 0:00,11/28/2014 0:00,Standard Class,PB-19210,64
CA-2014-139598,12/26/2014 0:00,12/31/2014 0:00,Standard Class,MG-17695,64
CA-2017-117436,6/8/2017 0:00,6/14/2017 0:00,Standard Class,LW-17125,212
CA-2015-140025,4/7/2015 0:00,4/11/2015 0:00,Standard Class,PF-19120,66
CA-2016-140018,11/21/2016 0:00,11/26/2016 0:00,Standard Class,CK-12205,48
CA-2014-152562,11/1/2014 0:00,11/8/2014 0:00,Standard Class,JO-15145,127
CA-2014-120278,11/7/2014 0:00,11/12/2014 0:00,Standard Class,MS-17365,513
CA-2017-167661,10/5/2017 0:00,10/10/2017 0:00,Standard Class,MP-18175,95
CA-2017-154123,11/20/2017 0:00,11/25/2017 0:00,Standard Class,SC-20050,1
CA-2016-136049,12/23/2016 0:00,12/28/2016 0:00,Standard Class,NM-18520,393
CA-2017-118402,9/29/2017 0:00,10/4/2017 0:00,Standard Class,JO-15280,32
CA-2014-107818,9/8/2014 0:00,9/14/2014 0:00,Standard Class,MC-17275,514
CA-2015-137526,1/13/2015 0:00,1/17/2015 0:00,Standard Class,PB-19150,26
CA-2017-136063,12/15/2017 0:00,12/19/2017 0:00,Standard Class,SS-20140,515
CA-2016-101546,12/18/2016 0:00,12/24/2016 0:00,Standard Class,GK-14620,93
CA-2016-125164,11/10/2016 0:00,11/14/2016 0:00,Standard Class,SH-19975,165
CA-2017-122490,11/13/2017 0:00,11/18/2017 0:00,Standard Class,TT-21070,6
CA-2017-131366,11/24/2017 0:00,11/29/2017 0:00,Standard Class,SC-20440,208
CA-2017-164042,5/23/2017 0:00,5/27/2017 0:00,Standard Class,KL-16645,15
CA-2014-132864,12/2/2014 0:00,12/7/2014 0:00,Standard Class,KN-16390,48
US-2014-155817,10/3/2014 0:00,10/9/2014 0:00,Standard Class,SL-20155,36
CA-2017-104080,3/8/2017 0:00,3/15/2017 0:00,Standard Class,AH-10210,159
CA-2014-151379,12/16/2014 0:00,12/20/2014 0:00,Standard Class,SC-20695,84
CA-2016-135776,12/23/2016 0:00,12/30/2016 0:00,Standard Class,EH-13765,6
CA-2016-130484,8/22/2016 0:00,8/27/2016 0:00,Standard Class,SG-20470,428
CA-2017-120936,12/17/2017 0:00,12/21/2017 0:00,Standard Class,CA-12310,159
CA-2017-127306,1/14/2017 0:00,1/18/2017 0:00,Standard Class,BH-11710,341
CA-2016-160304,1/2/2016 0:00,1/7/2016 0:00,Standard Class,BM-11575,518
CA-2017-101728,8/19/2017 0:00,8/23/2017 0:00,Standard Class,SC-20575,156
CA-2017-117653,10/19/2017 0:00,10/23/2017 0:00,Standard Class,MO-17500,37
CA-2017-143245,12/1/2017 0:00,12/6/2017 0:00,Standard Class,AD-10180,70
CA-2017-143651,3/25/2017 0:00,3/30/2017 0:00,Standard Class,FM-14215,6
CA-2015-106978,9/28/2015 0:00,10/4/2015 0:00,Standard Class,ZC-21910,43
CA-2015-155124,3/15/2015 0:00,3/21/2015 0:00,Standard Class,KS-16300,519
CA-2017-150931,1/6/2017 0:00,1/13/2017 0:00,Standard Class,DP-13390,520
CA-2014-157147,1/13/2014 0:00,1/18/2014 0:00,Standard Class,BD-11605,10
CA-2015-156482,2/6/2015 0:00,2/13/2015 0:00,Standard Class,IL-15100,50
CA-2017-106782,12/21/2017 0:00,12/27/2017 0:00,Standard Class,LP-17095,378
CA-2014-102085,10/4/2014 0:00,10/9/2014 0:00,Standard Class,JD-16015,61
CA-2017-107125,11/27/2017 0:00,12/2/2017 0:00,Standard Class,BD-11320,63
CA-2015-144190,6/9/2015 0:00,6/13/2015 0:00,Standard Class,NC-18415,248
CA-2015-127607,3/20/2015 0:00,3/26/2015 0:00,Standard Class,JK-15730,297
CA-2016-166226,11/18/2016 0:00,11/22/2016 0:00,Standard Class,TC-21535,142
CA-2016-164896,11/7/2016 0:00,11/12/2016 0:00,Standard Class,PS-19045,219
CA-2014-160066,11/16/2014 0:00,11/22/2014 0:00,Standard Class,AH-10075,126
CA-2015-160696,9/6/2015 0:00,9/10/2015 0:00,Standard Class,CK-12760,396
CA-2016-149279,4/24/2016 0:00,4/28/2016 0:00,Standard Class,CL-12700,98
CA-2017-107321,8/31/2017 0:00,9/4/2017 0:00,Standard Class,AW-10930,95
US-2017-122714,12/7/2017 0:00,12/13/2017 0:00,Standard Class,HG-14965,156
CA-2015-153038,12/18/2015 0:00,12/25/2015 0:00,Standard Class,RB-19645,32
CA-2014-132227,11/4/2014 0:00,11/10/2014 0:00,Standard Class,SZ-20035,165
CA-2017-155824,3/10/2017 0:00,3/15/2017 0:00,Standard Class,KS-16300,315
CA-2016-129238,1/31/2016 0:00,2/4/2016 0:00,Standard Class,SC-20050,63
CA-2017-159688,5/7/2017 0:00,5/12/2017 0:00,Standard Class,AB-10060,26
CA-2016-155033,10/7/2016 0:00,10/12/2016 0:00,Standard Class,CC-12475,4
CA-2015-102876,9/7/2015 0:00,9/14/2015 0:00,Standard Class,LR-17035,64
US-2017-160465,7/21/2017 0:00,7/26/2017 0:00,Standard Class,SW-20350,178
CA-2014-153850,11/24/2014 0:00,11/29/2014 0:00,Standard Class,TH-21100,214
CA-2016-133795,12/18/2016 0:00,12/24/2016 0:00,Standard Class,JE-15475,89
US-2017-130953,7/29/2017 0:00,8/3/2017 0:00,Standard Class,RF-19735,337
CA-2017-139304,1/29/2017 0:00,2/2/2017 0:00,Standard Class,VG-21790,10
CA-2016-155166,12/26/2016 0:00,1/2/2017 0:00,Standard Class,BB-11545,276
CA-2014-169803,4/6/2014 0:00,4/12/2014 0:00,Standard Class,SC-20260,61
US-2014-104759,3/31/2014 0:00,4/4/2014 0:00,Standard Class,DD-13570,27
CA-2015-150511,9/18/2015 0:00,9/24/2015 0:00,Standard Class,AB-10060,120
CA-2015-134922,11/7/2015 0:00,11/11/2015 0:00,Standard Class,KB-16240,12
CA-2016-120796,4/3/2016 0:00,4/7/2016 0:00,Standard Class,CS-11950,12
CA-2015-136798,5/8/2015 0:00,5/12/2015 0:00,Standard Class,DL-12925,40
CA-2017-142090,11/30/2017 0:00,12/7/2017 0:00,Standard Class,SC-20380,180
CA-2017-160934,1/15/2017 0:00,1/19/2017 0:00,Standard Class,TT-21460,142
CA-2014-124478,8/8/2014 0:00,8/12/2014 0:00,Standard Class,MA-17560,191
CA-2017-143217,11/11/2017 0:00,11/17/2017 0:00,Standard Class,CG-12040,202
US-2017-133312,11/25/2017 0:00,11/29/2017 0:00,Standard Class,BD-11500,35
CA-2016-155138,9/8/2016 0:00,9/12/2016 0:00,Standard Class,JM-15580,234
CA-2015-144302,6/19/2015 0:00,6/23/2015 0:00,Standard Class,ME-17320,177
CA-2015-109001,3/5/2015 0:00,3/9/2015 0:00,Standard Class,KN-16390,75
CA-2017-156720,12/30/2017 0:00,1/3/2018 0:00,Standard Class,JM-15580,523
CA-2015-119102,5/23/2015 0:00,5/27/2015 0:00,Standard Class,KH-16690,470
US-2014-140452,12/6/2014 0:00,12/10/2014 0:00,Standard Class,BK-11260,27
CA-2015-141936,8/7/2015 0:00,8/12/2015 0:00,Standard Class,PN-18775,411
CA-2014-116568,12/14/2014 0:00,12/20/2014 0:00,Standard Class,BM-11785,263
CA-2015-147102,9/19/2015 0:00,9/26/2015 0:00,Standard Class,NH-18610,113
CA-2014-138450,10/18/2014 0:00,10/22/2014 0:00,Standard Class,EH-13765,64
CA-2016-150658,11/17/2016 0:00,11/22/2016 0:00,Standard Class,MS-17365,65
CA-2017-125640,7/25/2017 0:00,7/29/2017 0:00,Standard Class,DD-13570,64
CA-2015-127173,9/26/2015 0:00,10/3/2015 0:00,Standard Class,GM-14500,188
CA-2014-149538,4/4/2014 0:00,4/8/2014 0:00,Standard Class,KB-16585,300
CA-2017-146626,12/29/2017 0:00,1/5/2018 0:00,Standard Class,BP-11185,159
CA-2015-123330,6/21/2015 0:00,6/27/2015 0:00,Standard Class,EP-13915,263
CA-2016-151323,10/23/2016 0:00,10/28/2016 0:00,Standard Class,AB-10255,6
CA-2015-146696,12/14/2015 0:00,12/19/2015 0:00,Standard Class,RD-19480,189
CA-2016-128972,11/13/2016 0:00,11/17/2016 0:00,Standard Class,TS-21430,337
CA-2017-128335,9/29/2017 0:00,10/5/2017 0:00,Standard Class,JA-15970,185
CA-2015-154886,11/8/2015 0:00,11/12/2015 0:00,Standard Class,SW-20455,10
CA-2017-161333,2/2/2017 0:00,2/7/2017 0:00,Standard Class,JL-15835,63
CA-2017-128734,12/24/2017 0:00,12/31/2017 0:00,Standard Class,JL-15175,524
US-2014-121566,6/30/2014 0:00,7/6/2014 0:00,Standard Class,CS-11860,165
CA-2014-111192,7/30/2014 0:00,8/5/2014 0:00,Standard Class,TS-21430,6
CA-2015-161627,7/6/2015 0:00,7/11/2015 0:00,Standard Class,SJ-20215,55
CA-2014-121006,11/10/2014 0:00,11/16/2014 0:00,Standard Class,SC-20020,375
CA-2017-106432,10/19/2017 0:00,10/24/2017 0:00,Standard Class,CA-12265,527
US-2015-120502,4/13/2015 0:00,4/19/2015 0:00,Standard Class,BT-11395,2
CA-2015-134719,10/10/2015 0:00,10/15/2015 0:00,Standard Class,JD-15790,134
US-2015-154389,11/27/2015 0:00,12/3/2015 0:00,Standard Class,EH-14125,12
CA-2015-115567,9/13/2015 0:00,9/18/2015 0:00,Standard Class,ZC-21910,135
US-2017-136679,11/14/2017 0:00,11/18/2017 0:00,Standard Class,XP-21865,90
US-2017-141943,5/5/2017 0:00,5/9/2017 0:00,Standard Class,DK-12985,35
CA-2014-159709,5/10/2014 0:00,5/15/2014 0:00,Standard Class,AI-10855,299
CA-2016-103982,3/3/2016 0:00,3/8/2016 0:00,Standard Class,AA-10315,218
CA-2015-142454,8/15/2015 0:00,8/19/2015 0:00,Standard Class,RE-19450,233
CA-2015-102015,9/12/2015 0:00,9/18/2015 0:00,Standard Class,TM-21010,136
CA-2015-156755,1/12/2015 0:00,1/18/2015 0:00,Standard Class,YS-21880,286
US-2017-159562,9/9/2017 0:00,9/15/2017 0:00,Standard Class,JB-16000,528
CA-2017-167080,6/10/2017 0:00,6/14/2017 0:00,Standard Class,LC-16930,165
CA-2014-140487,6/14/2014 0:00,6/20/2014 0:00,Standard Class,SR-20425,152
CA-2016-119865,6/21/2016 0:00,6/26/2016 0:00,Standard Class,AS-10090,165
US-2014-147648,11/26/2014 0:00,12/1/2014 0:00,Standard Class,LS-16975,10
CA-2014-115084,10/18/2014 0:00,10/22/2014 0:00,Standard Class,LS-17200,465
CA-2014-166744,9/20/2014 0:00,9/24/2014 0:00,Standard Class,DN-13690,210
CA-2016-116561,9/11/2016 0:00,9/17/2016 0:00,Standard Class,EB-14110,59
CA-2017-146367,8/4/2017 0:00,8/8/2017 0:00,Standard Class,HM-14860,297
US-2015-168914,5/21/2015 0:00,5/27/2015 0:00,Standard Class,JE-15745,529
CA-2015-106215,4/16/2015 0:00,4/21/2015 0:00,Standard Class,BN-11470,106
US-2016-169369,12/12/2016 0:00,12/18/2016 0:00,Standard Class,EC-14050,113
CA-2016-130078,8/8/2016 0:00,8/14/2016 0:00,Standard Class,CC-12145,337
US-2017-114034,1/3/2017 0:00,1/8/2017 0:00,Standard Class,DL-13315,350
CA-2017-158722,10/20/2017 0:00,10/26/2017 0:00,Standard Class,MA-17560,75
US-2017-114657,11/16/2017 0:00,11/21/2017 0:00,Standard Class,MH-18115,232
CA-2017-147333,12/14/2017 0:00,12/20/2017 0:00,Standard Class,KL-16555,146
CA-2014-113859,9/13/2014 0:00,9/17/2014 0:00,Standard Class,BC-11125,457
CA-2014-159681,12/7/2014 0:00,12/13/2014 0:00,Standard Class,PO-18850,221
US-2017-104094,9/7/2017 0:00,9/11/2017 0:00,Standard Class,AG-10675,202
CA-2017-152709,10/7/2017 0:00,10/12/2017 0:00,Standard Class,DB-13210,152
CA-2015-105158,9/5/2015 0:00,9/10/2015 0:00,Standard Class,SP-20860,39
CA-2014-133424,3/30/2014 0:00,4/4/2014 0:00,Standard Class,Dl-13600,60
US-2017-136784,4/30/2017 0:00,5/5/2017 0:00,Standard Class,AD-10180,35
CA-2014-146283,9/8/2014 0:00,9/15/2014 0:00,Standard Class,KT-16465,67
CA-2015-111073,12/26/2015 0:00,12/30/2015 0:00,Standard Class,MC-18100,82
CA-2017-144883,8/15/2017 0:00,8/19/2017 0:00,Standard Class,BO-11350,531
CA-2017-142174,3/4/2017 0:00,3/9/2017 0:00,Standard Class,DP-13000,17
CA-2017-108791,7/27/2017 0:00,7/31/2017 0:00,Standard Class,TM-21490,232
CA-2016-113831,5/30/2016 0:00,6/3/2016 0:00,Standard Class,AH-10690,29
US-2014-139500,11/16/2014 0:00,11/20/2014 0:00,Standard Class,AB-10165,68
US-2016-168410,2/21/2016 0:00,2/26/2016 0:00,Standard Class,BV-11245,188
CA-2016-123414,8/21/2016 0:00,8/27/2016 0:00,Standard Class,SU-20665,255
CA-2017-137876,4/30/2017 0:00,5/5/2017 0:00,Standard Class,DJ-13510,95
CA-2016-154060,5/2/2016 0:00,5/8/2016 0:00,Standard Class,DL-12865,308
CA-2015-119508,12/4/2015 0:00,12/9/2015 0:00,Standard Class,TZ-21580,469
CA-2015-152681,1/17/2015 0:00,1/22/2015 0:00,Standard Class,SC-20260,129
CA-2015-120320,3/5/2015 0:00,3/9/2015 0:00,Standard Class,MV-18190,67
CA-2016-123120,9/4/2016 0:00,9/8/2016 0:00,Standard Class,CV-12295,165
CA-2014-103331,8/26/2014 0:00,9/1/2014 0:00,Standard Class,KB-16315,286
CA-2015-169278,5/21/2015 0:00,5/25/2015 0:00,Standard Class,ME-18010,60
CA-2017-111577,10/16/2017 0:00,10/21/2017 0:00,Standard Class,AJ-10780,58
US-2014-168501,11/21/2014 0:00,11/27/2014 0:00,Standard Class,JK-15325,78
CA-2015-149811,1/4/2015 0:00,1/10/2015 0:00,Standard Class,CS-12250,533
US-2017-103814,12/9/2017 0:00,12/16/2017 0:00,Standard Class,LH-16900,139
CA-2016-123932,9/6/2016 0:00,9/12/2016 0:00,Standard Class,YC-21895,163
CA-2014-113768,5/13/2014 0:00,5/19/2014 0:00,Standard Class,AH-10030,26
CA-2016-138037,9/29/2016 0:00,10/3/2016 0:00,Standard Class,AR-10540,10
CA-2014-150490,8/5/2014 0:00,8/11/2014 0:00,Standard Class,SS-20590,35
US-2017-126060,4/14/2017 0:00,4/18/2017 0:00,Standard Class,DW-13585,307
CA-2016-122017,12/29/2016 0:00,1/2/2017 0:00,Standard Class,CD-11920,478
CA-2016-107790,11/20/2016 0:00,11/24/2016 0:00,Standard Class,EH-13990,17
CA-2017-158071,6/10/2017 0:00,6/15/2017 0:00,Standard Class,BD-11320,6
US-2017-136721,4/8/2017 0:00,4/12/2017 0:00,Standard Class,NH-18610,534
CA-2015-118738,10/24/2015 0:00,10/30/2015 0:00,Standard Class,AG-10495,17
CA-2017-134152,5/27/2017 0:00,5/31/2017 0:00,Standard Class,RP-19855,6
CA-2016-136021,8/14/2016 0:00,8/18/2016 0:00,Standard Class,JM-15580,63
CA-2017-161410,6/26/2017 0:00,7/3/2017 0:00,Standard Class,CC-12220,106
CA-2017-152786,3/12/2017 0:00,3/17/2017 0:00,Standard Class,GA-14725,535
US-2014-123183,11/19/2014 0:00,11/25/2014 0:00,Standard Class,GR-14560,50
CA-2016-145492,11/20/2016 0:00,11/27/2016 0:00,Standard Class,MC-17605,26
CA-2016-163202,9/27/2016 0:00,10/2/2016 0:00,Standard Class,BM-11650,404
CA-2016-117681,4/9/2016 0:00,4/14/2016 0:00,Standard Class,HF-14995,26
US-2016-143280,2/22/2016 0:00,2/26/2016 0:00,Standard Class,TZ-21580,63
CA-2017-108854,12/8/2017 0:00,12/14/2017 0:00,Standard Class,DM-13345,10
CA-2017-166856,9/18/2017 0:00,9/22/2017 0:00,Standard Class,TS-21505,536
US-2017-125647,9/23/2017 0:00,9/28/2017 0:00,Standard Class,LC-16870,156
US-2016-163258,12/29/2016 0:00,1/2/2017 0:00,Standard Class,PF-19225,63
US-2017-120649,1/20/2017 0:00,1/26/2017 0:00,Standard Class,JF-15490,506
CA-2017-117422,10/21/2017 0:00,10/25/2017 0:00,Standard Class,FC-14245,347
CA-2017-129707,4/25/2017 0:00,4/29/2017 0:00,Standard Class,LH-16750,524
CA-2015-160171,10/19/2015 0:00,10/24/2015 0:00,Standard Class,RM-19675,142
CA-2017-155929,9/9/2017 0:00,9/13/2017 0:00,Standard Class,AI-10855,277
CA-2016-128307,7/25/2016 0:00,7/29/2016 0:00,Standard Class,BE-11335,17
US-2014-119081,9/12/2014 0:00,9/19/2014 0:00,Standard Class,TA-21385,311
CA-2016-140613,7/22/2016 0:00,7/29/2016 0:00,Standard Class,KN-16705,385
US-2017-108700,5/19/2017 0:00,5/23/2017 0:00,Standard Class,PJ-18835,229
CA-2017-160962,4/28/2017 0:00,5/2/2017 0:00,Standard Class,MC-17605,106
CA-2017-130631,12/29/2017 0:00,1/2/2018 0:00,Standard Class,BS-11755,200
US-2014-107405,3/21/2014 0:00,3/25/2014 0:00,Standard Class,TS-21205,197
CA-2017-101574,9/28/2017 0:00,10/4/2017 0:00,Standard Class,BD-11725,4
CA-2016-122448,6/9/2016 0:00,6/14/2016 0:00,Standard Class,DB-13210,10
CA-2016-158547,5/30/2016 0:00,6/4/2016 0:00,Standard Class,JM-16195,73
CA-2017-116946,12/19/2017 0:00,12/23/2017 0:00,Standard Class,TS-21505,148
CA-2016-121356,11/20/2016 0:00,11/24/2016 0:00,Standard Class,SJ-20500,286
CA-2014-101770,3/31/2014 0:00,4/4/2014 0:00,Standard Class,KB-16240,124
CA-2017-105487,10/8/2017 0:00,10/14/2017 0:00,Standard Class,CS-12250,189
CA-2017-148999,1/30/2017 0:00,2/4/2017 0:00,Standard Class,EB-13870,230
CA-2014-107573,12/12/2014 0:00,12/17/2014 0:00,Standard Class,PB-19150,329
CA-2015-156608,10/24/2015 0:00,10/29/2015 0:00,Standard Class,MT-18070,66
CA-2015-113523,9/4/2015 0:00,9/8/2015 0:00,Standard Class,SC-20440,12
CA-2017-117821,6/12/2017 0:00,6/16/2017 0:00,Standard Class,HG-15025,369
CA-2017-127782,11/2/2017 0:00,11/6/2017 0:00,Standard Class,TH-21115,12
CA-2016-150000,4/8/2016 0:00,4/14/2016 0:00,Standard Class,PG-18820,270
CA-2015-168529,10/8/2015 0:00,10/12/2015 0:00,Standard Class,MB-17305,35
US-2017-152569,5/15/2017 0:00,5/20/2017 0:00,Standard Class,JD-16015,156
US-2014-137680,2/24/2014 0:00,3/2/2014 0:00,Standard Class,JH-15430,326
CA-2017-117667,12/4/2017 0:00,12/9/2017 0:00,Standard Class,MS-17980,64
CA-2017-154501,4/30/2017 0:00,5/5/2017 0:00,Standard Class,EA-14035,142
CA-2017-166933,4/24/2017 0:00,4/28/2017 0:00,Standard Class,MG-17890,538
CA-2015-137106,3/31/2015 0:00,4/4/2015 0:00,Standard Class,SC-20260,134
CA-2017-136609,8/6/2017 0:00,8/11/2017 0:00,Standard Class,TB-21355,539
CA-2017-160885,12/2/2017 0:00,12/6/2017 0:00,Standard Class,JK-16090,199
CA-2015-120551,4/13/2015 0:00,4/20/2015 0:00,Standard Class,SS-20590,540
US-2017-150595,5/22/2017 0:00,5/26/2017 0:00,Standard Class,LE-16810,156
CA-2016-134936,12/19/2016 0:00,12/25/2016 0:00,Standard Class,ES-14080,116
CA-2017-102967,9/22/2017 0:00,9/26/2017 0:00,Standard Class,MG-17890,209
US-2014-159618,11/12/2014 0:00,11/16/2014 0:00,Standard Class,DB-12970,67
CA-2015-125066,12/14/2015 0:00,12/18/2015 0:00,Standard Class,KD-16495,130
US-2015-114741,12/6/2015 0:00,12/10/2015 0:00,Standard Class,IL-15100,284
CA-2014-151162,12/5/2014 0:00,12/9/2014 0:00,Standard Class,EA-14035,48
CA-2016-136686,12/12/2016 0:00,12/16/2016 0:00,Standard Class,RF-19840,55
CA-2017-163818,10/4/2017 0:00,10/8/2017 0:00,Standard Class,PS-18970,235
CA-2017-105333,11/30/2017 0:00,12/4/2017 0:00,Standard Class,VP-21730,165
CA-2014-168158,7/19/2014 0:00,7/24/2014 0:00,Standard Class,EM-14140,151
US-2017-108014,11/19/2017 0:00,11/25/2017 0:00,Standard Class,JH-15430,178
CA-2015-159779,9/25/2015 0:00,9/29/2015 0:00,Standard Class,SB-20185,209
CA-2017-151176,2/13/2017 0:00,2/20/2017 0:00,Standard Class,SV-20785,309
CA-2015-142475,12/3/2015 0:00,12/7/2015 0:00,Standard Class,BS-11380,165
CA-2016-134516,9/20/2016 0:00,9/25/2016 0:00,Standard Class,FM-14215,308
CA-2015-168634,12/6/2015 0:00,12/11/2015 0:00,Standard Class,AF-10870,10
CA-2017-117198,8/31/2017 0:00,9/5/2017 0:00,Standard Class,BG-11035,69
CA-2017-121027,8/18/2017 0:00,8/22/2017 0:00,Standard Class,HW-14935,60
CA-2016-147431,2/2/2016 0:00,2/7/2016 0:00,Standard Class,AB-10105,165
CA-2017-125745,6/30/2017 0:00,7/4/2017 0:00,Standard Class,DV-13045,32
US-2016-124163,9/25/2016 0:00,9/30/2016 0:00,Standard Class,SC-20695,500
CA-2017-148810,6/26/2017 0:00,7/1/2017 0:00,Standard Class,DR-12880,124
CA-2014-127614,2/11/2014 0:00,2/15/2014 0:00,Standard Class,NF-18385,338
CA-2017-123022,9/3/2017 0:00,9/8/2017 0:00,Standard Class,SC-20050,543
CA-2017-113208,3/26/2017 0:00,4/2/2017 0:00,Standard Class,ML-18040,166
CA-2014-154893,12/21/2014 0:00,12/27/2014 0:00,Standard Class,GM-14440,143
CA-2014-147900,9/23/2014 0:00,9/28/2014 0:00,Standard Class,JK-15640,347
CA-2017-127117,4/14/2017 0:00,4/19/2017 0:00,Standard Class,HM-14860,93
CA-2015-104241,1/4/2015 0:00,1/9/2015 0:00,Standard Class,AG-10495,213
CA-2017-168179,11/2/2017 0:00,11/7/2017 0:00,Standard Class,JB-16000,364
US-2014-134187,11/4/2014 0:00,11/11/2014 0:00,Standard Class,TH-21235,107
CA-2016-108875,9/24/2016 0:00,10/1/2016 0:00,Standard Class,CL-12700,43
CA-2016-142405,6/11/2016 0:00,6/15/2016 0:00,Standard Class,SE-20110,6
CA-2017-127922,10/27/2017 0:00,11/3/2017 0:00,Standard Class,SH-19975,177
CA-2016-146318,1/22/2016 0:00,1/27/2016 0:00,Standard Class,MC-17275,60
CA-2014-135993,5/28/2014 0:00,6/2/2014 0:00,Standard Class,PJ-18835,61
CA-2014-126802,12/29/2014 0:00,1/5/2015 0:00,Standard Class,ZC-21910,27
CA-2016-143924,7/28/2016 0:00,8/3/2016 0:00,Standard Class,SC-20680,545
CA-2016-141551,9/24/2016 0:00,9/30/2016 0:00,Standard Class,BP-11230,474
CA-2014-164315,4/2/2014 0:00,4/8/2014 0:00,Standard Class,RD-19585,507
CA-2015-119550,12/26/2015 0:00,12/31/2015 0:00,Standard Class,RB-19705,33
US-2015-138093,12/10/2015 0:00,12/16/2015 0:00,Standard Class,KM-16225,309
CA-2017-126123,10/14/2017 0:00,10/18/2017 0:00,Standard Class,AG-10765,37
CA-2017-148320,11/3/2017 0:00,11/8/2017 0:00,Standard Class,PG-18895,10
US-2014-123519,12/14/2014 0:00,12/21/2014 0:00,Standard Class,SS-20875,369
CA-2014-155593,11/3/2014 0:00,11/8/2014 0:00,Standard Class,RP-19390,70
CA-2017-116939,9/25/2017 0:00,9/29/2017 0:00,Standard Class,AG-10900,196
CA-2016-165820,9/26/2016 0:00,9/30/2016 0:00,Standard Class,DW-13585,10
CA-2014-103191,9/22/2014 0:00,9/27/2014 0:00,Standard Class,VG-21805,156
CA-2015-110548,5/4/2015 0:00,5/8/2015 0:00,Standard Class,AH-10690,15
CA-2017-117324,12/8/2017 0:00,12/13/2017 0:00,Standard Class,JP-15520,8
CA-2014-148614,1/20/2014 0:00,1/25/2014 0:00,Standard Class,MV-17485,14
CA-2017-156139,12/31/2016 0:00,1/6/2017 0:00,Standard Class,BP-11155,10
CA-2016-113733,12/8/2016 0:00,12/12/2016 0:00,Standard Class,LH-16900,255
CA-2017-104913,11/18/2017 0:00,11/22/2017 0:00,Standard Class,DK-13090,256
CA-2014-145800,5/30/2014 0:00,6/5/2014 0:00,Standard Class,SS-20410,547
CA-2016-125850,1/22/2016 0:00,1/28/2016 0:00,Standard Class,FP-14320,89
CA-2016-118514,2/3/2016 0:00,2/10/2016 0:00,Standard Class,LC-17050,127
CA-2014-163748,10/14/2014 0:00,10/18/2014 0:00,Standard Class,HG-15025,7
CA-2015-119634,11/8/2015 0:00,8/16/2015 0:00,Standard Class,BW-11065,315
US-2014-126340,11/8/2014 0:00,11/14/2014 0:00,Standard Class,EB-13870,549
CA-2016-149685,10/8/2016 0:00,10/15/2016 0:00,Standard Class,PM-19135,66
CA-2015-154900,2/25/2015 0:00,3/1/2015 0:00,Standard Class,SS-20875,344
CA-2015-103835,9/24/2015 0:00,9/28/2015 0:00,Standard Class,SC-20440,4
CA-2015-158939,11/26/2015 0:00,12/1/2015 0:00,Standard Class,EA-14035,335
CA-2016-117408,8/31/2016 0:00,9/6/2016 0:00,Standard Class,TP-21130,527
CA-2016-142398,4/12/2016 0:00,4/16/2016 0:00,Standard Class,BP-11290,2
CA-2016-105277,12/4/2016 0:00,12/8/2016 0:00,Standard Class,LM-17065,136
CA-2016-112060,12/4/2016 0:00,12/9/2016 0:00,Standard Class,KT-16465,10
CA-2014-105270,11/11/2014 0:00,11/18/2014 0:00,Standard Class,AP-10915,142
US-2015-159513,4/2/2015 0:00,4/9/2015 0:00,Standard Class,JD-15790,14
CA-2017-141117,10/2/2017 0:00,10/8/2017 0:00,Standard Class,JK-16090,331
US-2017-106796,5/12/2017 0:00,5/19/2017 0:00,Standard Class,JP-16135,158
CA-2017-113873,11/13/2017 0:00,11/19/2017 0:00,Standard Class,KE-16420,78
CA-2016-125017,2/6/2016 0:00,2/11/2016 0:00,Standard Class,KB-16240,429
US-2015-163279,3/22/2015 0:00,3/26/2015 0:00,Standard Class,JD-16150,89
CA-2017-117632,5/12/2017 0:00,5/18/2017 0:00,Standard Class,CS-12175,35
CA-2016-122063,12/3/2016 0:00,12/7/2016 0:00,Standard Class,MM-17920,239
CA-2015-111206,7/18/2015 0:00,7/22/2015 0:00,Standard Class,RF-19735,189
CA-2016-142895,7/21/2016 0:00,7/26/2016 0:00,Standard Class,BP-11290,5
CA-2015-101868,6/9/2015 0:00,6/16/2015 0:00,Standard Class,MJ-17740,329
CA-2017-133207,11/27/2017 0:00,12/3/2017 0:00,Standard Class,DO-13645,2
CA-2015-132948,3/27/2015 0:00,4/3/2015 0:00,Standard Class,MV-17485,61
CA-2015-126725,11/17/2015 0:00,11/21/2015 0:00,Standard Class,BS-11665,189
CA-2015-121783,11/10/2015 0:00,11/14/2015 0:00,Standard Class,PO-19180,531
US-2014-138835,9/10/2014 0:00,9/14/2014 0:00,Standard Class,DA-13450,221
CA-2015-112214,8/5/2015 0:00,8/11/2015 0:00,Standard Class,AH-10690,78
CA-2015-108119,11/1/2015 0:00,11/8/2015 0:00,Standard Class,MS-17530,552
CA-2016-158211,1/4/2016 0:00,1/8/2016 0:00,Standard Class,BP-11185,106
CA-2016-152247,11/7/2016 0:00,11/12/2016 0:00,Standard Class,MA-17995,553
CA-2016-154235,9/24/2016 0:00,9/28/2016 0:00,Standard Class,RD-19900,464
CA-2017-129910,3/30/2017 0:00,4/3/2017 0:00,Standard Class,ME-17320,113
CA-2014-152443,5/21/2014 0:00,5/26/2014 0:00,Standard Class,FG-14260,129
CA-2016-133319,9/5/2016 0:00,9/11/2016 0:00,Standard Class,MV-17485,165
CA-2016-133935,9/18/2016 0:00,9/22/2016 0:00,Standard Class,JW-15220,189
CA-2015-147879,5/7/2015 0:00,5/12/2015 0:00,Standard Class,CC-12220,554
CA-2016-146157,11/21/2016 0:00,11/26/2016 0:00,Standard Class,RD-19720,27
CA-2017-159954,9/10/2017 0:00,9/14/2017 0:00,Standard Class,SS-20410,149
CA-2017-100825,9/9/2017 0:00,9/14/2017 0:00,Standard Class,KD-16495,2
CA-2014-168305,11/1/2014 0:00,11/8/2014 0:00,Standard Class,PL-18925,14
CA-2016-167682,4/3/2016 0:00,4/9/2016 0:00,Standard Class,ZD-21925,239
CA-2017-108000,1/12/2017 0:00,1/16/2017 0:00,Standard Class,LS-16945,95
CA-2015-146465,11/20/2015 0:00,11/24/2015 0:00,Standard Class,PB-18805,35
CA-2016-159639,11/27/2016 0:00,12/2/2016 0:00,Standard Class,PC-18745,74
US-2016-113985,12/2/2016 0:00,12/7/2016 0:00,Standard Class,KD-16495,59
CA-2016-155383,12/17/2016 0:00,12/22/2016 0:00,Standard Class,SC-20680,61
CA-2017-150420,6/3/2017 0:00,6/8/2017 0:00,Standard Class,GD-14590,397
US-2014-118997,4/8/2014 0:00,4/12/2014 0:00,Standard Class,RA-19885,34
CA-2014-114314,10/11/2014 0:00,10/15/2014 0:00,Standard Class,DB-13555,146
CA-2017-122077,5/19/2017 0:00,5/25/2017 0:00,Standard Class,JF-15295,303
CA-2016-151092,8/6/2016 0:00,8/13/2016 0:00,Standard Class,VG-21790,4
CA-2014-104178,8/25/2014 0:00,8/29/2014 0:00,Standard Class,JM-15265,2
US-2017-141698,4/15/2017 0:00,4/21/2017 0:00,Standard Class,SD-20485,17
CA-2017-119011,8/20/2017 0:00,8/25/2017 0:00,Standard Class,LR-17035,10
CA-2015-143980,12/25/2015 0:00,12/29/2015 0:00,Standard Class,JK-15640,165
CA-2016-135636,10/8/2016 0:00,10/13/2016 0:00,Standard Class,DB-13615,44
CA-2017-102155,7/13/2017 0:00,7/17/2017 0:00,Standard Class,RR-19525,440
CA-2014-117765,9/7/2014 0:00,9/13/2014 0:00,Standard Class,RB-19465,313
CA-2016-163776,7/19/2016 0:00,7/25/2016 0:00,Standard Class,JS-16030,502
US-2017-163300,9/15/2017 0:00,9/21/2017 0:00,Standard Class,ES-14020,14
US-2014-112991,12/10/2014 0:00,12/14/2014 0:00,Standard Class,SH-19975,555
CA-2014-124079,12/13/2014 0:00,12/17/2014 0:00,Standard Class,RF-19345,52
US-2017-146878,9/21/2017 0:00,9/27/2017 0:00,Standard Class,DL-12865,230
CA-2017-107244,9/7/2017 0:00,9/11/2017 0:00,Standard Class,AG-10390,26
CA-2015-100657,11/2/2015 0:00,11/7/2015 0:00,Standard Class,SW-20245,25
CA-2017-129581,12/11/2017 0:00,12/18/2017 0:00,Standard Class,KN-16390,274
CA-2015-135580,12/30/2015 0:00,1/3/2016 0:00,Standard Class,CL-12565,14
CA-2014-102652,4/6/2014 0:00,4/12/2014 0:00,Standard Class,AY-10555,14
CA-2014-130869,11/17/2014 0:00,11/21/2014 0:00,Standard Class,CB-12025,539
CA-2017-136007,2/23/2017 0:00,3/2/2017 0:00,Standard Class,AC-10615,61
CA-2016-101168,12/25/2016 0:00,1/1/2017 0:00,Standard Class,SS-20140,557
CA-2015-130253,12/14/2015 0:00,12/18/2015 0:00,Standard Class,PP-18955,2
US-2015-155369,4/19/2015 0:00,4/25/2015 0:00,Standard Class,PG-18820,297
CA-2016-131205,9/4/2016 0:00,9/8/2016 0:00,Standard Class,AA-10645,522
CA-2017-122364,9/24/2017 0:00,9/29/2017 0:00,Standard Class,FA-14230,142
CA-2016-117912,2/4/2016 0:00,2/8/2016 0:00,Standard Class,TB-21520,172
CA-2015-113215,9/3/2015 0:00,9/8/2015 0:00,Standard Class,CP-12085,116
CA-2016-154662,6/9/2016 0:00,6/16/2016 0:00,Standard Class,BF-11215,40
CA-2015-105571,11/7/2015 0:00,11/11/2015 0:00,Standard Class,CP-12340,230
CA-2015-153878,4/25/2015 0:00,4/30/2015 0:00,Standard Class,TS-21655,202
CA-2014-138072,12/30/2014 0:00,1/3/2015 0:00,Standard Class,GA-14725,75
CA-2015-134201,4/10/2015 0:00,4/16/2015 0:00,Standard Class,EH-14125,145
CA-2015-151547,1/17/2015 0:00,1/23/2015 0:00,Standard Class,AH-10465,558
CA-2017-166695,5/20/2017 0:00,5/24/2017 0:00,Standard Class,CC-12430,469
CA-2017-167542,8/13/2017 0:00,8/20/2017 0:00,Standard Class,KD-16495,75
CA-2015-120901,12/31/2015 0:00,1/4/2016 0:00,Standard Class,BG-11035,111
CA-2017-121398,12/25/2017 0:00,12/29/2017 0:00,Standard Class,FH-14365,142
CA-2016-151561,9/1/2016 0:00,9/7/2016 0:00,Standard Class,PG-18820,165
US-2016-132577,11/22/2016 0:00,11/27/2016 0:00,Standard Class,JE-15475,15
CA-2015-114048,12/14/2015 0:00,12/18/2015 0:00,Standard Class,EH-13945,147
CA-2015-137281,6/13/2015 0:00,6/17/2015 0:00,Standard Class,BF-10975,237
CA-2015-147011,6/18/2015 0:00,6/22/2015 0:00,Standard Class,HR-14830,329
CA-2014-120852,12/20/2014 0:00,12/25/2014 0:00,Standard Class,WB-21850,71
CA-2016-150007,9/11/2016 0:00,9/16/2016 0:00,Standard Class,AS-10090,156
CA-2016-124590,11/12/2016 0:00,11/16/2016 0:00,Standard Class,SP-20920,272
CA-2016-133802,3/14/2016 0:00,3/20/2016 0:00,Standard Class,SP-20650,559
US-2016-113677,11/13/2016 0:00,11/19/2016 0:00,Standard Class,CM-12655,165
CA-2017-143378,9/19/2017 0:00,9/25/2017 0:00,Standard Class,JR-16210,331
CA-2017-152660,12/4/2017 0:00,12/9/2017 0:00,Standard Class,CB-12415,27
CA-2015-142139,8/31/2015 0:00,9/5/2015 0:00,Standard Class,SD-20485,472
CA-2017-145772,6/3/2017 0:00,6/7/2017 0:00,Standard Class,SS-20140,2
CA-2017-162033,3/26/2017 0:00,4/2/2017 0:00,Standard Class,EM-14200,221
CA-2014-163447,12/27/2014 0:00,12/31/2014 0:00,Standard Class,TB-21190,165
CA-2017-145737,9/15/2017 0:00,9/20/2017 0:00,Standard Class,AB-10165,560
CA-2015-105613,10/18/2015 0:00,10/22/2015 0:00,Standard Class,KN-16705,479
CA-2014-131247,3/30/2014 0:00,4/4/2014 0:00,Standard Class,GA-14725,95
CA-2017-121083,7/9/2017 0:00,7/15/2017 0:00,Standard Class,JF-15190,114
CA-2017-151190,6/27/2017 0:00,7/1/2017 0:00,Standard Class,GT-14710,199
CA-2014-133543,12/22/2014 0:00,12/26/2014 0:00,Standard Class,KM-16660,59
CA-2017-105130,11/21/2017 0:00,11/25/2017 0:00,Standard Class,PJ-18835,35
CA-2017-139437,7/3/2017 0:00,7/8/2017 0:00,Standard Class,RD-19585,26
CA-2016-161025,12/3/2016 0:00,12/9/2016 0:00,Standard Class,GM-14440,14
CA-2015-142433,4/20/2015 0:00,4/25/2015 0:00,Standard Class,ES-14020,67
US-2014-106299,8/2/2014 0:00,8/8/2014 0:00,Standard Class,NZ-18565,335
CA-2015-158421,9/21/2015 0:00,9/26/2015 0:00,Standard Class,GB-14575,38
CA-2015-138331,8/7/2015 0:00,8/12/2015 0:00,Standard Class,JK-15625,75
CA-2017-157903,4/4/2017 0:00,4/8/2017 0:00,Standard Class,AM-10705,562
CA-2017-104927,12/22/2017 0:00,12/26/2017 0:00,Standard Class,AG-10330,15
CA-2017-113453,10/21/2017 0:00,10/28/2017 0:00,Standard Class,CM-12160,106
CA-2015-149909,11/13/2015 0:00,11/17/2015 0:00,Standard Class,RA-19915,135
CA-2015-146675,4/16/2015 0:00,4/20/2015 0:00,Standard Class,SB-20185,190
CA-2016-118332,12/16/2016 0:00,12/23/2016 0:00,Standard Class,PK-19075,431
CA-2016-133669,10/21/2016 0:00,10/27/2016 0:00,Standard Class,SV-20935,48
CA-2017-148138,9/29/2017 0:00,10/3/2017 0:00,Standard Class,ME-18010,369
CA-2017-119809,8/18/2017 0:00,8/25/2017 0:00,Standard Class,YS-21880,6
CA-2014-128538,10/11/2014 0:00,10/15/2014 0:00,Standard Class,AS-10240,415
US-2015-129553,7/27/2015 0:00,8/2/2015 0:00,Standard Class,PG-18820,176
CA-2016-160220,10/20/2016 0:00,10/26/2016 0:00,Standard Class,JS-16030,191
CA-2017-140627,12/23/2017 0:00,12/27/2017 0:00,Standard Class,DK-12985,564
CA-2015-133445,10/5/2015 0:00,10/9/2015 0:00,Standard Class,JF-15490,41
CA-2014-148782,11/2/2014 0:00,11/7/2014 0:00,Standard Class,PO-18850,275
CA-2016-148208,1/22/2016 0:00,1/27/2016 0:00,Standard Class,BT-11530,178
CA-2017-127656,7/11/2017 0:00,7/17/2017 0:00,Standard Class,NW-18400,565
CA-2016-144400,2/23/2016 0:00,2/27/2016 0:00,Standard Class,AC-10420,75
CA-2015-134075,12/12/2015 0:00,12/16/2015 0:00,Standard Class,HA-14905,59
CA-2014-134621,12/21/2014 0:00,12/28/2014 0:00,Standard Class,DP-13390,85
CA-2016-165561,11/24/2016 0:00,11/28/2016 0:00,Standard Class,CR-12580,293
CA-2015-112305,11/20/2015 0:00,11/25/2015 0:00,Standard Class,KB-16405,60
CA-2017-121580,5/29/2017 0:00,6/4/2017 0:00,Standard Class,ML-17410,135
CA-2015-151624,9/8/2015 0:00,9/14/2015 0:00,Standard Class,VW-21775,154
CA-2017-139444,9/9/2017 0:00,9/15/2017 0:00,Standard Class,GK-14620,303
CA-2015-162607,5/12/2015 0:00,5/18/2015 0:00,Standard Class,RO-19780,61
CA-2017-103506,7/23/2017 0:00,7/27/2017 0:00,Standard Class,LR-17035,256
CA-2017-160724,5/5/2017 0:00,5/10/2017 0:00,Standard Class,YS-21880,113
CA-2014-146731,11/3/2014 0:00,11/8/2014 0:00,Standard Class,AT-10735,396
CA-2017-102379,12/2/2017 0:00,12/6/2017 0:00,Standard Class,BB-11545,233
CA-2017-152226,5/12/2017 0:00,5/16/2017 0:00,Standard Class,JH-15910,94
CA-2015-116484,11/20/2015 0:00,11/26/2015 0:00,Standard Class,JK-15205,369
CA-2016-100944,9/24/2016 0:00,9/28/2016 0:00,Standard Class,EH-13765,14
CA-2016-125080,10/21/2016 0:00,10/26/2016 0:00,Standard Class,VW-21775,347
CA-2016-121020,10/24/2016 0:00,10/31/2016 0:00,Standard Class,CG-12040,560
CA-2014-100090,7/8/2014 0:00,7/12/2014 0:00,Standard Class,EB-13705,35
CA-2015-151253,4/22/2015 0:00,4/26/2015 0:00,Standard Class,AZ-10750,142
CA-2014-141313,12/28/2014 0:00,1/1/2015 0:00,Standard Class,AJ-10780,568
CA-2014-169852,10/21/2014 0:00,10/26/2014 0:00,Standard Class,SF-20965,143
US-2014-161305,6/6/2014 0:00,6/12/2014 0:00,Standard Class,SB-20170,37
CA-2017-166919,11/23/2017 0:00,11/27/2017 0:00,Standard Class,AH-10210,78
CA-2014-112837,9/11/2014 0:00,9/16/2014 0:00,Standard Class,LW-17125,570
CA-2017-120019,2/16/2017 0:00,2/21/2017 0:00,Standard Class,NG-18355,70
CA-2014-100762,11/24/2014 0:00,11/29/2014 0:00,Standard Class,NG-18355,31
CA-2017-160017,9/28/2017 0:00,10/2/2017 0:00,Standard Class,SP-20860,134
CA-2014-123316,10/13/2014 0:00,10/16/2014 0:00,Standard Class,SP-20545,185
CA-2014-104402,6/17/2014 0:00,6/23/2014 0:00,Standard Class,DB-13660,286
CA-2015-110289,10/29/2015 0:00,11/2/2015 0:00,Standard Class,NB-18655,10
CA-2014-167927,1/20/2014 0:00,1/26/2014 0:00,Standard Class,XP-21865,21
CA-2014-133305,7/11/2014 0:00,7/15/2014 0:00,Standard Class,MH-17455,165
CA-2016-165995,8/30/2016 0:00,9/6/2016 0:00,Standard Class,BG-11740,142
CA-2015-104486,5/1/2015 0:00,5/6/2015 0:00,Standard Class,PO-18850,10
CA-2017-161557,9/3/2017 0:00,9/8/2017 0:00,Standard Class,AG-10900,163
CA-2017-161130,11/3/2017 0:00,11/8/2017 0:00,Standard Class,BF-11275,329
US-2015-161347,9/13/2015 0:00,9/19/2015 0:00,Standard Class,HG-14845,75
US-2015-109015,9/6/2015 0:00,9/12/2015 0:00,Standard Class,BS-11590,165
CA-2014-110611,10/6/2014 0:00,10/13/2014 0:00,Standard Class,JD-16015,75
CA-2017-139080,1/23/2017 0:00,1/28/2017 0:00,Standard Class,CS-12250,6
CA-2015-115693,12/10/2015 0:00,12/15/2015 0:00,Standard Class,FC-14245,4
US-2014-107993,11/25/2014 0:00,11/30/2014 0:00,Standard Class,SE-20110,331
CA-2017-110443,11/21/2017 0:00,11/25/2017 0:00,Standard Class,CK-12205,571
US-2017-147998,5/19/2017 0:00,5/24/2017 0:00,Standard Class,SA-20830,59
CA-2016-103919,10/3/2016 0:00,10/7/2016 0:00,Standard Class,TP-21565,71
CA-2014-107811,4/29/2014 0:00,5/3/2014 0:00,Standard Class,LA-16780,32
US-2016-116442,12/15/2016 0:00,12/22/2016 0:00,Standard Class,BP-11230,26
CA-2017-150623,4/10/2017 0:00,4/14/2017 0:00,Standard Class,DB-13360,506
US-2014-163797,4/8/2014 0:00,4/13/2014 0:00,Standard Class,PC-19000,524
CA-2016-127236,3/29/2016 0:00,4/2/2016 0:00,Standard Class,TB-21595,158
CA-2014-134103,1/30/2014 0:00,2/4/2014 0:00,Standard Class,MV-18190,152
CA-2015-147529,2/7/2015 0:00,2/11/2015 0:00,Standard Class,DK-12835,29
CA-2016-129126,12/14/2016 0:00,12/19/2016 0:00,Standard Class,PK-19075,165
CA-2017-131632,10/31/2017 0:00,11/4/2017 0:00,Standard Class,AH-10120,163
CA-2017-151981,8/6/2017 0:00,8/12/2017 0:00,Standard Class,GM-14455,209
CA-2015-156328,11/30/2015 0:00,12/5/2015 0:00,Standard Class,RM-19375,315
CA-2017-151211,8/17/2017 0:00,8/23/2017 0:00,Standard Class,AH-10120,176
CA-2016-111976,3/8/2016 0:00,3/12/2016 0:00,Standard Class,BD-11620,75
CA-2016-140130,10/31/2016 0:00,11/5/2016 0:00,Standard Class,HW-14935,313
CA-2014-159121,7/26/2014 0:00,8/1/2014 0:00,Standard Class,JO-15145,541
CA-2017-115777,8/19/2017 0:00,8/24/2017 0:00,Standard Class,DO-13645,129
CA-2016-143714,5/23/2016 0:00,5/27/2016 0:00,Standard Class,CC-12370,75
CA-2014-165764,11/3/2014 0:00,11/7/2014 0:00,Standard Class,SH-20395,223
CA-2015-121405,3/30/2015 0:00,4/4/2015 0:00,Standard Class,FC-14335,27
US-2017-113992,12/14/2017 0:00,12/19/2017 0:00,Standard Class,LC-16885,303
CA-2015-151785,3/5/2015 0:00,3/10/2015 0:00,Standard Class,JJ-15445,37
CA-2015-156510,9/25/2015 0:00,9/29/2015 0:00,Standard Class,EH-13990,317
CA-2015-125710,10/8/2015 0:00,10/13/2015 0:00,Standard Class,BT-11680,67
US-2016-155404,9/22/2016 0:00,9/28/2016 0:00,Standard Class,AS-10630,176
CA-2015-114503,11/13/2015 0:00,11/17/2015 0:00,Standard Class,AA-10375,560
CA-2016-163804,12/2/2016 0:00,12/8/2016 0:00,Standard Class,DB-13270,260
CA-2015-108532,8/29/2015 0:00,9/2/2015 0:00,Standard Class,CC-12100,152
CA-2014-151897,6/6/2014 0:00,6/10/2014 0:00,Standard Class,VT-21700,33
CA-2017-140872,6/3/2017 0:00,6/10/2017 0:00,Standard Class,NR-18550,119
CA-2017-113908,6/3/2017 0:00,6/9/2017 0:00,Standard Class,KN-16390,165
CA-2015-120621,3/21/2015 0:00,3/26/2015 0:00,Standard Class,JW-16075,223
US-2017-148866,9/19/2017 0:00,9/24/2017 0:00,Standard Class,JM-15535,165
CA-2014-149594,9/15/2014 0:00,9/19/2014 0:00,Standard Class,MF-18250,75
CA-2016-113845,11/20/2016 0:00,11/25/2016 0:00,Standard Class,FA-14230,416
CA-2015-103135,7/24/2015 0:00,7/28/2015 0:00,Standard Class,SS-20515,176
CA-2014-129147,11/2/2014 0:00,11/6/2014 0:00,Standard Class,LC-17050,82
CA-2016-152331,6/26/2016 0:00,6/30/2016 0:00,Standard Class,LD-16855,156
CA-2017-167640,3/6/2017 0:00,3/10/2017 0:00,Standard Class,FC-14245,10
US-2017-116652,9/15/2017 0:00,9/19/2017 0:00,Standard Class,RD-19480,35
CA-2016-129308,7/7/2016 0:00,7/13/2016 0:00,Standard Class,CC-12100,75
CA-2014-103744,2/23/2014 0:00,2/27/2014 0:00,Standard Class,MG-17875,295
US-2017-107384,12/4/2017 0:00,12/8/2017 0:00,Standard Class,TP-21130,39
CA-2014-128209,11/17/2014 0:00,11/22/2014 0:00,Standard Class,GT-14710,251
CA-2015-109862,10/25/2015 0:00,10/30/2015 0:00,Standard Class,HK-14890,286
US-2017-154872,5/14/2017 0:00,5/18/2017 0:00,Standard Class,DP-13000,178
CA-2014-113880,3/1/2014 0:00,3/5/2014 0:00,Standard Class,VF-21715,387
CA-2015-166947,6/5/2015 0:00,6/10/2015 0:00,Standard Class,EB-13750,251
CA-2016-160941,7/21/2016 0:00,7/26/2016 0:00,Standard Class,DK-12835,53
CA-2014-166086,5/7/2014 0:00,5/12/2014 0:00,Standard Class,CT-11995,129
CA-2014-100678,4/18/2014 0:00,4/22/2014 0:00,Standard Class,KM-16720,15
CA-2016-161543,5/10/2016 0:00,5/16/2016 0:00,Standard Class,RD-19720,60
CA-2016-160535,11/25/2016 0:00,11/30/2016 0:00,Standard Class,BP-11050,171
CA-2017-123085,3/3/2017 0:00,3/8/2017 0:00,Standard Class,EJ-13720,142
CA-2014-103660,8/25/2014 0:00,8/30/2014 0:00,Standard Class,MW-18220,6
CA-2016-148516,8/7/2016 0:00,8/11/2016 0:00,Standard Class,DW-13585,200
CA-2017-104731,7/21/2017 0:00,7/27/2017 0:00,Standard Class,AM-10705,271
CA-2015-103716,4/30/2015 0:00,5/6/2015 0:00,Standard Class,KB-16585,95
CA-2015-146290,5/4/2015 0:00,5/11/2015 0:00,Standard Class,SV-20815,305
CA-2014-169257,6/6/2014 0:00,6/12/2014 0:00,Standard Class,SV-20785,134
CA-2014-154095,12/2/2014 0:00,12/7/2014 0:00,Standard Class,ON-18715,235
CA-2016-148852,5/26/2016 0:00,5/30/2016 0:00,Standard Class,SV-20785,201
CA-2015-107678,4/21/2015 0:00,4/28/2015 0:00,Standard Class,JK-16090,176
CA-2015-141250,1/19/2015 0:00,1/23/2015 0:00,Standard Class,PM-18940,575
CA-2014-138513,5/23/2014 0:00,5/27/2014 0:00,Standard Class,EH-13990,293
CA-2015-125696,10/2/2015 0:00,10/6/2015 0:00,Standard Class,NP-18685,576
CA-2016-105081,12/25/2016 0:00,12/30/2016 0:00,Standard Class,JE-15715,61
CA-2017-128328,8/5/2017 0:00,8/9/2017 0:00,Standard Class,PO-18865,305
US-2015-156496,8/10/2015 0:00,8/16/2015 0:00,Standard Class,WB-21850,314
US-2016-127334,12/15/2016 0:00,12/21/2016 0:00,Standard Class,MP-18175,331
CA-2017-135937,2/20/2017 0:00,2/27/2017 0:00,Standard Class,KM-16375,28
CA-2017-162173,10/26/2017 0:00,11/1/2017 0:00,Standard Class,OT-18730,221
CA-2017-161088,5/25/2017 0:00,5/29/2017 0:00,Standard Class,MH-18115,113
CA-2015-153794,9/11/2015 0:00,9/16/2015 0:00,Standard Class,SB-20290,143
CA-2015-135510,9/5/2015 0:00,9/12/2015 0:00,Standard Class,TW-21025,327
CA-2014-150329,10/10/2014 0:00,10/14/2014 0:00,Standard Class,SD-20485,52
CA-2014-109134,11/5/2014 0:00,11/10/2014 0:00,Standard Class,DE-13255,142
US-2015-129637,12/17/2015 0:00,12/22/2015 0:00,Standard Class,MC-18100,51
CA-2015-165162,5/14/2015 0:00,5/21/2015 0:00,Standard Class,HG-15025,4
CA-2017-104108,12/2/2017 0:00,12/9/2017 0:00,Standard Class,RP-19855,15
US-2017-165869,7/31/2017 0:00,8/5/2017 0:00,Standard Class,LS-17200,202
US-2016-163538,8/26/2016 0:00,8/30/2016 0:00,Standard Class,SS-20515,57
CA-2017-145429,7/21/2017 0:00,7/25/2017 0:00,Standard Class,SW-20455,143
CA-2015-153535,5/20/2015 0:00,5/24/2015 0:00,Standard Class,SG-20470,576
CA-2015-139164,6/23/2015 0:00,6/28/2015 0:00,Standard Class,CS-12355,107
CA-2016-112277,9/10/2016 0:00,9/15/2016 0:00,Standard Class,SC-20695,3
CA-2014-167724,4/13/2014 0:00,4/18/2014 0:00,Standard Class,BF-11170,309
CA-2015-123141,11/14/2015 0:00,11/19/2015 0:00,Standard Class,GZ-14470,577
CA-2016-134789,4/8/2016 0:00,4/15/2016 0:00,Standard Class,CK-12325,402
CA-2017-102974,9/19/2017 0:00,9/24/2017 0:00,Standard Class,DP-13105,4
CA-2016-128811,12/9/2016 0:00,9/16/2016 0:00,Standard Class,SF-20200,6
CA-2016-165827,11/4/2016 0:00,11/9/2016 0:00,Standard Class,MF-17665,124
CA-2015-141754,12/20/2015 0:00,12/25/2015 0:00,Standard Class,EM-14200,230
CA-2016-123358,4/10/2016 0:00,4/17/2016 0:00,Standard Class,BT-11680,35
CA-2014-144029,5/26/2014 0:00,5/31/2014 0:00,Standard Class,MM-18055,37
US-2017-101784,7/6/2017 0:00,7/11/2017 0:00,Standard Class,PO-18850,142
CA-2015-156923,2/16/2015 0:00,2/20/2015 0:00,Standard Class,SP-20860,356
CA-2017-124205,9/15/2017 0:00,9/19/2017 0:00,Standard Class,TC-21145,101
CA-2017-165715,12/2/2017 0:00,12/8/2017 0:00,Standard Class,BG-11035,308
CA-2016-144764,9/2/2016 0:00,9/8/2016 0:00,Standard Class,RL-19615,37
CA-2017-100615,4/20/2017 0:00,4/24/2017 0:00,Standard Class,SJ-20215,156
CA-2014-109302,8/12/2014 0:00,8/16/2014 0:00,Standard Class,CS-12175,101
CA-2017-139787,9/19/2017 0:00,9/23/2017 0:00,Standard Class,JP-16135,113
CA-2017-139402,12/9/2017 0:00,12/13/2017 0:00,Standard Class,NC-18535,52
CA-2016-119018,11/4/2016 0:00,11/8/2016 0:00,Standard Class,CW-11905,26
US-2016-152373,9/5/2016 0:00,9/11/2016 0:00,Standard Class,PT-19090,66
CA-2015-118843,9/13/2015 0:00,9/20/2015 0:00,Standard Class,JH-15910,149
CA-2016-162348,11/10/2016 0:00,11/15/2016 0:00,Standard Class,BF-11170,380
CA-2015-145394,11/16/2015 0:00,11/20/2015 0:00,Standard Class,MC-17605,27
CA-2016-109827,12/25/2016 0:00,1/1/2017 0:00,Standard Class,LW-16825,52
CA-2017-162880,12/25/2017 0:00,12/29/2017 0:00,Standard Class,GD-14590,579
CA-2015-128125,3/31/2015 0:00,4/5/2015 0:00,Standard Class,EB-13705,15
CA-2014-144414,6/17/2014 0:00,6/21/2014 0:00,Standard Class,GH-14425,60
CA-2017-163860,12/28/2017 0:00,1/1/2018 0:00,Standard Class,LO-17170,121
US-2017-115609,11/2/2017 0:00,11/7/2017 0:00,Standard Class,CS-12505,2
CA-2015-154291,7/25/2015 0:00,7/29/2015 0:00,Standard Class,YS-21880,154
CA-2016-118689,10/2/2016 0:00,10/9/2016 0:00,Standard Class,TC-20980,378
CA-2015-112522,10/10/2015 0:00,10/17/2015 0:00,Standard Class,DP-13165,27
CA-2016-142615,11/20/2016 0:00,11/24/2016 0:00,Standard Class,BM-11575,580
CA-2017-142643,10/15/2017 0:00,10/20/2017 0:00,Standard Class,DL-13495,381
CA-2015-116260,7/6/2015 0:00,7/12/2015 0:00,Standard Class,BF-10975,276
CA-2017-107517,2/5/2017 0:00,2/9/2017 0:00,Standard Class,FC-14335,217
CA-2016-123946,12/9/2016 0:00,9/17/2016 0:00,Standard Class,AJ-10795,29
CA-2014-147543,7/6/2014 0:00,7/12/2014 0:00,Standard Class,BC-11125,581
US-2016-159093,9/5/2016 0:00,5/14/2016 0:00,Standard Class,RS-19420,2
CA-2016-162110,7/18/2016 0:00,7/22/2016 0:00,Standard Class,NP-18670,52
CA-2014-101462,4/20/2014 0:00,4/25/2014 0:00,Standard Class,BP-11230,63
US-2016-100461,1/8/2016 0:00,1/12/2016 0:00,Standard Class,JO-15145,57
CA-2017-128965,4/17/2017 0:00,4/22/2017 0:00,Standard Class,PS-18760,142
CA-2017-138618,12/1/2017 0:00,12/8/2017 0:00,Standard Class,MY-17380,66
US-2016-126452,8/21/2016 0:00,8/28/2016 0:00,Standard Class,SC-20230,26
US-2016-121013,9/5/2016 0:00,9/10/2016 0:00,Standard Class,MM-17920,338
CA-2015-120677,5/31/2015 0:00,6/4/2015 0:00,Standard Class,BD-11320,40
CA-2017-123036,9/10/2017 0:00,9/17/2017 0:00,Standard Class,HA-14905,158
CA-2017-120222,4/25/2017 0:00,5/2/2017 0:00,Standard Class,LL-16840,4
CA-2017-164756,9/18/2017 0:00,9/22/2017 0:00,Standard Class,SS-20140,113
CA-2017-122028,8/18/2017 0:00,8/25/2017 0:00,Standard Class,CK-12205,347
CA-2017-111220,9/2/2017 0:00,9/8/2017 0:00,Standard Class,JS-15595,156
CA-2016-140249,9/27/2016 0:00,10/3/2016 0:00,Standard Class,SW-20455,6
US-2017-135503,12/10/2017 0:00,12/15/2017 0:00,Standard Class,JE-16165,389
US-2017-115301,7/29/2017 0:00,8/2/2017 0:00,Standard Class,VG-21790,6
CA-2015-104115,6/12/2015 0:00,6/16/2015 0:00,Standard Class,JH-15910,583
CA-2014-142510,12/22/2014 0:00,12/29/2014 0:00,Standard Class,NP-18700,37
CA-2014-124247,12/16/2014 0:00,12/21/2014 0:00,Standard Class,SH-20635,380
CA-2015-102806,5/21/2015 0:00,5/28/2015 0:00,Standard Class,HG-14965,106
CA-2017-121706,2/26/2017 0:00,3/2/2017 0:00,Standard Class,BM-11140,538
CA-2017-109211,4/4/2017 0:00,4/10/2017 0:00,Standard Class,PS-19045,165
CA-2016-140046,7/28/2016 0:00,8/3/2016 0:00,Standard Class,KM-16660,4
CA-2014-164182,7/14/2014 0:00,7/18/2014 0:00,Standard Class,ST-20530,12
CA-2016-125094,11/5/2016 0:00,11/9/2016 0:00,Standard Class,NP-18700,60
CA-2015-139248,7/25/2015 0:00,7/30/2015 0:00,Standard Class,RD-19930,4
CA-2014-148369,9/23/2014 0:00,9/27/2014 0:00,Standard Class,TH-21115,286
CA-2016-106243,9/30/2016 0:00,10/4/2016 0:00,Standard Class,GM-14680,165
CA-2015-126466,11/9/2015 0:00,11/13/2015 0:00,Standard Class,JO-15550,53
CA-2015-130365,4/25/2015 0:00,4/29/2015 0:00,Standard Class,ZC-21910,174
CA-2015-161767,11/20/2015 0:00,11/24/2015 0:00,Standard Class,GK-14620,163
CA-2015-115420,4/25/2015 0:00,5/2/2015 0:00,Standard Class,LS-16945,26
CA-2016-157588,7/14/2016 0:00,7/19/2016 0:00,Standard Class,AR-10570,113
CA-2017-153822,9/19/2017 0:00,9/25/2017 0:00,Standard Class,AB-10105,52
CA-2017-146185,9/15/2017 0:00,9/19/2017 0:00,Standard Class,CC-12145,15
CA-2015-112144,6/28/2015 0:00,7/2/2015 0:00,Standard Class,CY-12745,28
CA-2017-149076,1/14/2017 0:00,1/19/2017 0:00,Standard Class,SO-20335,2
CA-2016-116526,9/1/2016 0:00,9/5/2016 0:00,Standard Class,JA-15970,84
CA-2015-166800,11/19/2015 0:00,11/26/2015 0:00,Standard Class,AG-10300,122
US-2016-134369,9/16/2016 0:00,9/22/2016 0:00,Standard Class,BC-11125,288
CA-2015-104871,3/30/2015 0:00,4/3/2015 0:00,Standard Class,DR-12940,585
CA-2014-126333,12/23/2014 0:00,12/28/2014 0:00,Standard Class,ME-18010,484
CA-2014-119466,12/15/2014 0:00,12/21/2014 0:00,Standard Class,SP-20860,37
CA-2015-154823,8/21/2015 0:00,8/25/2015 0:00,Standard Class,KN-16390,158
CA-2014-124737,8/23/2014 0:00,8/27/2014 0:00,Standard Class,AP-10915,77
CA-2017-131653,1/29/2017 0:00,2/5/2017 0:00,Standard Class,RD-19585,165
CA-2016-145548,11/11/2016 0:00,11/16/2016 0:00,Standard Class,EB-13750,165
CA-2017-119494,11/9/2017 0:00,11/13/2017 0:00,Standard Class,JE-15610,189
CA-2017-161970,9/22/2017 0:00,9/27/2017 0:00,Standard Class,PB-19105,270
US-2017-165358,7/18/2017 0:00,7/23/2017 0:00,Standard Class,SV-20365,64
CA-2016-160136,11/3/2016 0:00,11/9/2016 0:00,Standard Class,PJ-18835,163
CA-2014-150581,4/8/2014 0:00,4/12/2014 0:00,Standard Class,NM-18445,138
CA-2014-141355,9/25/2014 0:00,9/30/2014 0:00,Standard Class,BF-11005,43
CA-2017-127712,8/31/2017 0:00,9/5/2017 0:00,Standard Class,MG-17890,161
CA-2017-169474,2/4/2017 0:00,2/9/2017 0:00,Standard Class,JF-15355,145
CA-2016-147473,5/30/2016 0:00,6/3/2016 0:00,Standard Class,NL-18310,14
CA-2016-114209,5/21/2016 0:00,5/26/2016 0:00,Standard Class,AS-10285,177
CA-2014-141901,8/9/2014 0:00,8/14/2014 0:00,Standard Class,GM-14500,254
CA-2016-112256,7/23/2016 0:00,7/28/2016 0:00,Standard Class,CK-12205,479
CA-2016-167416,5/12/2016 0:00,5/17/2016 0:00,Standard Class,JM-15580,60
CA-2016-106950,9/2/2016 0:00,9/6/2016 0:00,Standard Class,JE-15715,44
CA-2015-119480,1/9/2015 0:00,1/13/2015 0:00,Standard Class,CC-12685,1
CA-2017-144596,11/6/2017 0:00,11/10/2017 0:00,Standard Class,CD-11980,165
CA-2014-159625,11/23/2014 0:00,11/28/2014 0:00,Standard Class,SM-20005,58
CA-2017-147410,9/4/2017 0:00,9/8/2017 0:00,Standard Class,EJ-14155,201
CA-2017-118122,11/17/2017 0:00,11/24/2017 0:00,Standard Class,GG-14650,6
US-2014-147774,1/20/2014 0:00,1/26/2014 0:00,Standard Class,MM-18280,298
CA-2017-166926,12/1/2017 0:00,12/8/2017 0:00,Standard Class,SO-20335,60
US-2016-117541,11/14/2016 0:00,11/20/2016 0:00,Standard Class,JM-16195,286
CA-2016-166282,4/16/2016 0:00,4/22/2016 0:00,Standard Class,PK-19075,396
CA-2017-141439,11/26/2017 0:00,12/1/2017 0:00,Standard Class,TT-21460,239
CA-2015-163965,11/20/2015 0:00,11/27/2015 0:00,Standard Class,SS-20875,124
CA-2014-122217,11/24/2014 0:00,11/29/2014 0:00,Standard Class,HP-14815,221
US-2017-141558,3/11/2017 0:00,3/16/2017 0:00,Standard Class,MH-17290,12
CA-2016-139941,6/12/2016 0:00,6/17/2016 0:00,Standard Class,CB-12415,256
CA-2015-166583,6/26/2015 0:00,6/30/2015 0:00,Standard Class,VD-21670,33
CA-2017-100412,12/22/2017 0:00,12/26/2017 0:00,Standard Class,SR-20425,520
CA-2014-137911,10/9/2014 0:00,10/15/2014 0:00,Standard Class,BP-11095,223
CA-2015-106208,12/10/2015 0:00,12/15/2015 0:00,Standard Class,JW-16075,27
CA-2017-126718,4/29/2017 0:00,5/4/2017 0:00,Standard Class,KT-16480,417
CA-2014-138709,7/4/2014 0:00,7/9/2014 0:00,Standard Class,MS-17770,196
US-2017-141677,3/26/2017 0:00,3/30/2017 0:00,Standard Class,HK-14890,33
CA-2017-133067,5/4/2017 0:00,5/10/2017 0:00,Standard Class,MY-18295,12
US-2016-144351,11/14/2016 0:00,11/18/2016 0:00,Standard Class,RC-19960,309
CA-2017-150609,4/30/2017 0:00,5/4/2017 0:00,Standard Class,NZ-18565,4
CA-2017-133102,8/17/2017 0:00,8/24/2017 0:00,Standard Class,ED-13885,15
CA-2016-147683,11/13/2016 0:00,11/17/2016 0:00,Standard Class,PO-19180,6
CA-2014-116785,4/26/2014 0:00,4/30/2014 0:00,Standard Class,MH-17290,2
CA-2016-104276,11/27/2016 0:00,12/3/2016 0:00,Standard Class,HF-14995,3
CA-2014-118276,12/29/2014 0:00,1/2/2015 0:00,Standard Class,MG-17890,587
CA-2017-137414,10/2/2017 0:00,10/6/2017 0:00,Standard Class,CM-12115,10
US-2016-119046,6/2/2016 0:00,6/6/2016 0:00,Standard Class,EH-13765,61
CA-2017-154949,10/15/2017 0:00,10/19/2017 0:00,Standard Class,MC-17275,588
CA-2017-154760,1/9/2017 0:00,1/13/2017 0:00,Standard Class,BP-11290,12
CA-2017-113075,9/2/2017 0:00,9/6/2017 0:00,Standard Class,MC-18100,37
CA-2016-109953,7/14/2016 0:00,7/18/2016 0:00,Standard Class,RB-19360,35
CA-2017-127397,2/24/2017 0:00,2/28/2017 0:00,Standard Class,ES-14080,64
CA-2016-137337,3/8/2016 0:00,3/12/2016 0:00,Standard Class,GB-14575,165
CA-2016-101651,12/24/2016 0:00,12/30/2016 0:00,Standard Class,SC-20305,59
CA-2017-145807,2/9/2017 0:00,2/13/2017 0:00,Standard Class,SB-20170,4
US-2014-127978,3/3/2014 0:00,3/8/2014 0:00,Standard Class,JS-15595,48
CA-2016-116764,8/27/2016 0:00,9/2/2016 0:00,Standard Class,EM-13825,476
CA-2016-152457,12/9/2016 0:00,9/18/2016 0:00,Standard Class,SC-20695,528
CA-2016-152730,5/30/2016 0:00,6/4/2016 0:00,Standard Class,EM-14140,471
CA-2017-156363,10/22/2017 0:00,10/28/2017 0:00,Standard Class,ML-17395,64
CA-2017-122056,6/13/2017 0:00,6/17/2017 0:00,Standard Class,PG-18895,29
CA-2016-133368,1/14/2016 0:00,1/20/2016 0:00,Standard Class,AG-10675,5
CA-2016-123337,9/16/2016 0:00,9/22/2016 0:00,Standard Class,KD-16495,59
US-2016-150357,10/10/2016 0:00,10/14/2016 0:00,Standard Class,EB-13975,308
CA-2015-144519,11/13/2015 0:00,11/17/2015 0:00,Standard Class,AW-10930,525
CA-2014-120670,11/2/2014 0:00,11/6/2014 0:00,Standard Class,JK-16120,3
CA-2015-162782,2/21/2015 0:00,2/27/2015 0:00,Standard Class,PW-19240,210
CA-2017-159282,10/16/2017 0:00,10/21/2017 0:00,Standard Class,GH-14410,512
CA-2017-155936,6/22/2017 0:00,6/29/2017 0:00,Standard Class,JK-15730,156
CA-2017-169439,9/9/2017 0:00,9/13/2017 0:00,Standard Class,LC-17140,178
CA-2017-151183,10/14/2017 0:00,10/19/2017 0:00,Standard Class,BK-11260,95
CA-2016-149965,6/20/2016 0:00,6/25/2016 0:00,Standard Class,BS-11365,337
CA-2014-158281,9/2/2014 0:00,9/7/2014 0:00,Standard Class,AG-10525,15
CA-2017-109183,12/4/2017 0:00,12/9/2017 0:00,Standard Class,LR-16915,396
CA-2016-113656,1/23/2016 0:00,1/29/2016 0:00,Standard Class,CB-12415,2
CA-2015-148964,5/26/2015 0:00,5/31/2015 0:00,Standard Class,RD-19900,293
US-2017-117450,9/4/2017 0:00,9/8/2017 0:00,Standard Class,DO-13645,252
CA-2014-137274,3/29/2014 0:00,4/2/2014 0:00,Standard Class,MG-18145,303
CA-2015-121699,8/10/2015 0:00,8/14/2015 0:00,Standard Class,BD-11320,84
CA-2015-162761,10/9/2015 0:00,10/13/2015 0:00,Standard Class,SC-20575,329
CA-2016-121377,5/28/2016 0:00,6/2/2016 0:00,Standard Class,TN-21040,139
CA-2016-132066,10/16/2016 0:00,10/20/2016 0:00,Standard Class,NB-18655,165
CA-2017-158120,11/17/2017 0:00,11/21/2017 0:00,Standard Class,KH-16330,589
CA-2017-167626,9/3/2017 0:00,9/7/2017 0:00,Standard Class,MY-18295,37
US-2017-128447,11/10/2017 0:00,11/17/2017 0:00,Standard Class,MC-17845,514
US-2014-131275,3/18/2014 0:00,3/24/2014 0:00,Standard Class,SC-20050,590
CA-2017-115119,10/26/2017 0:00,10/30/2017 0:00,Standard Class,SC-20440,208
CA-2015-125563,4/11/2015 0:00,4/17/2015 0:00,Standard Class,PR-18880,86
CA-2014-116190,7/26/2014 0:00,8/1/2014 0:00,Standard Class,SG-20470,149
CA-2017-168389,12/11/2017 0:00,12/17/2017 0:00,Standard Class,DV-13045,134
CA-2014-130421,3/3/2014 0:00,3/7/2014 0:00,Standard Class,SC-20020,15
CA-2017-142125,10/21/2017 0:00,10/27/2017 0:00,Standard Class,JB-15400,202
CA-2017-141138,11/10/2017 0:00,11/16/2017 0:00,Standard Class,GH-14425,591
CA-2016-151974,9/22/2016 0:00,9/29/2016 0:00,Standard Class,RD-19660,64
CA-2017-154102,2/6/2017 0:00,2/13/2017 0:00,Standard Class,SN-20560,10
CA-2016-114748,10/9/2016 0:00,10/14/2016 0:00,Standard Class,MZ-17335,52
CA-2016-127243,11/28/2016 0:00,12/4/2016 0:00,Standard Class,DS-13180,12
CA-2014-107769,10/28/2014 0:00,11/1/2014 0:00,Standard Class,BT-11395,592
CA-2017-100580,8/13/2017 0:00,8/20/2017 0:00,Standard Class,MK-17905,89
CA-2014-132787,9/19/2014 0:00,9/23/2014 0:00,Standard Class,MC-18130,61
CA-2016-105732,9/13/2016 0:00,9/18/2016 0:00,Standard Class,AG-10270,199
CA-2017-108035,11/29/2017 0:00,12/3/2017 0:00,Standard Class,TT-21070,429
CA-2017-147844,5/2/2017 0:00,5/6/2017 0:00,Standard Class,DD-13570,14
CA-2016-110009,9/8/2016 0:00,9/13/2016 0:00,Standard Class,TR-21325,6
CA-2017-168172,8/6/2017 0:00,8/10/2017 0:00,Standard Class,SH-20395,165
CA-2015-100146,5/14/2015 0:00,5/19/2015 0:00,Standard Class,CB-12535,588
CA-2016-129728,5/30/2016 0:00,6/6/2016 0:00,Standard Class,JG-15310,4
CA-2014-121769,4/8/2014 0:00,4/12/2014 0:00,Standard Class,JS-15880,214
CA-2017-121125,5/30/2017 0:00,6/3/2017 0:00,Standard Class,MG-17890,301
CA-2017-135069,4/10/2017 0:00,4/14/2017 0:00,Standard Class,BS-11755,106
US-2014-164763,3/17/2014 0:00,3/21/2014 0:00,Standard Class,MH-17440,130
CA-2014-161249,8/9/2014 0:00,8/13/2014 0:00,Standard Class,RD-19720,52
CA-2015-148180,7/26/2015 0:00,7/31/2015 0:00,Standard Class,BP-11095,570
CA-2014-165568,2/15/2014 0:00,2/19/2014 0:00,Standard Class,BF-11020,60
US-2017-163657,9/2/2017 0:00,9/6/2017 0:00,Standard Class,JL-15235,14
CA-2017-134796,6/25/2017 0:00,7/1/2017 0:00,Standard Class,FM-14380,432
CA-2016-137743,7/30/2016 0:00,8/4/2016 0:00,Standard Class,KH-16360,37
CA-2016-103709,9/8/2016 0:00,9/15/2016 0:00,Standard Class,LP-17095,439
CA-2016-138282,5/19/2016 0:00,5/23/2016 0:00,Standard Class,AH-10690,142
CA-2014-138100,9/15/2014 0:00,9/20/2014 0:00,Standard Class,AA-10315,165
CA-2015-100734,9/15/2015 0:00,9/20/2015 0:00,Standard Class,AC-10615,106
CA-2016-109652,4/10/2016 0:00,4/15/2016 0:00,Standard Class,QJ-19255,156
CA-2014-167199,1/6/2014 0:00,1/10/2014 0:00,Standard Class,ME-17320,1
CA-2014-113964,9/23/2014 0:00,9/30/2014 0:00,Standard Class,JP-16135,165
CA-2017-135111,12/28/2017 0:00,1/2/2018 0:00,Standard Class,CS-12400,491
CA-2017-157196,11/5/2017 0:00,11/9/2017 0:00,Standard Class,AA-10645,189
CA-2015-108672,9/10/2015 0:00,9/16/2015 0:00,Standard Class,FA-14230,4
US-2017-160836,9/11/2017 0:00,9/16/2017 0:00,Standard Class,CC-12475,33
CA-2017-121048,7/14/2017 0:00,7/18/2017 0:00,Standard Class,TC-21295,280
US-2017-106579,6/8/2017 0:00,6/13/2017 0:00,Standard Class,BW-11200,302
CA-2014-115889,11/2/2014 0:00,11/6/2014 0:00,Standard Class,SH-20395,35
US-2017-161935,7/14/2017 0:00,7/18/2017 0:00,Standard Class,JL-15835,48
CA-2016-162383,9/5/2016 0:00,9/11/2016 0:00,Standard Class,MD-17350,404
CA-2014-125731,9/10/2014 0:00,9/16/2014 0:00,Standard Class,CL-12565,428
US-2017-134642,2/25/2017 0:00,3/1/2017 0:00,Standard Class,SW-20245,255
US-2017-160143,3/31/2017 0:00,4/7/2017 0:00,Standard Class,HG-14965,26
CA-2017-103415,12/3/2017 0:00,12/8/2017 0:00,Standard Class,MV-17485,17
US-2017-112347,12/2/2017 0:00,12/6/2017 0:00,Standard Class,BS-11380,77
CA-2014-103492,10/10/2014 0:00,10/15/2014 0:00,Standard Class,CM-12715,144
CA-2017-159506,11/27/2017 0:00,12/2/2017 0:00,Standard Class,JR-16210,135
US-2014-137155,11/1/2014 0:00,11/5/2014 0:00,Standard Class,DL-12925,256
US-2016-104815,9/3/2016 0:00,9/7/2016 0:00,Standard Class,RB-19570,27
CA-2014-133830,12/5/2014 0:00,12/10/2014 0:00,Standard Class,RL-19615,63
CA-2014-100916,10/21/2014 0:00,10/26/2014 0:00,Standard Class,FH-14275,390
CA-2015-129532,12/8/2015 0:00,12/12/2015 0:00,Standard Class,YS-21880,2
CA-2014-163223,3/21/2014 0:00,3/25/2014 0:00,Standard Class,KH-16690,29
CA-2017-122945,11/16/2017 0:00,11/22/2017 0:00,Standard Class,MB-18085,53
CA-2015-139738,9/25/2015 0:00,9/29/2015 0:00,Standard Class,DK-12895,229
CA-2016-158778,9/5/2016 0:00,9/9/2016 0:00,Standard Class,DB-13210,64
CA-2017-119655,4/20/2017 0:00,4/24/2017 0:00,Standard Class,CV-12295,152
CA-2015-164567,6/15/2015 0:00,6/19/2015 0:00,Standard Class,GK-14620,26
CA-2014-131947,9/17/2014 0:00,9/22/2014 0:00,Standard Class,JA-15970,331
CA-2016-152520,7/8/2016 0:00,7/12/2016 0:00,Standard Class,TH-21115,260
CA-2016-101791,5/27/2016 0:00,5/30/2016 0:00,Standard Class,BS-11665,37
CA-2017-163209,5/3/2017 0:00,5/7/2017 0:00,Standard Class,MK-18160,35
CA-2014-148425,11/30/2014 0:00,12/4/2014 0:00,Standard Class,RF-19345,416
CA-2016-144309,12/10/2016 0:00,12/16/2016 0:00,Standard Class,CM-12235,291
US-2014-144078,11/25/2014 0:00,11/29/2014 0:00,Standard Class,RB-19435,26
CA-2014-124464,7/14/2014 0:00,7/20/2014 0:00,Standard Class,SS-20515,286
CA-2017-104885,3/2/2017 0:00,3/8/2017 0:00,Standard Class,DB-13555,286
CA-2015-161452,4/5/2015 0:00,4/11/2015 0:00,Standard Class,CA-11965,2
US-2014-115196,9/9/2014 0:00,9/13/2014 0:00,Standard Class,DL-12925,255
CA-2015-101889,12/27/2015 0:00,12/31/2015 0:00,Standard Class,DB-13120,369
CA-2015-121552,3/22/2015 0:00,3/27/2015 0:00,Standard Class,FW-14395,365
CA-2017-146493,6/1/2017 0:00,6/5/2017 0:00,Standard Class,CV-12805,11
CA-2014-105417,1/7/2014 0:00,1/12/2014 0:00,Standard Class,VS-21820,144
CA-2017-139493,9/13/2017 0:00,9/19/2017 0:00,Standard Class,SG-20605,197
CA-2014-151967,10/22/2014 0:00,10/26/2014 0:00,Standard Class,NB-18580,193
US-2016-140158,10/4/2016 0:00,10/8/2016 0:00,Standard Class,DR-12940,260
CA-2014-133592,12/31/2014 0:00,1/7/2015 0:00,Standard Class,KM-16375,260
CA-2015-116876,2/14/2015 0:00,2/21/2015 0:00,Standard Class,TT-21070,145
CA-2016-169838,11/25/2016 0:00,11/29/2016 0:00,Standard Class,BB-11545,31
CA-2014-102330,12/29/2014 0:00,1/3/2015 0:00,Standard Class,AI-10855,91
CA-2017-151799,12/14/2017 0:00,12/18/2017 0:00,Standard Class,BF-11170,129
CA-2016-114601,8/26/2016 0:00,9/2/2016 0:00,Standard Class,AA-10480,152
CA-2017-100237,10/15/2017 0:00,10/19/2017 0:00,Standard Class,SV-20815,13
CA-2014-139542,10/25/2014 0:00,10/29/2014 0:00,Standard Class,EH-14185,75
US-2015-142811,4/2/2015 0:00,4/7/2015 0:00,Standard Class,JL-15850,155
US-2017-101518,11/3/2017 0:00,11/8/2017 0:00,Standard Class,PB-19105,12
CA-2015-149636,1/6/2015 0:00,1/12/2015 0:00,Standard Class,SP-20620,98
US-2017-146213,9/9/2017 0:00,9/14/2017 0:00,Standard Class,MC-17605,4
US-2017-138086,4/16/2017 0:00,4/20/2017 0:00,Standard Class,JO-15550,10
CA-2015-139374,9/10/2015 0:00,9/14/2015 0:00,Standard Class,AR-10345,111
CA-2016-113978,9/25/2016 0:00,9/29/2016 0:00,Standard Class,TS-21505,178
CA-2016-106915,11/26/2016 0:00,12/2/2016 0:00,Standard Class,GA-14515,295
US-2016-109260,9/26/2016 0:00,10/1/2016 0:00,Standard Class,TN-21040,395
CA-2017-104850,6/13/2017 0:00,6/19/2017 0:00,Standard Class,TW-21025,6
CA-2017-143294,6/2/2017 0:00,6/8/2017 0:00,Standard Class,JD-15790,33
CA-2017-134418,9/15/2017 0:00,9/20/2017 0:00,Standard Class,GM-14500,6
US-2016-106313,8/22/2016 0:00,8/26/2016 0:00,Standard Class,DG-13300,60
CA-2017-141103,7/30/2017 0:00,8/6/2017 0:00,Standard Class,JF-15355,309
CA-2014-154781,11/21/2014 0:00,11/26/2014 0:00,Standard Class,SC-20680,95
CA-2017-105326,8/20/2017 0:00,8/27/2017 0:00,Standard Class,KT-16480,2
CA-2016-133613,6/17/2016 0:00,6/22/2016 0:00,Standard Class,CP-12340,506
CA-2015-109113,12/19/2015 0:00,12/23/2015 0:00,Standard Class,EK-13795,27
CA-2015-133242,6/18/2015 0:00,6/24/2015 0:00,Standard Class,KH-16510,102
CA-2017-100902,11/17/2017 0:00,11/21/2017 0:00,Standard Class,CK-12595,44
CA-2016-158925,10/24/2016 0:00,10/28/2016 0:00,Standard Class,JP-15460,17
CA-2014-155390,12/6/2014 0:00,12/11/2014 0:00,Standard Class,BG-11035,32
CA-2015-103093,2/3/2015 0:00,2/7/2015 0:00,Standard Class,FO-14305,113
CA-2017-154088,12/11/2017 0:00,11/17/2017 0:00,Standard Class,LB-16735,395
CA-2016-108196,11/25/2016 0:00,12/2/2016 0:00,Standard Class,CS-12505,404
CA-2014-166961,12/27/2014 0:00,12/31/2014 0:00,Standard Class,CD-12790,521
CA-2016-139381,4/18/2016 0:00,4/22/2016 0:00,Standard Class,RF-19840,338
CA-2015-132136,3/8/2015 0:00,3/12/2015 0:00,Standard Class,FO-14305,37
CA-2016-108364,12/19/2016 0:00,12/24/2016 0:00,Standard Class,BP-11050,37
CA-2015-112711,7/12/2015 0:00,7/18/2015 0:00,Standard Class,FM-14380,140
US-2015-145121,10/2/2015 0:00,10/6/2015 0:00,Standard Class,MP-17965,265
CA-2017-157413,6/1/2017 0:00,6/6/2017 0:00,Standard Class,BW-11065,75
CA-2015-102260,9/22/2015 0:00,9/26/2015 0:00,Standard Class,SJ-20125,79
US-2016-137295,1/8/2016 0:00,1/13/2016 0:00,Standard Class,VS-21820,315
CA-2017-150469,1/26/2017 0:00,1/30/2017 0:00,Standard Class,CJ-12010,10
US-2014-115413,8/26/2014 0:00,9/1/2014 0:00,Standard Class,PP-18955,286
CA-2014-125150,5/16/2014 0:00,5/23/2014 0:00,Standard Class,PW-19030,2
CA-2015-127327,2/3/2015 0:00,2/7/2015 0:00,Standard Class,PW-19030,499
CA-2017-117114,10/31/2017 0:00,11/5/2017 0:00,Standard Class,CY-12745,27
CA-2015-137302,4/26/2015 0:00,5/1/2015 0:00,Standard Class,BW-11110,189
CA-2016-112382,9/5/2016 0:00,5/13/2016 0:00,Standard Class,MB-18085,67
CA-2015-128958,1/24/2015 0:00,1/28/2015 0:00,Standard Class,CR-12820,583
CA-2015-149083,9/25/2015 0:00,9/30/2015 0:00,Standard Class,SH-19975,6
US-2014-137869,3/28/2014 0:00,4/2/2014 0:00,Standard Class,CV-12295,194
US-2017-123834,7/21/2017 0:00,7/25/2017 0:00,Standard Class,GM-14500,426
CA-2015-125976,9/27/2015 0:00,10/2/2015 0:00,Standard Class,JK-15205,102
CA-2016-128706,2/27/2016 0:00,3/2/2016 0:00,Standard Class,DW-13540,33
CA-2016-104311,5/2/2016 0:00,5/6/2016 0:00,Standard Class,AS-10090,275
CA-2014-169649,12/9/2014 0:00,12/15/2014 0:00,Standard Class,TS-21205,156
CA-2015-144890,12/25/2015 0:00,12/29/2015 0:00,Standard Class,SM-20320,14
CA-2017-135587,12/7/2017 0:00,12/12/2017 0:00,Standard Class,BH-11710,502
CA-2017-152261,3/2/2017 0:00,3/6/2017 0:00,Standard Class,JA-15970,244
CA-2015-142993,10/12/2015 0:00,10/17/2015 0:00,Standard Class,KA-16525,6
CA-2016-136994,5/27/2016 0:00,6/2/2016 0:00,Standard Class,LS-17245,63
US-2017-166233,7/3/2017 0:00,7/9/2017 0:00,Standard Class,MO-17950,223
CA-2017-122112,9/25/2017 0:00,9/29/2017 0:00,Standard Class,CA-11965,347
CA-2016-101672,10/3/2016 0:00,10/7/2016 0:00,Standard Class,DB-12910,548
CA-2017-168403,9/9/2017 0:00,9/15/2017 0:00,Standard Class,DK-12835,41
CA-2015-148705,3/12/2015 0:00,3/18/2015 0:00,Standard Class,EB-14170,44
CA-2016-155747,6/14/2016 0:00,6/21/2016 0:00,Standard Class,JS-15685,12
CA-2016-113117,8/16/2016 0:00,8/22/2016 0:00,Standard Class,JP-15520,595
CA-2016-148684,12/25/2016 0:00,12/29/2016 0:00,Standard Class,TS-21655,146
CA-2017-125367,7/23/2017 0:00,7/30/2017 0:00,Standard Class,NM-18445,165
CA-2017-124744,6/21/2017 0:00,6/25/2017 0:00,Standard Class,EH-14125,596
CA-2017-128363,8/13/2017 0:00,8/18/2017 0:00,Standard Class,DC-12850,32
CA-2015-126669,11/7/2015 0:00,11/13/2015 0:00,Standard Class,DO-13645,67
US-2015-118766,10/15/2015 0:00,10/22/2015 0:00,Standard Class,LS-16975,163
CA-2016-149762,12/3/2016 0:00,12/7/2016 0:00,Standard Class,RD-19720,597
CA-2015-110891,11/20/2015 0:00,11/24/2015 0:00,Standard Class,PO-19195,12
CA-2017-139822,9/15/2017 0:00,9/21/2017 0:00,Standard Class,Dp-13240,506
CA-2017-107713,3/13/2017 0:00,3/17/2017 0:00,Standard Class,JB-16000,210
CA-2017-134096,9/24/2017 0:00,9/29/2017 0:00,Standard Class,PP-18955,476
US-2016-168095,7/15/2016 0:00,7/20/2016 0:00,Standard Class,MC-17425,41
CA-2017-166093,8/17/2017 0:00,8/24/2017 0:00,Standard Class,RW-19540,91
CA-2017-134194,12/25/2017 0:00,1/1/2018 0:00,Standard Class,GA-14725,177
CA-2014-131009,3/1/2014 0:00,3/5/2014 0:00,Standard Class,SC-20380,295
CA-2014-138359,4/1/2014 0:00,4/6/2014 0:00,Standard Class,KH-16330,443
CA-2017-131807,10/5/2017 0:00,10/10/2017 0:00,Standard Class,GG-14650,550
CA-2015-138219,3/23/2015 0:00,3/30/2015 0:00,Standard Class,BP-11095,14
US-2015-126753,8/16/2015 0:00,8/20/2015 0:00,Standard Class,SP-20860,64
CA-2014-166051,5/31/2014 0:00,6/5/2014 0:00,Standard Class,JK-15625,130
CA-2015-113040,8/27/2015 0:00,8/31/2015 0:00,Standard Class,CC-12100,63
CA-2014-103800,1/3/2014 0:00,1/7/2014 0:00,Standard Class,DP-13000,15
US-2016-117793,8/23/2016 0:00,8/29/2016 0:00,Standard Class,MA-17560,599
US-2015-151407,11/8/2015 0:00,11/12/2015 0:00,Standard Class,RD-19585,446
CA-2016-139808,10/7/2016 0:00,10/11/2016 0:00,Standard Class,MC-18100,160
CA-2015-110863,11/17/2015 0:00,11/24/2015 0:00,Standard Class,AA-10645,337
CA-2014-129189,7/21/2014 0:00,7/25/2014 0:00,Standard Class,HM-14860,163
CA-2016-166373,10/21/2016 0:00,10/25/2016 0:00,Standard Class,JF-15565,66
CA-2016-158806,1/7/2016 0:00,1/11/2016 0:00,Standard Class,NM-18520,140
CA-2017-169012,7/10/2017 0:00,7/14/2017 0:00,Standard Class,BF-11275,113
US-2017-133081,3/11/2017 0:00,3/15/2017 0:00,Standard Class,PV-18985,566
CA-2014-144974,9/26/2014 0:00,9/30/2014 0:00,Standard Class,CM-12715,12
CA-2017-152205,9/28/2017 0:00,10/5/2017 0:00,Standard Class,SF-20965,64
CA-2015-121188,8/28/2015 0:00,9/4/2015 0:00,Standard Class,CB-12025,14
CA-2015-156013,9/20/2015 0:00,9/26/2015 0:00,Standard Class,TC-20980,256
US-2015-160563,10/20/2015 0:00,10/24/2015 0:00,Standard Class,NS-18640,10
CA-2017-151750,1/1/2017 0:00,1/5/2017 0:00,Standard Class,JM-15250,144
CA-2015-106187,6/23/2015 0:00,6/29/2015 0:00,Standard Class,RF-19345,600
CA-2015-150714,10/26/2015 0:00,11/1/2015 0:00,Standard Class,KH-16690,331
CA-2016-105753,10/20/2016 0:00,10/26/2016 0:00,Standard Class,LC-16960,102
CA-2017-120894,4/28/2017 0:00,5/2/2017 0:00,Standard Class,JL-15130,125
CA-2015-107020,7/10/2015 0:00,7/14/2015 0:00,Standard Class,MV-18190,343
CA-2014-101392,12/7/2014 0:00,12/13/2014 0:00,Standard Class,AS-10630,6
CA-2015-127502,12/10/2015 0:00,12/14/2015 0:00,Standard Class,MT-17815,95
CA-2017-122798,12/28/2017 0:00,1/1/2018 0:00,Standard Class,SV-20935,384
CA-2015-149846,5/22/2015 0:00,5/26/2015 0:00,Standard Class,SB-20185,63
US-2017-167570,12/8/2017 0:00,12/15/2017 0:00,Standard Class,EG-13900,12
CA-2017-160122,11/18/2017 0:00,11/23/2017 0:00,Standard Class,RD-19930,37
CA-2017-101014,8/29/2017 0:00,9/4/2017 0:00,Standard Class,RW-19540,14
US-2017-113201,6/30/2017 0:00,7/5/2017 0:00,Standard Class,TT-21220,63
US-2017-106551,7/22/2017 0:00,7/27/2017 0:00,Standard Class,EB-13930,156
CA-2016-116722,11/11/2016 0:00,11/16/2016 0:00,Standard Class,LP-17080,95
CA-2014-138128,12/9/2014 0:00,12/15/2014 0:00,Standard Class,FP-14320,64
US-2017-150070,9/7/2017 0:00,9/12/2017 0:00,Standard Class,JA-15970,591
CA-2015-137064,2/6/2015 0:00,2/13/2015 0:00,Standard Class,TS-21655,33
CA-2017-157350,8/26/2017 0:00,9/1/2017 0:00,Standard Class,DP-13000,27
CA-2015-131352,10/8/2015 0:00,10/13/2015 0:00,Standard Class,GH-14485,177
CA-2015-121776,2/16/2015 0:00,2/21/2015 0:00,Standard Class,RD-19585,142
CA-2016-118073,8/12/2016 0:00,8/16/2016 0:00,Standard Class,CS-12490,153
CA-2016-102561,7/18/2016 0:00,7/22/2016 0:00,Standard Class,NK-18490,12
CA-2016-100993,2/5/2016 0:00,2/10/2016 0:00,Standard Class,AZ-10750,89
US-2014-112949,6/20/2014 0:00,6/27/2014 0:00,Standard Class,Co-12640,497
US-2017-146822,6/9/2017 0:00,6/14/2017 0:00,Standard Class,AG-10675,271
US-2016-131058,12/27/2016 0:00,12/31/2016 0:00,Standard Class,EM-14140,201
US-2017-143770,3/20/2017 0:00,3/24/2017 0:00,Standard Class,RD-19720,265
CA-2016-131296,10/4/2016 0:00,10/9/2016 0:00,Standard Class,MS-17830,309
CA-2016-103464,11/18/2016 0:00,11/22/2016 0:00,Standard Class,PG-18820,189
CA-2017-136238,12/26/2017 0:00,1/1/2018 0:00,Standard Class,KB-16240,457
CA-2016-120803,3/9/2016 0:00,3/13/2016 0:00,Standard Class,RB-19465,546
CA-2016-134138,2/16/2016 0:00,2/20/2016 0:00,Standard Class,JD-15790,99
CA-2015-168207,11/2/2015 0:00,11/6/2015 0:00,Standard Class,LT-17110,189
CA-2016-144148,7/31/2016 0:00,8/5/2016 0:00,Standard Class,AH-10690,35
CA-2017-107174,11/6/2017 0:00,11/13/2017 0:00,Standard Class,AB-10060,60
CA-2016-146150,2/14/2016 0:00,2/19/2016 0:00,Standard Class,FM-14380,130
CA-2014-114125,7/9/2014 0:00,7/13/2014 0:00,Standard Class,GH-14410,14
CA-2016-114944,1/30/2016 0:00,2/4/2016 0:00,Standard Class,HE-14800,37
CA-2016-166429,9/2/2016 0:00,9/8/2016 0:00,Standard Class,TG-21310,120
CA-2015-112767,8/2/2015 0:00,8/6/2015 0:00,Standard Class,DK-12985,331
CA-2015-119879,11/21/2015 0:00,11/25/2015 0:00,Standard Class,SS-20410,75
CA-2017-155642,5/18/2017 0:00,5/22/2017 0:00,Standard Class,BM-11575,156
US-2017-101721,7/23/2017 0:00,7/27/2017 0:00,Standard Class,MY-17380,37
US-2017-155866,11/17/2017 0:00,11/21/2017 0:00,Standard Class,CC-12370,165
CA-2017-102736,9/5/2017 0:00,9/9/2017 0:00,Standard Class,LP-17095,366
CA-2017-125269,4/24/2017 0:00,4/30/2017 0:00,Standard Class,AF-10870,27
CA-2015-122266,4/26/2015 0:00,4/30/2015 0:00,Standard Class,SA-20830,488
CA-2015-141565,9/20/2015 0:00,9/24/2015 0:00,Standard Class,BG-11035,396
CA-2017-128769,9/7/2017 0:00,9/12/2017 0:00,Standard Class,DM-12955,396
CA-2016-116337,11/7/2016 0:00,11/12/2016 0:00,Standard Class,MC-17845,78
CA-2015-120845,9/25/2015 0:00,10/2/2015 0:00,Standard Class,ML-17395,109
CA-2014-120775,10/3/2014 0:00,10/7/2014 0:00,Standard Class,RD-19930,163
CA-2014-152905,2/18/2014 0:00,2/24/2014 0:00,Standard Class,AB-10015,175
CA-2016-104633,6/12/2016 0:00,6/16/2016 0:00,Standard Class,EA-14035,55
CA-2014-158225,9/22/2014 0:00,9/28/2014 0:00,Standard Class,SE-20110,59
CA-2017-102204,5/1/2017 0:00,5/6/2017 0:00,Standard Class,CJ-12010,134
CA-2014-109897,8/12/2014 0:00,8/16/2014 0:00,Standard Class,BW-11200,35
US-2014-143581,8/19/2014 0:00,8/23/2014 0:00,Standard Class,BS-11365,113
CA-2017-152310,8/12/2017 0:00,8/19/2017 0:00,Standard Class,DK-12895,6
CA-2016-100307,12/15/2016 0:00,12/19/2016 0:00,Standard Class,TC-21475,146
CA-2015-138457,9/13/2015 0:00,9/17/2015 0:00,Standard Class,AM-10705,223
CA-2014-118304,4/29/2014 0:00,5/4/2014 0:00,Standard Class,KH-16360,22
CA-2017-121790,1/30/2017 0:00,2/6/2017 0:00,Standard Class,LP-17095,174
CA-2016-139549,10/20/2016 0:00,10/25/2016 0:00,Standard Class,MY-18295,581
CA-2017-164112,6/30/2017 0:00,7/4/2017 0:00,Standard Class,ND-18460,185
CA-2015-143882,6/26/2015 0:00,6/30/2015 0:00,Standard Class,DB-13360,347
US-2016-139262,2/21/2016 0:00,2/25/2016 0:00,Standard Class,LC-16960,86
CA-2017-146192,4/22/2017 0:00,4/26/2017 0:00,Standard Class,BD-11725,113
CA-2014-156244,8/12/2014 0:00,8/16/2014 0:00,Standard Class,DH-13675,124
CA-2015-106362,12/11/2015 0:00,12/15/2015 0:00,Standard Class,LC-16885,413
US-2017-168802,11/3/2017 0:00,11/7/2017 0:00,Standard Class,JO-15145,6
US-2017-146906,3/13/2017 0:00,3/17/2017 0:00,Standard Class,MT-17815,165
CA-2016-166380,5/30/2016 0:00,6/3/2016 0:00,Standard Class,EB-13750,102
US-2015-158911,7/5/2015 0:00,7/11/2015 0:00,Standard Class,RS-19765,44
US-2014-103338,3/11/2014 0:00,3/15/2014 0:00,Standard Class,RB-19435,53
CA-2015-109169,4/20/2015 0:00,4/24/2015 0:00,Standard Class,OT-18730,152
US-2017-167318,7/26/2017 0:00,8/1/2017 0:00,Standard Class,GZ-14545,2
CA-2017-135419,11/3/2017 0:00,11/9/2017 0:00,Standard Class,BG-11740,411
CA-2016-128671,8/11/2016 0:00,8/16/2016 0:00,Standard Class,MT-18070,313
CA-2014-168312,3/1/2014 0:00,3/7/2014 0:00,Standard Class,GW-14605,67
US-2017-105935,1/26/2017 0:00,1/31/2017 0:00,Standard Class,BD-11500,113
CA-2014-161508,7/12/2014 0:00,7/16/2014 0:00,Standard Class,PV-18985,517
CA-2017-130904,4/11/2017 0:00,4/16/2017 0:00,Standard Class,HM-14980,180
US-2016-149790,9/26/2016 0:00,10/1/2016 0:00,Standard Class,SC-20380,15
CA-2016-130778,11/19/2016 0:00,11/25/2016 0:00,Standard Class,ND-18370,256
CA-2017-118577,10/6/2017 0:00,10/11/2017 0:00,Standard Class,XP-21865,99
CA-2016-101469,7/2/2016 0:00,7/8/2016 0:00,Standard Class,KH-16360,102
CA-2014-153087,12/27/2014 0:00,1/3/2015 0:00,Standard Class,TC-20980,34
CA-2017-135076,4/13/2017 0:00,4/17/2017 0:00,Standard Class,YS-21880,108
CA-2014-161634,11/14/2014 0:00,11/20/2014 0:00,Standard Class,CC-12220,338
CA-2016-132549,11/25/2016 0:00,11/30/2016 0:00,Standard Class,JK-15370,365
US-2014-155544,3/21/2014 0:00,3/25/2014 0:00,Standard Class,GM-14440,366
US-2015-115238,4/30/2015 0:00,5/4/2015 0:00,Standard Class,JW-15220,129
CA-2017-132199,5/3/2017 0:00,5/8/2017 0:00,Standard Class,BO-11350,64
CA-2016-163174,8/26/2016 0:00,8/30/2016 0:00,Standard Class,XP-21865,507
CA-2014-110555,4/11/2014 0:00,4/18/2014 0:00,Standard Class,MM-18055,151
CA-2017-137631,4/28/2017 0:00,5/2/2017 0:00,Standard Class,JL-15235,603
CA-2016-118745,6/11/2016 0:00,6/16/2016 0:00,Standard Class,SV-20365,14
CA-2016-163972,10/17/2016 0:00,10/21/2016 0:00,Standard Class,MG-17890,254
CA-2016-113726,11/24/2016 0:00,12/1/2016 0:00,Standard Class,SC-20680,60
CA-2015-158701,1/5/2015 0:00,1/10/2015 0:00,Standard Class,JL-15175,95
CA-2017-156272,3/21/2017 0:00,3/27/2017 0:00,Standard Class,PW-19030,412
CA-2015-162964,11/12/2015 0:00,11/18/2015 0:00,Standard Class,MF-18250,15
CA-2016-163048,2/8/2016 0:00,2/15/2016 0:00,Standard Class,MH-17440,67
CA-2017-137582,9/4/2017 0:00,9/8/2017 0:00,Standard Class,CV-12805,233
CA-2015-149601,5/28/2015 0:00,6/3/2015 0:00,Standard Class,TB-21625,114
CA-2014-139423,11/1/2014 0:00,11/5/2014 0:00,Standard Class,DG-13300,417
CA-2017-110625,12/23/2017 0:00,12/30/2017 0:00,Standard Class,JB-16045,605
CA-2015-133837,4/13/2015 0:00,4/18/2015 0:00,Standard Class,TH-21100,277
CA-2016-154067,2/1/2016 0:00,2/7/2016 0:00,Standard Class,SM-20950,2
CA-2017-140480,7/8/2017 0:00,7/12/2017 0:00,Standard Class,HE-14800,286
CA-2015-134082,12/11/2015 0:00,12/17/2015 0:00,Standard Class,JK-15640,343
CA-2017-132290,3/10/2017 0:00,3/14/2017 0:00,Standard Class,MD-17350,163
CA-2016-147109,12/17/2016 0:00,12/21/2016 0:00,Standard Class,AH-10075,175
CA-2017-107265,4/6/2017 0:00,4/12/2017 0:00,Standard Class,ML-17755,606
CA-2017-150091,10/12/2017 0:00,10/16/2017 0:00,Standard Class,NP-18670,101
CA-2015-128356,10/2/2015 0:00,10/7/2015 0:00,Standard Class,RP-19390,462
US-2017-132220,12/11/2017 0:00,11/16/2017 0:00,Standard Class,DJ-13510,287
US-2014-113124,3/30/2014 0:00,4/5/2014 0:00,Standard Class,NC-18340,422
CA-2017-155621,11/8/2017 0:00,11/13/2017 0:00,Standard Class,KN-16450,309
CA-2015-151470,9/20/2015 0:00,9/26/2015 0:00,Standard Class,AM-10705,122
CA-2015-112823,12/10/2015 0:00,12/16/2015 0:00,Standard Class,RA-19945,178
CA-2014-108861,5/28/2014 0:00,6/1/2014 0:00,Standard Class,MM-17260,60
CA-2017-145779,5/6/2017 0:00,5/10/2017 0:00,Standard Class,DB-13615,116
US-2016-155173,3/6/2016 0:00,3/10/2016 0:00,Standard Class,JB-16045,75
CA-2016-125087,4/18/2016 0:00,4/23/2016 0:00,Standard Class,TH-21115,33
CA-2016-154081,5/22/2016 0:00,5/29/2016 0:00,Standard Class,JE-15610,14
CA-2014-126200,8/25/2014 0:00,8/29/2014 0:00,Standard Class,JE-15715,33
CA-2014-146500,8/30/2014 0:00,9/4/2014 0:00,Standard Class,AT-10735,320
CA-2014-100881,3/28/2014 0:00,4/1/2014 0:00,Standard Class,DR-12940,384
CA-2015-144043,5/10/2015 0:00,5/15/2015 0:00,Standard Class,AB-10165,128
CA-2015-101000,4/9/2015 0:00,4/14/2015 0:00,Standard Class,IG-15085,212
CA-2016-168557,9/19/2016 0:00,9/23/2016 0:00,Standard Class,FH-14275,35
US-2016-164196,11/11/2016 0:00,11/17/2016 0:00,Standard Class,AS-10285,421
US-2017-132031,4/23/2017 0:00,4/27/2017 0:00,Standard Class,PN-18775,379
CA-2017-169404,4/9/2017 0:00,4/14/2017 0:00,Standard Class,NC-18625,357
CA-2017-134880,10/27/2017 0:00,11/1/2017 0:00,Standard Class,TW-21025,155
CA-2017-158736,12/18/2017 0:00,12/24/2017 0:00,Standard Class,TT-21460,95
US-2016-119270,3/12/2016 0:00,3/16/2016 0:00,Standard Class,SW-20245,2
CA-2014-109890,7/21/2014 0:00,7/27/2014 0:00,Standard Class,PG-18820,199
CA-2016-138583,5/24/2016 0:00,5/28/2016 0:00,Standard Class,DP-13390,75
CA-2016-126284,9/20/2016 0:00,9/24/2016 0:00,Standard Class,EN-13780,438
CA-2017-124716,3/27/2017 0:00,3/31/2017 0:00,Standard Class,BD-11560,254
CA-2017-106824,7/7/2017 0:00,7/11/2017 0:00,Standard Class,AT-10735,14
CA-2015-109190,10/23/2015 0:00,10/28/2015 0:00,Standard Class,CC-12685,339
CA-2016-143154,12/2/2016 0:00,12/8/2016 0:00,Standard Class,AS-10225,594
CA-2014-164903,2/20/2014 0:00,2/24/2014 0:00,Standard Class,SR-20740,14
CA-2016-109400,5/2/2016 0:00,5/6/2016 0:00,Standard Class,NR-18550,140
CA-2016-130400,3/8/2016 0:00,3/12/2016 0:00,Standard Class,SJ-20125,163
CA-2016-144645,2/2/2016 0:00,2/8/2016 0:00,Standard Class,NS-18640,17
CA-2017-141614,6/5/2017 0:00,6/9/2017 0:00,Standard Class,NS-18640,416
CA-2015-122168,8/21/2015 0:00,8/26/2015 0:00,Standard Class,HG-14965,203
CA-2017-118003,12/4/2017 0:00,12/10/2017 0:00,Standard Class,DO-13645,336
CA-2016-141887,1/11/2016 0:00,1/15/2016 0:00,Standard Class,MP-17470,48
US-2016-160206,4/1/2016 0:00,4/7/2016 0:00,Standard Class,MY-18295,202
CA-2017-133074,9/21/2017 0:00,9/25/2017 0:00,Standard Class,DB-13615,10
CA-2017-137624,11/10/2017 0:00,11/17/2017 0:00,Standard Class,ME-17320,142
CA-2016-156748,11/30/2016 0:00,12/6/2016 0:00,Standard Class,BS-11755,84
US-2014-163146,5/16/2014 0:00,5/20/2014 0:00,Standard Class,CC-12475,35
CA-2015-157343,6/7/2015 0:00,6/11/2015 0:00,Standard Class,HD-14785,106
CA-2017-147354,3/9/2017 0:00,3/13/2017 0:00,Standard Class,KB-16315,142
CA-2016-119074,3/27/2016 0:00,3/31/2016 0:00,Standard Class,DS-13180,113
CA-2015-149566,12/5/2015 0:00,12/10/2015 0:00,Standard Class,GB-14530,14
CA-2015-121132,7/17/2015 0:00,7/24/2015 0:00,Standard Class,VB-21745,17
CA-2014-140473,5/30/2014 0:00,6/3/2014 0:00,Standard Class,MC-17425,37
US-2017-102904,11/13/2017 0:00,11/20/2017 0:00,Standard Class,CB-12025,34
US-2017-108315,4/30/2017 0:00,5/4/2017 0:00,Standard Class,MH-18115,607
CA-2016-162390,12/6/2016 0:00,12/12/2016 0:00,Standard Class,DP-13105,420
CA-2014-121629,11/28/2014 0:00,12/2/2014 0:00,Standard Class,BT-11680,17
CA-2017-146164,12/22/2017 0:00,12/26/2017 0:00,Standard Class,CM-12190,39
CA-2016-111605,12/27/2016 0:00,1/2/2017 0:00,Standard Class,JW-15955,176
US-2017-132927,12/9/2017 0:00,12/15/2017 0:00,Standard Class,RD-19720,64
CA-2017-162015,7/11/2017 0:00,7/18/2017 0:00,Standard Class,KB-16240,14
CA-2015-138492,5/15/2015 0:00,5/22/2015 0:00,Standard Class,FC-14335,12
CA-2017-159667,11/9/2017 0:00,11/13/2017 0:00,Standard Class,PM-19135,134
US-2016-117387,10/27/2016 0:00,10/31/2016 0:00,Standard Class,PA-19060,35
CA-2014-141110,11/26/2014 0:00,12/1/2014 0:00,Standard Class,LS-17200,254
US-2016-116365,1/3/2016 0:00,1/8/2016 0:00,Standard Class,CA-12310,66
CA-2017-162936,8/18/2017 0:00,8/22/2017 0:00,Standard Class,CM-12160,274
CA-2016-138233,11/9/2016 0:00,11/14/2016 0:00,Standard Class,PF-19165,233
CA-2016-165918,9/10/2016 0:00,9/14/2016 0:00,Standard Class,BD-11770,200
CA-2017-117513,3/3/2017 0:00,3/8/2017 0:00,Standard Class,BT-11395,26
CA-2017-104318,5/13/2017 0:00,5/18/2017 0:00,Standard Class,FH-14275,79
US-2016-114230,11/27/2016 0:00,12/1/2016 0:00,Standard Class,CM-12235,52
CA-2015-136147,11/13/2015 0:00,11/18/2015 0:00,Standard Class,FM-14380,329
CA-2015-156118,12/8/2015 0:00,12/12/2015 0:00,Standard Class,HG-14965,98
CA-2015-164084,9/7/2015 0:00,9/12/2015 0:00,Standard Class,AG-10525,165
CA-2017-159793,8/25/2017 0:00,8/29/2017 0:00,Standard Class,SV-20365,12
CA-2017-151281,4/27/2017 0:00,5/2/2017 0:00,Standard Class,HM-14980,60
US-2017-148551,1/12/2017 0:00,1/16/2017 0:00,Standard Class,DB-13120,163
CA-2015-108259,11/8/2015 0:00,11/15/2015 0:00,Standard Class,NS-18640,223
CA-2016-113341,11/25/2016 0:00,11/29/2016 0:00,Standard Class,MH-17455,4
CA-2016-164574,7/29/2016 0:00,8/3/2016 0:00,Standard Class,RH-19555,44
CA-2016-168361,6/21/2016 0:00,6/25/2016 0:00,Standard Class,KB-16600,37
CA-2016-153185,9/3/2016 0:00,9/8/2016 0:00,Standard Class,MH-17620,94
CA-2017-124765,11/25/2017 0:00,11/30/2017 0:00,Standard Class,HZ-14950,3
CA-2015-131856,5/12/2015 0:00,5/17/2015 0:00,Standard Class,JG-15160,17
CA-2017-163265,2/16/2017 0:00,2/21/2017 0:00,Standard Class,JS-16030,68
CA-2014-133634,11/5/2014 0:00,11/10/2014 0:00,Standard Class,SR-20740,102
CA-2017-101665,11/25/2017 0:00,12/1/2017 0:00,Standard Class,TZ-21580,35
CA-2016-155446,12/16/2016 0:00,12/23/2016 0:00,Standard Class,TN-21040,143
CA-2014-101427,12/26/2014 0:00,12/30/2014 0:00,Standard Class,AY-10555,12
CA-2016-136770,8/14/2016 0:00,8/18/2016 0:00,Standard Class,SP-20650,76
CA-2016-118311,10/24/2016 0:00,10/28/2016 0:00,Standard Class,ED-13885,95
CA-2017-119284,6/15/2017 0:00,6/20/2017 0:00,Standard Class,TS-21205,396
CA-2015-133494,3/1/2015 0:00,3/5/2015 0:00,Standard Class,RP-19390,75
US-2014-132745,10/1/2014 0:00,10/5/2014 0:00,Standard Class,NF-18475,245
CA-2014-105648,3/3/2014 0:00,3/7/2014 0:00,Standard Class,EJ-14155,89
US-2015-145422,12/3/2015 0:00,12/7/2015 0:00,Standard Class,PW-19240,95
CA-2017-136623,7/11/2017 0:00,7/16/2017 0:00,Standard Class,TS-21430,189
CA-2017-148145,3/18/2017 0:00,3/23/2017 0:00,Standard Class,SW-20275,61
CA-2015-103870,12/27/2015 0:00,12/31/2015 0:00,Standard Class,SP-20860,109
CA-2015-111017,7/31/2015 0:00,8/6/2015 0:00,Standard Class,SC-20695,359
CA-2016-168774,9/4/2016 0:00,9/9/2016 0:00,Standard Class,RP-19855,533
CA-2017-161592,4/6/2017 0:00,4/10/2017 0:00,Standard Class,CS-12175,429
CA-2017-128076,2/2/2017 0:00,2/7/2017 0:00,Standard Class,BO-11350,189
CA-2016-105662,5/5/2016 0:00,5/9/2016 0:00,Standard Class,RB-19465,395
CA-2016-114307,7/22/2016 0:00,7/26/2016 0:00,Standard Class,MF-17665,210
CA-2016-159891,1/31/2016 0:00,2/6/2016 0:00,Standard Class,BF-11170,149
CA-2016-112578,12/29/2016 0:00,1/2/2017 0:00,Standard Class,FO-14305,380
CA-2015-107083,11/21/2015 0:00,11/27/2015 0:00,Standard Class,BB-11545,7
CA-2015-151722,10/5/2015 0:00,10/9/2015 0:00,Standard Class,IL-15100,48
CA-2016-116911,9/15/2016 0:00,9/20/2016 0:00,Standard Class,JD-16150,612
US-2017-129224,3/17/2017 0:00,3/23/2017 0:00,Standard Class,AS-10630,366
CA-2017-145765,5/28/2017 0:00,6/2/2017 0:00,Standard Class,CM-11815,52
CA-2017-126914,6/15/2017 0:00,6/19/2017 0:00,Standard Class,JE-15715,234
CA-2015-169572,9/6/2015 0:00,9/12/2015 0:00,Standard Class,AG-10525,196
CA-2017-162075,3/18/2017 0:00,3/24/2017 0:00,Standard Class,TT-21220,17
CA-2016-106397,7/7/2016 0:00,7/13/2016 0:00,Standard Class,MJ-17740,13
US-2016-150140,4/6/2016 0:00,4/10/2016 0:00,Standard Class,VM-21685,371
CA-2017-148992,11/23/2017 0:00,11/27/2017 0:00,Standard Class,CS-12250,37
US-2017-100398,8/19/2017 0:00,8/23/2017 0:00,Standard Class,DO-13435,364
CA-2016-113082,12/9/2016 0:00,9/16/2016 0:00,Standard Class,MC-17590,551
US-2017-110646,10/26/2017 0:00,10/31/2017 0:00,Standard Class,JF-15190,64
CA-2017-120614,5/30/2017 0:00,6/4/2017 0:00,Standard Class,SM-20950,26
US-2016-140172,3/8/2016 0:00,3/13/2016 0:00,Standard Class,SP-20650,31
CA-2015-127754,7/26/2015 0:00,7/31/2015 0:00,Standard Class,CK-12760,277
CA-2015-142930,11/28/2015 0:00,12/2/2015 0:00,Standard Class,EB-14170,111
CA-2017-100622,11/3/2017 0:00,11/7/2017 0:00,Standard Class,DK-13090,416
CA-2015-115168,6/5/2015 0:00,6/9/2015 0:00,Standard Class,BB-11545,586
CA-2015-145324,11/15/2015 0:00,11/19/2015 0:00,Standard Class,DH-13675,246
CA-2015-153423,6/22/2015 0:00,6/27/2015 0:00,Standard Class,SW-20455,145
US-2017-132675,9/24/2017 0:00,9/28/2017 0:00,Standard Class,KF-16285,495
US-2016-112396,2/9/2016 0:00,2/13/2016 0:00,Standard Class,JR-16210,95
CA-2017-156664,12/18/2017 0:00,12/23/2017 0:00,Standard Class,BP-11290,48
CA-2017-163671,12/24/2017 0:00,12/30/2017 0:00,Standard Class,DP-13105,430
CA-2017-135909,10/13/2017 0:00,10/20/2017 0:00,Standard Class,JW-15220,380
US-2017-114356,8/20/2017 0:00,8/26/2017 0:00,Standard Class,TT-21460,44
CA-2015-125934,9/11/2015 0:00,9/18/2015 0:00,Standard Class,SN-20560,336
CA-2015-158148,12/20/2015 0:00,12/26/2015 0:00,Standard Class,JM-15865,102
CA-2016-158260,11/4/2016 0:00,11/8/2016 0:00,Standard Class,CC-12475,89
CA-2017-101805,12/1/2017 0:00,12/6/2017 0:00,Standard Class,SH-19975,60
US-2016-141264,8/13/2016 0:00,8/19/2016 0:00,Standard Class,CT-11995,275
CA-2017-126928,9/17/2017 0:00,9/23/2017 0:00,Standard Class,GZ-14470,93
US-2017-115252,10/20/2017 0:00,10/25/2017 0:00,Standard Class,MY-18295,36
CA-2014-107398,8/25/2014 0:00,8/30/2014 0:00,Standard Class,BS-11590,48
CA-2017-103968,12/1/2017 0:00,12/7/2017 0:00,Standard Class,ML-17755,353
CA-2015-111038,12/1/2015 0:00,12/6/2015 0:00,Standard Class,LC-16960,89
CA-2014-124723,8/5/2014 0:00,8/12/2014 0:00,Standard Class,GZ-14470,575
CA-2016-167241,8/15/2016 0:00,8/22/2016 0:00,Standard Class,BD-11320,26
CA-2016-150483,5/31/2016 0:00,6/4/2016 0:00,Standard Class,BP-11290,68
CA-2015-109603,1/26/2015 0:00,2/1/2015 0:00,Standard Class,EM-13825,521
CA-2017-160661,10/28/2017 0:00,11/1/2017 0:00,Standard Class,SA-20830,290
CA-2017-102610,11/4/2017 0:00,11/8/2017 0:00,Standard Class,CA-12265,429
US-2016-144057,9/5/2016 0:00,5/13/2016 0:00,Standard Class,CV-12805,111
CA-2014-160276,4/2/2014 0:00,4/8/2014 0:00,Standard Class,AH-10690,221
CA-2014-132983,4/28/2014 0:00,5/3/2014 0:00,Standard Class,DS-13180,391
CA-2016-145709,10/4/2016 0:00,10/8/2016 0:00,Standard Class,AH-10690,613
CA-2017-133928,6/11/2017 0:00,6/17/2017 0:00,Standard Class,ZC-21910,449
CA-2016-168032,1/30/2016 0:00,2/3/2016 0:00,Standard Class,DF-13135,229
US-2015-168704,4/13/2015 0:00,4/17/2015 0:00,Standard Class,FP-14320,144
CA-2017-143252,12/18/2017 0:00,12/24/2017 0:00,Standard Class,HE-14800,202
CA-2016-102134,3/14/2016 0:00,3/19/2016 0:00,Standard Class,SP-20545,157
CA-2017-111717,10/10/2017 0:00,10/16/2017 0:00,Standard Class,SW-20245,174
CA-2017-148355,12/24/2017 0:00,12/28/2017 0:00,Standard Class,NC-18535,274
CA-2017-150910,12/22/2017 0:00,12/28/2017 0:00,Standard Class,JL-15130,281
CA-2014-126480,9/20/2014 0:00,9/24/2014 0:00,Standard Class,HG-14965,143
CA-2017-150266,11/25/2017 0:00,11/30/2017 0:00,Standard Class,RO-19780,33
CA-2017-106691,11/6/2017 0:00,11/12/2017 0:00,Standard Class,CC-12370,33
CA-2016-134180,11/3/2016 0:00,11/7/2016 0:00,Standard Class,JP-16135,75
CA-2017-157469,12/2/2017 0:00,12/7/2017 0:00,Standard Class,ES-14080,347
CA-2017-122308,3/24/2017 0:00,3/28/2017 0:00,Standard Class,MV-17485,165
CA-2016-110898,3/6/2016 0:00,3/12/2016 0:00,Standard Class,LC-16870,37
CA-2015-123092,12/3/2015 0:00,12/7/2015 0:00,Standard Class,JG-15115,223
US-2015-128587,12/24/2015 0:00,12/30/2015 0:00,Standard Class,HM-14860,335
US-2017-139577,10/1/2017 0:00,10/6/2017 0:00,Standard Class,TN-21040,95
CA-2017-159100,10/16/2017 0:00,10/21/2017 0:00,Standard Class,VP-21760,85
CA-2017-137785,5/13/2017 0:00,5/17/2017 0:00,Standard Class,MH-18115,12
CA-2014-103807,12/2/2014 0:00,12/9/2014 0:00,Standard Class,EM-13825,495
CA-2017-106047,7/12/2017 0:00,7/18/2017 0:00,Standard Class,CS-11860,324
CA-2017-127803,5/19/2017 0:00,5/23/2017 0:00,Standard Class,ND-18460,365
CA-2017-143084,3/18/2017 0:00,3/22/2017 0:00,Standard Class,BP-11050,142
CA-2016-131639,12/17/2016 0:00,12/23/2016 0:00,Standard Class,NS-18640,65
CA-2015-129525,11/15/2015 0:00,11/20/2015 0:00,Standard Class,VP-21760,214
US-2016-152415,9/17/2016 0:00,9/22/2016 0:00,Standard Class,PO-18865,615
CA-2014-138198,7/18/2014 0:00,7/23/2014 0:00,Standard Class,JL-15130,132
CA-2017-105823,6/22/2017 0:00,6/26/2017 0:00,Standard Class,RB-19465,84
CA-2014-152268,9/2/2014 0:00,9/7/2014 0:00,Standard Class,SC-20095,146
CA-2015-148873,10/1/2015 0:00,10/5/2015 0:00,Standard Class,EM-13960,117
CA-2016-117121,12/17/2016 0:00,12/21/2016 0:00,Standard Class,AB-10105,186
CA-2014-138177,9/19/2014 0:00,9/24/2014 0:00,Standard Class,ND-18460,524
CA-2014-114335,9/28/2014 0:00,10/3/2014 0:00,Standard Class,XP-21865,476
CA-2016-168830,11/7/2016 0:00,11/13/2016 0:00,Standard Class,ML-17395,35
CA-2014-124513,9/21/2014 0:00,9/25/2014 0:00,Standard Class,SL-20155,165
CA-2015-165554,5/18/2015 0:00,5/22/2015 0:00,Standard Class,AJ-10780,26
CA-2017-117009,9/22/2017 0:00,9/28/2017 0:00,Standard Class,BK-11260,201
CA-2015-149097,10/20/2015 0:00,10/24/2015 0:00,Standard Class,SV-20785,63
CA-2016-132304,6/14/2016 0:00,6/18/2016 0:00,Standard Class,AR-10825,6
US-2014-151015,10/14/2014 0:00,10/20/2014 0:00,Standard Class,BD-11500,156
CA-2017-152968,5/26/2017 0:00,5/30/2017 0:00,Standard Class,BM-11785,246
CA-2016-150077,2/4/2016 0:00,2/10/2016 0:00,Standard Class,MS-17365,249
CA-2015-136105,6/12/2015 0:00,6/16/2015 0:00,Standard Class,SZ-20035,135
CA-2016-142524,9/4/2016 0:00,9/8/2016 0:00,Standard Class,MB-18085,335
CA-2014-136336,4/21/2014 0:00,4/26/2014 0:00,Standard Class,DB-13555,1
US-2014-124625,11/3/2014 0:00,11/7/2014 0:00,Standard Class,SP-20650,199
CA-2016-108105,2/16/2016 0:00,2/23/2016 0:00,Standard Class,GW-14605,1
CA-2017-169005,11/2/2017 0:00,11/6/2017 0:00,Standard Class,BG-11035,29
CA-2016-143406,9/26/2016 0:00,9/30/2016 0:00,Standard Class,LR-17035,17
CA-2015-150308,12/15/2015 0:00,12/20/2015 0:00,Standard Class,RR-19525,183
US-2015-132836,6/1/2015 0:00,6/5/2015 0:00,Standard Class,AJ-10945,84
US-2014-158365,4/12/2014 0:00,4/17/2014 0:00,Standard Class,SV-20785,464
CA-2017-152933,10/12/2017 0:00,10/16/2017 0:00,Standard Class,MG-17650,177
CA-2015-163181,11/7/2015 0:00,11/12/2015 0:00,Standard Class,AB-10105,17
US-2016-155971,6/6/2016 0:00,6/12/2016 0:00,Standard Class,RB-19795,2
CA-2015-157028,11/28/2015 0:00,12/3/2015 0:00,Standard Class,MA-17995,405
CA-2017-112473,5/25/2017 0:00,6/1/2017 0:00,Standard Class,JL-15505,33
CA-2017-100055,5/28/2017 0:00,6/1/2017 0:00,Standard Class,MD-17860,616
CA-2015-157805,8/31/2015 0:00,9/4/2015 0:00,Standard Class,RH-19510,89
CA-2016-124254,4/12/2016 0:00,4/17/2016 0:00,Standard Class,TB-21175,576
CA-2014-123400,2/2/2014 0:00,2/9/2014 0:00,Standard Class,EB-13930,105
CA-2014-106971,9/2/2014 0:00,9/8/2014 0:00,Standard Class,BM-11785,547
US-2017-166688,5/20/2017 0:00,5/26/2017 0:00,Standard Class,RD-19480,122
CA-2015-126970,9/20/2015 0:00,9/24/2015 0:00,Standard Class,TP-21130,18
US-2016-165505,1/23/2016 0:00,1/27/2016 0:00,Standard Class,CB-12535,371
US-2014-157070,6/1/2014 0:00,6/6/2014 0:00,Standard Class,QJ-19255,152
CA-2014-102645,1/23/2014 0:00,1/28/2014 0:00,Standard Class,IM-15055,122
CA-2014-134215,8/4/2014 0:00,8/8/2014 0:00,Standard Class,ML-17395,372
CA-2016-118934,8/9/2016 0:00,8/14/2016 0:00,Standard Class,GH-14410,564
CA-2016-160108,12/8/2016 0:00,12/12/2016 0:00,Standard Class,AG-10900,425
CA-2015-164007,6/8/2015 0:00,6/12/2015 0:00,Standard Class,MG-17695,27
CA-2016-140571,3/15/2016 0:00,3/19/2016 0:00,Standard Class,SJ-20125,130
CA-2016-118178,3/19/2016 0:00,3/24/2016 0:00,Standard Class,CC-12610,396
CA-2017-156776,8/7/2017 0:00,8/11/2017 0:00,Standard Class,JL-15505,280
US-2015-130512,8/21/2015 0:00,8/25/2015 0:00,Standard Class,SM-20320,285
CA-2015-141810,11/2/2015 0:00,11/7/2015 0:00,Standard Class,BB-10990,66
CA-2014-146843,11/30/2014 0:00,12/6/2014 0:00,Standard Class,PB-19150,510
CA-2014-103310,5/10/2014 0:00,5/15/2014 0:00,Standard Class,GM-14680,59
CA-2016-153836,10/30/2016 0:00,11/3/2016 0:00,Standard Class,EH-13765,165
CA-2016-104689,12/1/2016 0:00,12/5/2016 0:00,Standard Class,FH-14365,26
CA-2017-140781,8/3/2017 0:00,8/7/2017 0:00,Standard Class,AB-10105,51
CA-2015-167479,3/14/2015 0:00,3/19/2015 0:00,Standard Class,AI-10855,53
CA-2014-144071,12/8/2014 0:00,12/15/2014 0:00,Standard Class,DJ-13420,95
CA-2016-152646,11/21/2016 0:00,11/26/2016 0:00,Standard Class,TH-21235,14
CA-2017-103765,11/24/2017 0:00,11/30/2017 0:00,Standard Class,JG-15310,457
US-2015-164238,8/16/2015 0:00,8/20/2015 0:00,Standard Class,JW-15955,75
CA-2017-140515,3/19/2017 0:00,3/24/2017 0:00,Standard Class,GZ-14545,142
CA-2014-148383,12/27/2014 0:00,12/31/2014 0:00,Standard Class,RP-19390,52
CA-2016-126732,9/2/2016 0:00,9/6/2016 0:00,Standard Class,LR-16915,2
CA-2017-110310,10/27/2017 0:00,11/2/2017 0:00,Standard Class,NB-18655,395
CA-2014-113271,7/9/2014 0:00,7/14/2014 0:00,Standard Class,DS-13030,35
CA-2017-130106,5/22/2017 0:00,5/26/2017 0:00,Standard Class,VF-21715,10
CA-2016-105354,12/2/2016 0:00,12/6/2016 0:00,Standard Class,PW-19030,606
CA-2017-155712,3/2/2017 0:00,3/8/2017 0:00,Standard Class,KD-16615,142
CA-2015-124499,10/9/2015 0:00,10/13/2015 0:00,Standard Class,FM-14380,84
US-2017-128118,11/24/2017 0:00,12/1/2017 0:00,Standard Class,MY-17380,32
CA-2017-146983,9/2/2017 0:00,9/6/2017 0:00,Standard Class,AH-10210,1
CA-2017-122539,12/1/2017 0:00,12/5/2017 0:00,Standard Class,SC-20305,12
CA-2016-166772,9/20/2016 0:00,9/24/2016 0:00,Standard Class,HJ-14875,60
US-2017-152898,9/11/2017 0:00,9/15/2017 0:00,Standard Class,CB-12025,196
CA-2016-160486,12/30/2016 0:00,1/4/2017 0:00,Standard Class,EH-14185,583
CA-2014-161032,11/18/2014 0:00,11/23/2014 0:00,Standard Class,MK-17905,57
CA-2017-154011,6/19/2017 0:00,6/26/2017 0:00,Standard Class,DB-13270,177
CA-2017-161340,5/28/2017 0:00,6/1/2017 0:00,Standard Class,AM-10360,178
CA-2015-137603,9/19/2015 0:00,9/24/2015 0:00,Standard Class,MH-17290,448
CA-2014-128237,3/25/2014 0:00,3/30/2014 0:00,Standard Class,CA-12265,95
CA-2017-148642,3/6/2017 0:00,3/12/2017 0:00,Standard Class,DW-13540,78
CA-2016-161907,4/5/2016 0:00,4/9/2016 0:00,Standard Class,JH-16180,12
CA-2017-124940,2/21/2017 0:00,2/26/2017 0:00,Standard Class,DK-13090,297
US-2016-111563,11/4/2016 0:00,11/8/2016 0:00,Standard Class,SM-20005,17
CA-2017-121853,9/23/2017 0:00,9/29/2017 0:00,Standard Class,DB-13660,2
CA-2016-108056,9/29/2016 0:00,10/3/2016 0:00,Standard Class,ES-14080,331
CA-2017-130715,9/16/2017 0:00,9/20/2017 0:00,Standard Class,CY-12745,95
CA-2016-119123,3/13/2016 0:00,3/18/2016 0:00,Standard Class,DB-13360,216
CA-2016-114860,12/22/2016 0:00,12/28/2016 0:00,Standard Class,DN-13690,521
CA-2016-159009,9/23/2016 0:00,9/27/2016 0:00,Standard Class,DP-13105,61
CA-2015-110324,12/1/2015 0:00,12/5/2015 0:00,Standard Class,MA-17560,31
CA-2017-111591,3/21/2017 0:00,3/25/2017 0:00,Standard Class,PS-18970,60
CA-2014-108147,6/8/2014 0:00,6/13/2014 0:00,Standard Class,RD-19480,256
CA-2017-102820,5/7/2017 0:00,5/11/2017 0:00,Standard Class,CS-11950,55
CA-2016-149671,6/5/2016 0:00,6/9/2016 0:00,Standard Class,KB-16600,60
CA-2017-108756,12/25/2017 0:00,12/29/2017 0:00,Standard Class,PO-18865,621
CA-2017-155362,12/17/2017 0:00,12/21/2017 0:00,Standard Class,DP-13105,425
CA-2016-117625,5/10/2016 0:00,5/15/2016 0:00,Standard Class,GM-14500,27
CA-2017-163097,8/27/2017 0:00,8/31/2017 0:00,Standard Class,SF-20200,155
US-2017-127292,1/19/2017 0:00,1/23/2017 0:00,Standard Class,RM-19375,371
CA-2015-163734,6/19/2015 0:00,6/24/2015 0:00,Standard Class,KM-16375,33
CA-2016-103128,11/11/2016 0:00,11/15/2016 0:00,Standard Class,SC-20845,622
CA-2015-167696,9/16/2015 0:00,9/21/2015 0:00,Standard Class,BD-11500,390
CA-2014-159814,6/24/2014 0:00,6/28/2014 0:00,Standard Class,LP-17080,116
CA-2017-141663,4/13/2017 0:00,4/17/2017 0:00,Standard Class,DP-13105,64
CA-2015-127824,10/18/2015 0:00,10/22/2015 0:00,Standard Class,JC-15775,61
CA-2014-148285,10/27/2014 0:00,11/1/2014 0:00,Standard Class,RD-19810,307
CA-2014-145254,7/23/2014 0:00,7/27/2014 0:00,Standard Class,NC-18535,35
CA-2016-160479,9/15/2016 0:00,9/20/2016 0:00,Standard Class,AH-10585,60
CA-2014-167486,11/27/2014 0:00,12/1/2014 0:00,Standard Class,JO-15145,251
CA-2014-152100,5/11/2014 0:00,5/16/2014 0:00,Standard Class,VW-21775,144
CA-2015-166219,8/28/2015 0:00,9/1/2015 0:00,Standard Class,BP-11185,177
CA-2015-119627,8/17/2015 0:00,8/23/2015 0:00,Standard Class,SC-20725,346
CA-2017-107853,5/26/2017 0:00,5/31/2017 0:00,Standard Class,CD-11920,219
CA-2017-126144,7/31/2017 0:00,8/5/2017 0:00,Standard Class,GM-14680,64
US-2014-154655,10/12/2014 0:00,10/16/2014 0:00,Standard Class,BP-11050,37
CA-2017-165904,4/7/2017 0:00,4/11/2017 0:00,Standard Class,HR-14770,134
CA-2015-168277,5/29/2015 0:00,6/3/2015 0:00,Standard Class,KB-16315,305
CA-2016-158617,9/22/2016 0:00,9/28/2016 0:00,Standard Class,AC-10660,453
CA-2017-136882,5/27/2017 0:00,6/3/2017 0:00,Standard Class,DN-13690,313
US-2016-148957,9/17/2016 0:00,9/23/2016 0:00,Standard Class,CC-12430,487
CA-2014-140032,9/8/2014 0:00,9/13/2014 0:00,Standard Class,TS-21340,10
CA-2017-145506,6/3/2017 0:00,6/7/2017 0:00,Standard Class,MO-17800,322
CA-2015-129546,9/28/2015 0:00,10/5/2015 0:00,Standard Class,RP-19855,4
CA-2017-151855,5/27/2017 0:00,6/3/2017 0:00,Standard Class,BW-11110,308
CA-2014-138240,10/9/2014 0:00,10/14/2014 0:00,Standard Class,SJ-20500,35
CA-2014-100867,10/19/2014 0:00,10/24/2014 0:00,Standard Class,EH-14125,469
CA-2014-109127,12/21/2014 0:00,12/25/2014 0:00,Standard Class,JC-15775,286
CA-2016-126858,11/19/2016 0:00,11/23/2016 0:00,Standard Class,JM-15265,61
CA-2014-126193,9/7/2014 0:00,9/14/2014 0:00,Standard Class,SS-20410,623
CA-2017-150504,11/6/2017 0:00,11/12/2017 0:00,Standard Class,HG-14845,78
CA-2014-122679,7/22/2014 0:00,7/28/2014 0:00,Standard Class,AB-10255,142
US-2016-102232,8/5/2016 0:00,8/11/2016 0:00,Standard Class,MF-17665,365
CA-2017-111738,1/3/2017 0:00,1/7/2017 0:00,Standard Class,CM-12385,95
CA-2016-105207,1/3/2016 0:00,1/8/2016 0:00,Standard Class,BO-11350,474
US-2016-123610,5/12/2016 0:00,5/16/2016 0:00,Standard Class,VM-21835,169
CA-2016-149237,5/26/2016 0:00,5/30/2016 0:00,Standard Class,CM-12235,202
US-2015-158589,11/20/2015 0:00,11/24/2015 0:00,Standard Class,KW-16570,10
CA-2016-101329,4/22/2016 0:00,4/29/2016 0:00,Standard Class,MM-17920,499
CA-2016-125220,10/14/2016 0:00,10/19/2016 0:00,Standard Class,BE-11410,292
CA-2014-100293,3/14/2014 0:00,3/18/2014 0:00,Standard Class,NF-18475,134
CA-2014-154165,2/17/2014 0:00,2/24/2014 0:00,Standard Class,DL-13315,156
CA-2016-101189,2/4/2016 0:00,2/9/2016 0:00,Standard Class,JB-15400,14
CA-2014-169446,12/19/2014 0:00,12/25/2014 0:00,Standard Class,SG-20605,37
CA-2017-111759,7/8/2017 0:00,7/12/2017 0:00,Standard Class,MR-17545,6
CA-2017-102729,10/26/2017 0:00,10/31/2017 0:00,Standard Class,BF-11215,163
CA-2016-116596,10/27/2016 0:00,10/31/2016 0:00,Standard Class,BW-11200,165
CA-2015-135251,8/6/2015 0:00,8/10/2015 0:00,Standard Class,RP-19270,15
CA-2014-166590,10/29/2014 0:00,11/2/2014 0:00,Standard Class,NC-18625,135
CA-2015-147690,11/10/2015 0:00,11/14/2015 0:00,Standard Class,SC-20020,12
CA-2015-163923,5/30/2015 0:00,6/3/2015 0:00,Standard Class,BD-11560,29
CA-2016-125724,9/22/2016 0:00,9/27/2016 0:00,Standard Class,SM-20950,334
CA-2015-111612,11/28/2015 0:00,12/2/2015 0:00,Standard Class,EB-14110,48
CA-2015-161242,6/1/2015 0:00,6/8/2015 0:00,Standard Class,CG-12040,63
CA-2016-107475,6/7/2016 0:00,6/11/2016 0:00,Standard Class,RS-19870,75
US-2017-129203,4/17/2017 0:00,4/22/2017 0:00,Standard Class,BM-11575,156
CA-2017-110940,7/23/2017 0:00,7/28/2017 0:00,Standard Class,AZ-10750,400
CA-2014-119172,5/11/2014 0:00,5/15/2014 0:00,Standard Class,HD-14785,27
US-2016-105452,7/28/2016 0:00,8/1/2016 0:00,Standard Class,BF-11005,90
CA-2017-104619,1/24/2017 0:00,1/29/2017 0:00,Standard Class,KD-16495,59
CA-2015-149517,9/19/2015 0:00,9/23/2015 0:00,Standard Class,FC-14245,380
CA-2015-116841,4/14/2015 0:00,4/18/2015 0:00,Standard Class,TP-21130,331
CA-2016-117604,9/4/2016 0:00,9/9/2016 0:00,Standard Class,JP-15520,238
CA-2016-129861,6/17/2016 0:00,6/23/2016 0:00,Standard Class,DM-13345,145
US-2017-122672,11/4/2017 0:00,11/9/2017 0:00,Standard Class,HG-14965,404
CA-2017-144365,10/24/2017 0:00,10/30/2017 0:00,Standard Class,CS-11950,130
CA-2016-110086,9/18/2016 0:00,9/22/2016 0:00,Standard Class,BD-11320,434
CA-2016-140256,8/22/2016 0:00,8/29/2016 0:00,Standard Class,PW-19030,14
CA-2017-160633,11/16/2017 0:00,11/21/2017 0:00,Standard Class,BS-11380,393
CA-2014-115133,9/26/2014 0:00,9/30/2014 0:00,Standard Class,DA-13450,404
CA-2014-139283,11/23/2014 0:00,11/27/2014 0:00,Standard Class,BT-11440,84
CA-2014-118192,1/13/2014 0:00,1/18/2014 0:00,Standard Class,MM-17920,56
CA-2016-168844,5/31/2016 0:00,6/6/2016 0:00,Standard Class,NM-18520,165
CA-2017-154809,2/13/2017 0:00,2/17/2017 0:00,Standard Class,MH-17455,40
CA-2014-124702,11/18/2014 0:00,11/25/2014 0:00,Standard Class,MH-17785,60
CA-2014-104563,3/7/2014 0:00,3/12/2014 0:00,Standard Class,CM-12715,6
US-2017-107979,6/8/2017 0:00,6/13/2017 0:00,Standard Class,FO-14305,277
CA-2014-150518,11/19/2014 0:00,11/24/2014 0:00,Standard Class,MW-18220,624
CA-2016-107104,11/26/2016 0:00,11/30/2016 0:00,Standard Class,MS-17365,63
CA-2017-161893,1/23/2017 0:00,1/27/2017 0:00,Standard Class,HP-14815,116
CA-2016-160717,6/6/2016 0:00,6/11/2016 0:00,Standard Class,ME-17320,538
CA-2017-132619,8/31/2017 0:00,9/5/2017 0:00,Standard Class,MS-17770,10
CA-2017-157448,11/16/2017 0:00,11/20/2017 0:00,Standard Class,LC-16885,14
CA-2016-126270,4/23/2016 0:00,4/27/2016 0:00,Standard Class,AF-10870,625
CA-2017-145275,4/2/2017 0:00,4/6/2017 0:00,Standard Class,AH-10465,34
US-2017-140312,11/13/2017 0:00,11/19/2017 0:00,Standard Class,KL-16645,626
CA-2016-114867,12/23/2016 0:00,12/28/2016 0:00,Standard Class,FM-14290,106
CA-2016-137393,5/6/2016 0:00,5/10/2016 0:00,Standard Class,GM-14500,411
US-2014-120175,11/28/2014 0:00,12/3/2014 0:00,Standard Class,MC-17635,239
CA-2015-130113,12/27/2015 0:00,12/31/2015 0:00,Standard Class,AH-10030,35
CA-2017-122770,12/13/2017 0:00,12/18/2017 0:00,Standard Class,EP-13915,35
CA-2017-116498,5/30/2017 0:00,6/3/2017 0:00,Standard Class,KA-16525,89
US-2017-130603,9/30/2017 0:00,10/6/2017 0:00,Standard Class,SC-20050,175
US-2017-135986,6/20/2017 0:00,6/27/2017 0:00,Standard Class,PG-18895,196
CA-2015-130183,11/13/2015 0:00,11/17/2015 0:00,Standard Class,PO-18850,17
CA-2015-107902,8/28/2015 0:00,9/2/2015 0:00,Standard Class,SM-20950,70
CA-2017-154116,12/15/2017 0:00,12/19/2017 0:00,Standard Class,KM-16660,96
CA-2016-105291,10/30/2016 0:00,11/4/2016 0:00,Standard Class,SP-20920,627
CA-2017-147032,7/31/2017 0:00,8/4/2017 0:00,Standard Class,LB-16795,50
CA-2017-125990,10/19/2017 0:00,10/23/2017 0:00,Standard Class,JS-16030,35
CA-2016-161746,10/21/2016 0:00,10/27/2016 0:00,Standard Class,CS-11950,63
CA-2014-114251,11/5/2014 0:00,11/10/2014 0:00,Standard Class,MD-17350,106
CA-2016-116379,11/7/2016 0:00,11/12/2016 0:00,Standard Class,LD-17005,35
CA-2016-119641,9/22/2016 0:00,9/26/2016 0:00,Standard Class,CS-12250,157
CA-2014-101364,12/22/2014 0:00,12/26/2014 0:00,Standard Class,TW-21025,165
CA-2015-117898,12/5/2015 0:00,12/11/2015 0:00,Standard Class,TB-21250,51
CA-2014-111962,9/29/2014 0:00,10/4/2014 0:00,Standard Class,EB-14170,61
CA-2017-124261,11/14/2017 0:00,11/19/2017 0:00,Standard Class,JE-15715,14
CA-2014-114321,8/20/2014 0:00,8/25/2014 0:00,Standard Class,NC-18535,498
US-2015-100069,6/29/2015 0:00,7/3/2015 0:00,Standard Class,NF-18475,199
CA-2017-129294,3/16/2017 0:00,3/21/2017 0:00,Standard Class,KD-16615,4
CA-2015-117086,11/8/2015 0:00,11/12/2015 0:00,Standard Class,QJ-19255,371
CA-2017-131303,11/28/2017 0:00,12/2/2017 0:00,Standard Class,EP-13915,89
CA-2016-137127,6/16/2016 0:00,6/22/2016 0:00,Standard Class,JJ-15445,286
CA-2017-141782,1/21/2017 0:00,1/25/2017 0:00,Standard Class,BE-11410,174
US-2014-140914,11/11/2014 0:00,11/15/2014 0:00,Standard Class,BH-11710,156
CA-2016-158358,3/4/2016 0:00,3/8/2016 0:00,Standard Class,EM-13810,356
CA-2016-113390,10/11/2016 0:00,10/15/2016 0:00,Standard Class,EP-13915,27
CA-2016-146913,10/31/2016 0:00,11/5/2016 0:00,Standard Class,SF-20965,10
CA-2017-159135,11/4/2017 0:00,11/8/2017 0:00,Standard Class,KM-16375,628
CA-2014-121762,2/14/2014 0:00,2/18/2014 0:00,Standard Class,ML-17395,6
CA-2014-123855,6/18/2014 0:00,6/23/2014 0:00,Standard Class,MC-18100,2
CA-2017-101959,2/28/2017 0:00,3/6/2017 0:00,Standard Class,DB-13660,265
CA-2017-102659,12/9/2017 0:00,12/15/2017 0:00,Standard Class,LW-17215,438
CA-2017-142328,12/7/2017 0:00,12/14/2017 0:00,Standard Class,TC-21535,35
CA-2016-123533,11/24/2016 0:00,11/30/2016 0:00,Standard Class,SC-20050,187
CA-2016-160234,6/26/2016 0:00,7/3/2016 0:00,Standard Class,PF-19225,149
CA-2014-169019,7/26/2014 0:00,7/30/2014 0:00,Standard Class,LF-17185,66
CA-2016-153178,9/14/2016 0:00,9/18/2016 0:00,Standard Class,CL-12565,256
CA-2015-155635,5/9/2015 0:00,5/13/2015 0:00,Standard Class,ME-17725,176
CA-2017-144491,3/27/2017 0:00,4/1/2017 0:00,Standard Class,CJ-12010,33
CA-2016-125920,5/21/2016 0:00,5/28/2016 0:00,Standard Class,SH-19975,27
CA-2015-128608,1/12/2015 0:00,1/17/2015 0:00,Standard Class,CS-12490,214
CA-2017-137918,9/29/2017 0:00,10/6/2017 0:00,Standard Class,JK-15730,629
CA-2016-136322,10/21/2016 0:00,10/26/2016 0:00,Standard Class,AP-10720,3
CA-2017-145093,7/21/2017 0:00,7/26/2017 0:00,Standard Class,PT-19090,37
CA-2015-162201,6/8/2015 0:00,6/12/2015 0:00,Standard Class,AG-10495,105
US-2014-164406,8/15/2014 0:00,8/19/2014 0:00,Standard Class,BD-11605,35
US-2017-152842,7/16/2017 0:00,7/23/2017 0:00,Standard Class,NF-18385,44
CA-2017-130302,9/14/2017 0:00,9/19/2017 0:00,Standard Class,CY-12745,158
US-2016-125402,9/25/2016 0:00,10/1/2016 0:00,Standard Class,DL-12865,107
CA-2014-142979,4/12/2014 0:00,4/18/2014 0:00,Standard Class,EH-13765,629
CA-2017-138870,6/19/2017 0:00,6/23/2017 0:00,Standard Class,GA-14515,10
CA-2014-120950,11/6/2014 0:00,11/11/2014 0:00,Standard Class,GA-14515,113
CA-2015-164301,3/26/2015 0:00,3/30/2015 0:00,Standard Class,EB-13840,6
CA-2017-113278,1/14/2017 0:00,1/20/2017 0:00,Standard Class,HR-14770,239
CA-2014-112291,4/3/2014 0:00,4/8/2014 0:00,Standard Class,KE-16420,142
CA-2014-146997,1/23/2014 0:00,1/27/2014 0:00,Standard Class,SG-20605,378
CA-2015-127544,8/8/2015 0:00,8/12/2015 0:00,Standard Class,RD-19585,551
CA-2014-115049,9/26/2014 0:00,10/1/2014 0:00,Standard Class,MM-17920,37
CA-2016-112830,6/6/2016 0:00,6/10/2016 0:00,Standard Class,LP-17095,324
US-2014-117380,3/28/2014 0:00,4/3/2014 0:00,Standard Class,MP-18175,158
CA-2017-117646,8/21/2017 0:00,8/25/2017 0:00,Standard Class,SC-20845,128
CA-2014-122609,11/12/2014 0:00,11/18/2014 0:00,Standard Class,DP-13000,297
US-2014-157231,4/5/2014 0:00,4/9/2014 0:00,Standard Class,RP-19855,127
CA-2016-149272,3/15/2016 0:00,3/19/2016 0:00,Standard Class,MY-18295,617
CA-2014-111360,11/24/2014 0:00,11/30/2014 0:00,Standard Class,AT-10435,76
US-2017-162124,5/6/2017 0:00,5/10/2017 0:00,Standard Class,JF-15490,156
CA-2015-104948,11/13/2015 0:00,11/17/2015 0:00,Standard Class,KH-16510,343
CA-2016-114405,4/7/2016 0:00,4/12/2016 0:00,Standard Class,AS-10240,75
CA-2017-132955,6/24/2017 0:00,6/28/2017 0:00,Standard Class,SC-20575,482
CA-2017-164028,11/24/2017 0:00,11/30/2017 0:00,Standard Class,JL-15835,35
CA-2014-143371,12/28/2014 0:00,1/3/2015 0:00,Standard Class,MD-17350,159
CA-2014-111157,3/2/2014 0:00,3/6/2014 0:00,Standard Class,NH-18610,75
US-2014-143287,11/11/2014 0:00,11/17/2014 0:00,Standard Class,KN-16705,132
CA-2017-137421,10/6/2017 0:00,10/11/2017 0:00,Standard Class,AJ-10945,524
CA-2017-153871,12/11/2017 0:00,12/17/2017 0:00,Standard Class,RB-19435,171
CA-2015-103772,6/28/2015 0:00,7/2/2015 0:00,Standard Class,MP-17470,270
CA-2016-130225,9/11/2016 0:00,9/17/2016 0:00,Standard Class,RC-19960,17
US-2016-103674,12/6/2016 0:00,12/10/2016 0:00,Standard Class,AP-10720,4
US-2016-157728,9/22/2016 0:00,9/28/2016 0:00,Standard Class,RC-19960,438
CA-2015-100251,5/17/2015 0:00,5/23/2015 0:00,Standard Class,DV-13465,256
CA-2016-125794,9/29/2016 0:00,10/3/2016 0:00,Standard Class,ML-17410,142
CA-2017-163629,11/17/2017 0:00,11/21/2017 0:00,Standard Class,RA-19885,507
CA-2017-121258,2/26/2017 0:00,3/3/2017 0:00,Standard Class,DB-13060,147
CA-2016-152156,11/8/2016 0:00,11/11/2016 0:00,Second Class,CG-12520,1
CA-2016-138688,6/12/2016 0:00,6/16/2016 0:00,Second Class,DV-13045,2
CA-2015-102848,11/7/2015 0:00,11/9/2015 0:00,Second Class,KB-16240,2
CA-2015-133025,9/17/2015 0:00,9/19/2015 0:00,Second Class,MO-17800,2
CA-2017-117212,2/26/2017 0:00,2/28/2017 0:00,Second Class,BT-11530,2
CA-2016-163755,11/4/2016 0:00,11/8/2016 0:00,Second Class,AS-10285,6
US-2015-126214,12/21/2015 0:00,12/24/2015 0:00,Second Class,JS-15880,6
CA-2014-167164,5/13/2014 0:00,5/15/2014 0:00,Second Class,AG-10270,9
CA-2014-143336,8/27/2014 0:00,9/1/2014 0:00,Second Class,ZD-21925,10
CA-2016-154739,12/10/2016 0:00,12/15/2016 0:00,Second Class,LH-17155,10
CA-2014-139192,5/27/2014 0:00,6/1/2014 0:00,Second Class,LC-16885,10
US-2017-156909,7/16/2017 0:00,7/18/2017 0:00,Second Class,SF-20065,12
CA-2016-110366,9/5/2016 0:00,9/7/2016 0:00,Second Class,JD-15895,12
CA-2014-122336,4/13/2014 0:00,4/17/2014 0:00,Second Class,JD-15895,12
CA-2016-121755,1/16/2016 0:00,1/20/2016 0:00,Second Class,EH-13945,14
CA-2017-107727,10/19/2017 0:00,10/23/2017 0:00,Second Class,MA-17560,15
CA-2016-159695,5/4/2016 0:00,4/10/2016 0:00,Second Class,GM-14455,15
CA-2016-140634,10/3/2016 0:00,10/6/2016 0:00,Second Class,HL-15040,15
US-2014-152030,12/26/2014 0:00,12/28/2014 0:00,Second Class,AD-10180,17
CA-2014-146703,10/20/2014 0:00,10/25/2014 0:00,Second Class,PO-18865,21
CA-2015-144253,5/4/2015 0:00,5/9/2015 0:00,Second Class,AS-10225,24
CA-2017-157252,1/20/2017 0:00,1/23/2017 0:00,Second Class,CV-12805,24
CA-2017-134978,12/11/2017 0:00,11/15/2017 0:00,Second Class,EB-13705,24
CA-2016-136133,8/18/2016 0:00,8/23/2016 0:00,Second Class,HW-14935,24
CA-2017-111689,11/30/2017 0:00,12/2/2017 0:00,Second Class,HP-14815,24
US-2016-125969,11/6/2016 0:00,11/10/2016 0:00,Second Class,LS-16975,26
CA-2016-149314,7/2/2016 0:00,7/7/2016 0:00,Second Class,GB-14530,26
CA-2014-120243,12/27/2014 0:00,12/30/2014 0:00,Second Class,AT-10435,26
CA-2016-157749,6/4/2016 0:00,6/9/2016 0:00,Second Class,KL-16645,27
US-2016-100419,12/16/2016 0:00,12/20/2016 0:00,Second Class,CC-12670,27
CA-2016-137043,12/23/2016 0:00,12/25/2016 0:00,Second Class,LC-17140,29
CA-2017-161018,11/9/2017 0:00,11/11/2017 0:00,Second Class,PN-18775,30
CA-2017-163139,12/1/2017 0:00,12/3/2017 0:00,Second Class,CC-12670,30
CA-2016-137050,7/14/2016 0:00,7/18/2016 0:00,Second Class,SW-20755,30
CA-2017-114440,9/14/2017 0:00,9/17/2017 0:00,Second Class,TB-21520,31
US-2016-120929,3/18/2016 0:00,3/21/2016 0:00,Second Class,RO-19780,32
US-2014-147606,11/26/2014 0:00,12/1/2014 0:00,Second Class,JE-15745,33
US-2015-161991,9/26/2015 0:00,9/28/2015 0:00,Second Class,SC-20725,33
CA-2016-168081,4/24/2016 0:00,4/27/2016 0:00,Second Class,CA-12055,33
CA-2016-147375,6/12/2016 0:00,6/14/2016 0:00,Second Class,PO-19180,37
CA-2017-140088,5/28/2017 0:00,5/30/2017 0:00,Second Class,PO-18865,38
CA-2016-129903,12/1/2016 0:00,12/4/2016 0:00,Second Class,GZ-14470,39
CA-2015-149587,1/31/2015 0:00,2/5/2015 0:00,Second Class,KB-16315,40
CA-2016-134425,12/8/2016 0:00,12/12/2016 0:00,Second Class,QJ-19255,42
US-2016-135720,12/11/2016 0:00,12/13/2016 0:00,Second Class,FM-14380,43
US-2016-168620,12/24/2016 0:00,12/28/2016 0:00,Second Class,RB-19795,44
CA-2016-102981,9/6/2016 0:00,9/9/2016 0:00,Second Class,MO-17500,46
CA-2017-145226,12/8/2017 0:00,12/10/2017 0:00,Second Class,DL-13315,46
CA-2014-115259,8/25/2014 0:00,8/27/2014 0:00,Second Class,RC-19960,48
CA-2016-110772,11/20/2016 0:00,11/24/2016 0:00,Second Class,NZ-18565,48
US-2015-157014,10/3/2015 0:00,10/6/2015 0:00,Second Class,BM-11785,48
CA-2017-102414,5/15/2017 0:00,5/18/2017 0:00,Second Class,JA-15970,52
US-2015-101511,11/21/2015 0:00,11/23/2015 0:00,Second Class,JE-15745,56
CA-2014-153150,7/1/2014 0:00,7/6/2014 0:00,Second Class,Dl-13600,60
CA-2017-132521,9/23/2017 0:00,9/25/2017 0:00,Second Class,DW-13540,60
CA-2014-104269,3/1/2014 0:00,3/6/2014 0:00,Second Class,DB-13060,61
CA-2015-137946,9/1/2015 0:00,9/4/2015 0:00,Second Class,DB-13615,63
CA-2015-143602,4/25/2015 0:00,4/28/2015 0:00,Second Class,JS-15595,63
CA-2015-119697,12/28/2015 0:00,12/31/2015 0:00,Second Class,EM-13960,64
US-2016-150147,4/25/2016 0:00,4/29/2016 0:00,Second Class,JL-15850,64
CA-2014-115791,1/16/2014 0:00,1/18/2014 0:00,Second Class,DL-13315,64
US-2017-152366,4/21/2017 0:00,4/25/2017 0:00,Second Class,SJ-20500,67
US-2014-106992,9/19/2014 0:00,9/21/2014 0:00,Second Class,SB-20290,67
CA-2016-108987,9/8/2016 0:00,9/10/2016 0:00,Second Class,AG-10675,67
CA-2016-101966,7/14/2016 0:00,7/16/2016 0:00,Second Class,BM-11785,67
CA-2014-166191,12/5/2014 0:00,12/9/2014 0:00,Second Class,DK-13150,68
CA-2014-158274,11/19/2014 0:00,11/24/2014 0:00,Second Class,RM-19675,69
US-2017-116701,12/17/2017 0:00,12/21/2017 0:00,Second Class,LC-17140,78
CA-2015-101007,2/9/2015 0:00,2/13/2015 0:00,Second Class,MS-17980,78
CA-2016-115756,9/5/2016 0:00,9/7/2016 0:00,Second Class,PK-19075,84
CA-2014-145576,9/14/2014 0:00,9/18/2014 0:00,Second Class,CA-12775,86
CA-2014-131926,6/1/2014 0:00,6/6/2014 0:00,Second Class,DW-13480,88
CA-2017-163979,12/28/2017 0:00,1/2/2018 0:00,Second Class,KH-16690,95
CA-2014-144666,11/9/2014 0:00,11/11/2014 0:00,Second Class,JP-15520,95
CA-2016-136406,4/15/2016 0:00,4/17/2016 0:00,Second Class,BD-11320,95
CA-2017-118731,11/20/2017 0:00,11/22/2017 0:00,Second Class,LP-17080,95
CA-2016-144855,7/22/2016 0:00,7/24/2016 0:00,Second Class,DL-13495,95
CA-2017-106033,10/15/2017 0:00,10/18/2017 0:00,Second Class,FG-14260,95
CA-2016-112697,12/18/2016 0:00,12/20/2016 0:00,Second Class,AH-10195,97
CA-2015-125395,6/26/2015 0:00,6/29/2015 0:00,Second Class,LA-16780,100
CA-2015-115847,9/19/2015 0:00,9/24/2015 0:00,Second Class,TC-21535,102
CA-2016-142902,12/9/2016 0:00,9/14/2016 0:00,Second Class,BP-11185,103
CA-2016-121223,9/11/2016 0:00,9/13/2016 0:00,Second Class,GD-14590,106
CA-2015-149713,9/18/2015 0:00,9/22/2015 0:00,Second Class,TG-21640,107
CA-2017-153339,11/3/2017 0:00,11/5/2017 0:00,Second Class,DJ-13510,109
CA-2015-128167,6/22/2015 0:00,6/26/2015 0:00,Second Class,KL-16645,110
US-2014-135972,9/21/2014 0:00,9/23/2014 0:00,Second Class,JG-15115,120
US-2014-134971,6/7/2014 0:00,6/10/2014 0:00,Second Class,BP-11095,121
CA-2017-165603,10/17/2017 0:00,10/19/2017 0:00,Second Class,SS-20140,123
CA-2017-144694,9/24/2017 0:00,9/26/2017 0:00,Second Class,BD-11605,124
CA-2014-155852,3/3/2014 0:00,3/7/2014 0:00,Second Class,AJ-10945,125
CA-2014-163419,11/11/2014 0:00,11/14/2014 0:00,Second Class,TZ-21580,128
CA-2017-155705,8/21/2017 0:00,8/23/2017 0:00,Second Class,NF-18385,130
CA-2017-149160,11/23/2017 0:00,11/26/2017 0:00,Second Class,JM-15265,131
CA-2016-134474,1/5/2016 0:00,1/7/2016 0:00,Second Class,AJ-10795,134
CA-2015-153549,3/29/2015 0:00,3/31/2015 0:00,Second Class,SL-20155,134
CA-2017-154214,3/20/2017 0:00,3/25/2017 0:00,Second Class,TB-21595,135
CA-2016-166674,4/1/2016 0:00,4/3/2016 0:00,Second Class,RB-19360,136
CA-2017-160983,10/29/2017 0:00,10/31/2017 0:00,Second Class,GB-14530,136
CA-2014-133753,6/9/2014 0:00,6/13/2014 0:00,Second Class,CW-11905,144
CA-2016-168753,5/29/2016 0:00,6/1/2016 0:00,Second Class,RL-19615,154
US-2017-122637,9/3/2017 0:00,9/8/2017 0:00,Second Class,EP-13915,156
CA-2015-113173,11/15/2015 0:00,11/17/2015 0:00,Second Class,DK-13225,156
CA-2016-126529,1/11/2016 0:00,1/13/2016 0:00,Second Class,DE-13255,158
CA-2017-100650,6/29/2017 0:00,7/3/2017 0:00,Second Class,DK-13225,159
CA-2017-138611,11/14/2017 0:00,11/17/2017 0:00,Second Class,CK-12595,164
CA-2017-117947,8/18/2017 0:00,8/23/2017 0:00,Second Class,NG-18355,165
US-2017-103247,10/5/2017 0:00,10/8/2017 0:00,Second Class,PO-19195,165
CA-2015-168004,10/4/2015 0:00,10/9/2015 0:00,Second Class,DJ-13420,167
CA-2017-167913,7/30/2017 0:00,8/3/2017 0:00,Second Class,JL-15835,169
CA-2016-160745,12/11/2016 0:00,12/16/2016 0:00,Second Class,AR-10825,173
CA-2017-132682,6/8/2017 0:00,6/10/2017 0:00,Second Class,TH-21235,177
US-2014-115987,9/8/2014 0:00,9/13/2014 0:00,Second Class,LH-17020,179
US-2014-117135,6/21/2014 0:00,6/23/2014 0:00,Second Class,NP-18325,181
CA-2016-150889,3/20/2016 0:00,3/22/2016 0:00,Second Class,PB-19105,190
CA-2014-162775,1/13/2014 0:00,1/15/2014 0:00,Second Class,CS-12250,193
CA-2017-129567,3/17/2017 0:00,3/21/2017 0:00,Second Class,CL-12565,195
CA-2017-129462,6/16/2017 0:00,6/21/2017 0:00,Second Class,JE-15745,203
CA-2016-152534,6/20/2016 0:00,6/25/2016 0:00,Second Class,DP-13105,206
CA-2014-127488,9/22/2014 0:00,9/24/2014 0:00,Second Class,MS-17365,220
CA-2017-118437,6/17/2017 0:00,6/21/2017 0:00,Second Class,PF-19165,225
US-2017-139955,9/28/2017 0:00,9/30/2017 0:00,Second Class,CM-12160,231
CA-2016-166163,8/15/2016 0:00,8/20/2016 0:00,Second Class,CY-12745,233
CA-2017-140585,12/18/2017 0:00,12/23/2017 0:00,Second Class,RA-19915,236
CA-2016-152170,11/12/2016 0:00,11/15/2016 0:00,Second Class,FH-14275,242
CA-2014-126522,9/1/2014 0:00,9/5/2014 0:00,Second Class,LT-16765,247
CA-2015-132570,10/31/2015 0:00,11/2/2015 0:00,Second Class,KT-16480,251
CA-2014-168494,12/12/2014 0:00,12/14/2014 0:00,Second Class,NP-18700,254
CA-2017-105053,7/7/2017 0:00,7/9/2017 0:00,Second Class,CS-12355,256
CA-2017-100524,3/31/2017 0:00,4/2/2017 0:00,Second Class,CM-12115,165
CA-2014-153976,10/3/2014 0:00,10/8/2014 0:00,Second Class,BP-11290,190
US-2014-151925,9/26/2014 0:00,10/1/2014 0:00,Second Class,KT-16465,14
US-2014-157021,4/1/2014 0:00,4/6/2014 0:00,Second Class,KM-16720,168
CA-2014-126361,8/4/2014 0:00,8/9/2014 0:00,Second Class,VD-21670,269
CA-2017-115994,1/28/2017 0:00,1/31/2017 0:00,Second Class,BT-11305,147
US-2015-164448,10/31/2015 0:00,11/4/2015 0:00,Second Class,DK-12835,206
CA-2014-120768,12/19/2014 0:00,12/21/2014 0:00,Second Class,IM-15070,257
CA-2017-122735,4/12/2017 0:00,4/15/2017 0:00,Second Class,BD-11320,260
CA-2017-128160,12/19/2017 0:00,12/24/2017 0:00,Second Class,MM-17920,95
US-2015-161466,9/24/2015 0:00,9/27/2015 0:00,Second Class,ON-18715,75
CA-2017-101210,8/25/2017 0:00,8/28/2017 0:00,Second Class,DW-13540,281
CA-2017-151911,4/30/2017 0:00,5/5/2017 0:00,Second Class,DL-13495,24
CA-2014-123925,12/17/2014 0:00,12/19/2014 0:00,Second Class,RF-19840,113
CA-2017-148446,12/10/2017 0:00,12/14/2017 0:00,Second Class,MC-17845,284
CA-2014-111059,2/3/2014 0:00,2/6/2014 0:00,Second Class,TB-21400,60
CA-2017-116204,2/11/2017 0:00,2/14/2017 0:00,Second Class,VW-21775,95
CA-2015-148432,11/7/2015 0:00,11/10/2015 0:00,Second Class,MC-18130,286
CA-2017-121888,9/15/2017 0:00,9/17/2017 0:00,Second Class,CL-11890,290
CA-2014-166884,3/11/2014 0:00,3/16/2014 0:00,Second Class,CK-12205,48
CA-2014-150245,12/31/2014 0:00,1/4/2015 0:00,Second Class,PC-18745,291
US-2017-124926,11/13/2017 0:00,11/18/2017 0:00,Second Class,ME-17320,15
CA-2015-112116,3/16/2015 0:00,3/18/2015 0:00,Second Class,JE-15475,6
CA-2015-122826,6/23/2015 0:00,6/25/2015 0:00,Second Class,RD-19480,225
CA-2017-158876,11/19/2017 0:00,11/21/2017 0:00,Second Class,AB-10150,297
CA-2016-164672,5/8/2016 0:00,5/13/2016 0:00,Second Class,GB-14530,22
US-2016-115819,4/19/2016 0:00,4/24/2016 0:00,Second Class,JO-15280,14
US-2016-118780,9/10/2016 0:00,9/14/2016 0:00,Second Class,PN-18775,165
CA-2017-101049,6/21/2017 0:00,6/25/2017 0:00,Second Class,AS-10240,178
CA-2015-120341,9/26/2015 0:00,9/29/2015 0:00,Second Class,SF-20200,106
CA-2016-128531,11/24/2016 0:00,11/26/2016 0:00,Second Class,NS-18505,163
US-2016-101497,9/29/2016 0:00,10/1/2016 0:00,Second Class,PS-18760,142
US-2016-158708,6/26/2016 0:00,6/29/2016 0:00,Second Class,AB-10255,303
CA-2015-156335,9/25/2015 0:00,9/28/2015 0:00,Second Class,PO-19195,306
CA-2014-135657,6/3/2014 0:00,6/7/2014 0:00,Second Class,SC-20725,61
CA-2015-114069,7/13/2015 0:00,7/15/2015 0:00,Second Class,ND-18370,46
US-2017-124968,9/8/2017 0:00,9/13/2017 0:00,Second Class,MM-18055,27
US-2017-164056,4/29/2017 0:00,5/4/2017 0:00,Second Class,FM-14215,83
CA-2017-101483,7/29/2017 0:00,8/1/2017 0:00,Second Class,AG-10675,223
CA-2016-155670,8/13/2016 0:00,8/17/2016 0:00,Second Class,EM-14065,223
CA-2015-135622,12/8/2015 0:00,12/11/2015 0:00,Second Class,TT-21460,7
CA-2016-129686,11/27/2016 0:00,11/29/2016 0:00,Second Class,GG-14650,37
CA-2016-121034,8/8/2016 0:00,8/10/2016 0:00,Second Class,JF-15565,177
CA-2017-158379,9/22/2017 0:00,9/26/2017 0:00,Second Class,JA-15970,64
CA-2014-132612,6/9/2014 0:00,6/11/2014 0:00,Second Class,FO-14305,246
CA-2015-125423,12/13/2015 0:00,12/15/2015 0:00,Second Class,MC-17575,2
CA-2016-109344,2/8/2016 0:00,2/11/2016 0:00,Second Class,CH-12070,315
US-2015-140851,7/13/2015 0:00,7/15/2015 0:00,Second Class,ND-18460,258
CA-2017-122693,2/19/2017 0:00,2/21/2017 0:00,Second Class,NH-18610,237
CA-2015-135391,2/9/2015 0:00,2/11/2015 0:00,Second Class,FA-14230,66
US-2017-158512,1/12/2017 0:00,1/17/2017 0:00,Second Class,DA-13450,226
CA-2015-160472,7/20/2015 0:00,7/25/2015 0:00,Second Class,RK-19300,319
US-2017-158218,5/12/2017 0:00,5/15/2017 0:00,Second Class,AC-10420,17
CA-2016-148201,8/26/2016 0:00,8/29/2016 0:00,Second Class,CC-12145,6
CA-2017-154718,1/19/2017 0:00,1/23/2017 0:00,Second Class,DL-12865,323
CA-2016-147578,4/22/2016 0:00,4/26/2016 0:00,Second Class,PG-18895,35
CA-2017-145310,12/22/2017 0:00,12/24/2017 0:00,Second Class,JP-15520,325
CA-2014-169775,8/29/2014 0:00,9/2/2014 0:00,Second Class,RA-19945,329
CA-2016-140543,6/29/2016 0:00,7/3/2016 0:00,Second Class,Co-12640,330
CA-2017-121503,7/3/2017 0:00,7/6/2017 0:00,Second Class,FH-14275,17
CA-2015-123673,10/30/2015 0:00,11/1/2015 0:00,Second Class,CH-12070,84
CA-2016-156685,7/8/2016 0:00,7/10/2016 0:00,Second Class,SC-20230,175
CA-2017-126865,12/5/2017 0:00,12/7/2017 0:00,Second Class,NP-18325,143
US-2017-101539,3/16/2017 0:00,3/18/2017 0:00,Second Class,VM-21685,60
CA-2016-152121,11/27/2016 0:00,11/29/2016 0:00,Second Class,CC-12670,58
CA-2017-161200,8/6/2017 0:00,8/10/2017 0:00,Second Class,SV-20365,300
CA-2015-141768,5/25/2015 0:00,5/27/2015 0:00,Second Class,NP-18685,10
CA-2017-110905,9/10/2017 0:00,9/15/2017 0:00,Second Class,RW-19690,335
CA-2014-110408,10/18/2014 0:00,10/20/2014 0:00,Second Class,AS-10225,154
CA-2015-119592,12/14/2015 0:00,12/16/2015 0:00,Second Class,MM-18280,113
CA-2014-164721,11/25/2014 0:00,11/27/2014 0:00,Second Class,LW-16825,91
US-2017-147221,12/2/2017 0:00,12/4/2017 0:00,Second Class,JS-16030,67
CA-2017-163510,12/25/2017 0:00,12/28/2017 0:00,Second Class,JW-15955,176
US-2017-111241,8/20/2017 0:00,8/22/2017 0:00,Second Class,GM-14500,254
CA-2016-113516,9/8/2016 0:00,9/10/2016 0:00,Second Class,VM-21685,195
CA-2016-146521,7/21/2016 0:00,7/23/2016 0:00,Second Class,CC-12610,64
CA-2017-122504,11/7/2017 0:00,11/12/2017 0:00,Second Class,DB-13270,91
CA-2015-149678,4/13/2015 0:00,4/15/2015 0:00,Second Class,AW-10840,215
CA-2017-167101,3/24/2017 0:00,3/28/2017 0:00,Second Class,BM-11650,30
CA-2015-159786,10/12/2015 0:00,10/17/2015 0:00,Second Class,RK-19300,145
CA-2017-167381,9/22/2017 0:00,9/24/2017 0:00,Second Class,EH-14005,243
US-2014-114188,5/20/2014 0:00,5/22/2014 0:00,Second Class,RF-19345,356
CA-2014-167360,11/24/2014 0:00,11/29/2014 0:00,Second Class,RB-19435,359
CA-2016-111115,7/25/2016 0:00,7/27/2016 0:00,Second Class,LB-16735,4
CA-2017-117870,1/27/2017 0:00,1/30/2017 0:00,Second Class,JH-15820,362
CA-2015-132507,7/30/2015 0:00,8/3/2015 0:00,Second Class,CC-12610,17
CA-2017-124576,8/1/2017 0:00,8/4/2017 0:00,Second Class,HK-14890,206
CA-2016-164350,10/9/2016 0:00,9/12/2016 0:00,Second Class,CG-12040,49
CA-2014-125556,11/14/2014 0:00,11/16/2014 0:00,Second Class,ML-17410,70
CA-2016-106383,3/19/2016 0:00,3/21/2016 0:00,Second Class,BT-11440,370
CA-2015-123232,12/14/2015 0:00,12/16/2015 0:00,Second Class,DJ-13630,41
CA-2015-145849,9/15/2015 0:00,9/17/2015 0:00,Second Class,CT-11995,305
CA-2016-146633,11/15/2016 0:00,11/17/2016 0:00,Second Class,TG-21310,14
CA-2015-116092,2/15/2015 0:00,2/18/2015 0:00,Second Class,JM-16195,26
CA-2016-117849,4/15/2016 0:00,4/17/2016 0:00,Second Class,JK-16120,189
CA-2015-117611,11/8/2015 0:00,11/10/2015 0:00,Second Class,MZ-17335,143
CA-2016-131065,11/14/2016 0:00,11/16/2016 0:00,Second Class,AA-10375,149
CA-2014-157882,10/3/2014 0:00,10/8/2014 0:00,Second Class,AR-10405,2
US-2017-112928,6/1/2017 0:00,6/5/2017 0:00,Second Class,BB-10990,214
CA-2017-157931,9/17/2017 0:00,9/22/2017 0:00,Second Class,MO-17800,237
CA-2015-109470,12/31/2015 0:00,1/3/2016 0:00,Second Class,KC-16255,1
CA-2015-105102,9/15/2015 0:00,9/19/2015 0:00,Second Class,BM-11575,46
CA-2016-155187,9/24/2016 0:00,9/26/2016 0:00,Second Class,LA-16780,26
US-2014-155894,7/26/2014 0:00,7/30/2014 0:00,Second Class,CL-11890,37
CA-2014-102295,11/24/2014 0:00,11/26/2014 0:00,Second Class,EH-13990,380
CA-2017-155152,7/7/2017 0:00,7/9/2017 0:00,Second Class,MP-17965,123
CA-2016-159940,7/7/2016 0:00,7/11/2016 0:00,Second Class,BF-11020,174
US-2014-164616,8/19/2014 0:00,8/21/2014 0:00,Second Class,MS-17770,48
CA-2017-169264,8/14/2017 0:00,8/16/2017 0:00,Second Class,NP-18700,10
CA-2017-145877,4/1/2017 0:00,4/4/2017 0:00,Second Class,AS-10090,335
CA-2015-142041,6/7/2015 0:00,6/9/2015 0:00,Second Class,EM-13810,2
CA-2014-164210,11/18/2014 0:00,11/20/2014 0:00,Second Class,PW-19240,128
CA-2015-128027,9/14/2015 0:00,9/17/2015 0:00,Second Class,CM-12385,389
CA-2017-140949,3/17/2017 0:00,3/22/2017 0:00,Second Class,DB-13405,165
CA-2015-142419,7/11/2015 0:00,7/13/2015 0:00,Second Class,SC-20380,61
CA-2017-102750,9/4/2017 0:00,9/8/2017 0:00,Second Class,GM-14695,2
CA-2015-104514,1/2/2015 0:00,1/4/2015 0:00,Second Class,CB-12535,286
CA-2015-141040,10/9/2015 0:00,10/13/2015 0:00,Second Class,TB-21250,24
CA-2014-113579,12/13/2014 0:00,12/15/2014 0:00,Second Class,KD-16345,14
CA-2016-146206,9/10/2016 0:00,9/14/2016 0:00,Second Class,KT-16480,15
CA-2014-143917,7/25/2014 0:00,7/27/2014 0:00,Second Class,KL-16645,35
US-2017-117723,8/15/2017 0:00,8/18/2017 0:00,Second Class,DL-13495,75
CA-2015-168746,1/27/2015 0:00,1/29/2015 0:00,Second Class,SV-20365,178
CA-2014-164385,9/26/2014 0:00,10/1/2014 0:00,Second Class,NB-18580,64
CA-2015-110632,3/17/2015 0:00,3/22/2015 0:00,Second Class,HR-14830,30
CA-2017-123967,11/1/2017 0:00,11/3/2017 0:00,Second Class,SF-20200,397
CA-2016-155845,8/12/2016 0:00,8/15/2016 0:00,Second Class,CM-12235,297
CA-2017-128300,11/24/2017 0:00,11/26/2017 0:00,Second Class,RS-19765,401
CA-2014-164861,12/3/2014 0:00,12/6/2014 0:00,Second Class,MC-17635,359
CA-2015-116750,7/5/2015 0:00,7/10/2015 0:00,Second Class,BF-10975,307
CA-2016-149111,4/17/2016 0:00,4/21/2016 0:00,Second Class,BF-11170,315
CA-2014-131002,9/7/2014 0:00,9/12/2014 0:00,Second Class,TB-21400,313
CA-2017-112515,9/17/2017 0:00,9/21/2017 0:00,Second Class,AS-10225,268
CA-2014-126403,9/9/2014 0:00,9/12/2014 0:00,Second Class,RR-19525,112
CA-2017-156818,7/11/2017 0:00,7/13/2017 0:00,Second Class,JD-16015,30
CA-2017-146031,7/29/2017 0:00,8/1/2017 0:00,Second Class,GM-14440,25
CA-2014-110030,12/6/2014 0:00,12/8/2014 0:00,Second Class,LF-17185,15
CA-2014-121286,11/4/2014 0:00,11/8/2014 0:00,Second Class,ON-18715,183
CA-2016-164735,4/14/2016 0:00,4/19/2016 0:00,Second Class,TB-21400,213
CA-2015-129770,2/21/2015 0:00,2/23/2015 0:00,Second Class,JE-15715,405
CA-2016-165015,2/25/2016 0:00,2/27/2016 0:00,Second Class,BD-11725,56
CA-2015-140144,6/20/2015 0:00,6/25/2015 0:00,Second Class,SC-20770,35
CA-2017-163321,8/7/2017 0:00,8/11/2017 0:00,Second Class,FM-14380,223
CA-2014-154669,8/8/2014 0:00,8/11/2014 0:00,Second Class,TM-21010,408
CA-2016-127775,6/11/2016 0:00,6/13/2016 0:00,Second Class,ES-14020,46
CA-2015-138534,7/17/2015 0:00,7/19/2015 0:00,Second Class,JM-15535,411
CA-2015-148635,7/25/2015 0:00,7/27/2015 0:00,Second Class,MH-18025,61
CA-2015-135685,11/16/2015 0:00,11/18/2015 0:00,Second Class,MP-18175,202
CA-2017-134649,1/26/2017 0:00,1/31/2017 0:00,Second Class,CA-11965,406
US-2015-104185,9/3/2015 0:00,9/8/2015 0:00,Second Class,JB-15400,30
US-2017-135062,8/31/2017 0:00,9/4/2017 0:00,Second Class,RL-19615,307
CA-2016-136371,3/19/2016 0:00,3/21/2016 0:00,Second Class,SV-20935,188
CA-2016-154690,8/15/2016 0:00,8/17/2016 0:00,Second Class,CC-12370,307
CA-2016-115588,11/10/2016 0:00,11/12/2016 0:00,Second Class,AF-10885,214
US-2016-167339,1/21/2016 0:00,1/23/2016 0:00,Second Class,TD-20995,89
CA-2016-102932,9/19/2016 0:00,9/23/2016 0:00,Second Class,SD-20485,417
CA-2016-130799,11/11/2016 0:00,11/16/2016 0:00,Second Class,BK-11260,95
CA-2014-142727,4/29/2014 0:00,5/1/2014 0:00,Second Class,HG-14845,418
CA-2015-134747,10/12/2015 0:00,10/17/2015 0:00,Second Class,DL-12925,421
US-2015-141453,11/30/2015 0:00,12/3/2015 0:00,Second Class,DB-13270,111
CA-2017-128629,7/10/2017 0:00,7/14/2017 0:00,Second Class,BP-11155,113
CA-2017-137428,12/16/2017 0:00,12/21/2017 0:00,Second Class,AY-10555,219
CA-2017-167941,11/6/2017 0:00,11/9/2017 0:00,Second Class,JF-15565,307
CA-2017-134607,10/3/2017 0:00,10/8/2017 0:00,Second Class,HL-15040,145
CA-2014-109232,1/13/2014 0:00,1/16/2014 0:00,Second Class,ND-18370,423
US-2014-112872,12/6/2014 0:00,12/11/2014 0:00,Second Class,RC-19960,331
CA-2016-139010,2/21/2016 0:00,2/26/2016 0:00,Second Class,MC-17635,4
CA-2016-112893,9/9/2016 0:00,9/13/2016 0:00,Second Class,AT-10735,353
CA-2015-135174,4/30/2015 0:00,5/2/2015 0:00,Second Class,BP-11230,413
CA-2017-125290,11/6/2017 0:00,11/10/2017 0:00,Second Class,CC-12430,40
CA-2016-128517,4/9/2016 0:00,4/14/2016 0:00,Second Class,SW-20350,84
CA-2017-131492,10/19/2017 0:00,10/24/2017 0:00,Second Class,HH-15010,95
CA-2017-106859,3/13/2017 0:00,3/18/2017 0:00,Second Class,BF-11215,384
US-2017-159205,3/31/2017 0:00,4/2/2017 0:00,Second Class,DB-12910,1
CA-2017-119578,12/22/2017 0:00,12/27/2017 0:00,Second Class,JG-15310,260
CA-2017-162572,9/25/2017 0:00,9/27/2017 0:00,Second Class,RB-19360,94
CA-2017-131828,2/11/2017 0:00,2/13/2017 0:00,Second Class,CS-11845,60
CA-2014-109218,6/30/2014 0:00,7/3/2014 0:00,Second Class,AR-10825,26
CA-2014-128986,8/3/2014 0:00,8/5/2014 0:00,Second Class,GH-14410,277
US-2014-150924,9/12/2014 0:00,9/16/2014 0:00,Second Class,PT-19090,33
CA-2017-107461,12/21/2017 0:00,12/26/2017 0:00,Second Class,PK-19075,38
CA-2017-152912,11/9/2017 0:00,11/12/2017 0:00,Second Class,BM-11650,210
US-2017-146416,10/20/2017 0:00,10/22/2017 0:00,Second Class,JE-16165,434
CA-2014-164224,5/18/2014 0:00,5/20/2014 0:00,Second Class,TT-21070,76
CA-2017-131625,9/1/2017 0:00,9/5/2017 0:00,Second Class,BN-11515,30
CA-2017-114524,3/31/2017 0:00,4/5/2017 0:00,Second Class,EG-13900,37
US-2017-140907,12/10/2017 0:00,12/12/2017 0:00,Second Class,BP-11185,6
CA-2017-110373,10/27/2017 0:00,10/30/2017 0:00,Second Class,MA-17560,27
US-2016-161844,12/9/2016 0:00,12/14/2016 0:00,Second Class,DK-12835,79
CA-2016-122518,3/4/2016 0:00,3/8/2016 0:00,Second Class,RF-19345,124
CA-2015-155145,12/27/2015 0:00,12/29/2015 0:00,Second Class,KN-16450,439
CA-2014-102988,4/5/2014 0:00,4/9/2014 0:00,Second Class,GM-14695,213
CA-2014-104738,12/30/2014 0:00,1/1/2015 0:00,Second Class,SP-20620,162
CA-2016-162747,3/20/2016 0:00,3/25/2016 0:00,Second Class,AH-10030,253
CA-2017-161739,11/10/2017 0:00,11/15/2017 0:00,Second Class,EB-13750,218
CA-2016-145982,8/27/2016 0:00,9/1/2016 0:00,Second Class,TB-21055,360
US-2015-142020,6/4/2015 0:00,6/8/2015 0:00,Second Class,TC-21535,24
CA-2016-130050,7/16/2016 0:00,7/18/2016 0:00,Second Class,MC-17425,67
CA-2015-130659,12/4/2015 0:00,12/9/2015 0:00,Second Class,MS-17365,46
CA-2017-101077,3/25/2017 0:00,3/30/2017 0:00,Second Class,DB-13660,177
US-2017-111024,7/3/2017 0:00,7/6/2017 0:00,Second Class,SZ-20035,404
CA-2014-158337,3/11/2014 0:00,3/14/2014 0:00,Second Class,KA-16525,24
CA-2014-157609,3/16/2014 0:00,3/21/2014 0:00,Second Class,KN-16705,315
CA-2015-153325,3/1/2015 0:00,3/2/2015 0:00,Second Class,ST-20530,258
CA-2017-114258,11/5/2017 0:00,11/10/2017 0:00,Second Class,EM-13825,177
CA-2015-152611,2/20/2015 0:00,2/23/2015 0:00,Second Class,KA-16525,348
CA-2017-128699,12/3/2017 0:00,12/5/2017 0:00,Second Class,ND-18370,134
CA-2016-150945,12/18/2016 0:00,12/20/2016 0:00,Second Class,JK-16120,30
CA-2016-114482,11/21/2016 0:00,11/25/2016 0:00,Second Class,DM-13345,194
CA-2017-148922,12/10/2017 0:00,12/15/2017 0:00,Second Class,SU-20665,130
CA-2016-145842,6/17/2016 0:00,6/20/2016 0:00,Second Class,FM-14380,24
CA-2017-121216,12/23/2017 0:00,12/25/2017 0:00,Second Class,MM-17920,358
CA-2016-152555,3/29/2016 0:00,4/2/2016 0:00,Second Class,ME-17320,156
CA-2017-107832,11/23/2017 0:00,11/26/2017 0:00,Second Class,FH-14275,75
CA-2014-120838,3/23/2014 0:00,3/26/2014 0:00,Second Class,PO-18865,2
CA-2017-109757,9/4/2017 0:00,9/9/2017 0:00,Second Class,MD-17350,76
CA-2016-137176,9/9/2016 0:00,9/14/2016 0:00,Second Class,DB-12910,78
CA-2014-154186,12/13/2014 0:00,12/15/2014 0:00,Second Class,RA-19285,33
CA-2016-108434,12/5/2016 0:00,12/7/2016 0:00,Second Class,JG-15160,24
CA-2014-102869,9/9/2014 0:00,9/14/2014 0:00,Second Class,LC-17140,12
CA-2016-119683,3/12/2016 0:00,3/16/2016 0:00,Second Class,CK-12595,24
CA-2014-163559,9/23/2014 0:00,9/28/2014 0:00,Second Class,ST-20530,46
US-2016-131674,11/29/2016 0:00,12/1/2016 0:00,Second Class,NC-18535,163
CA-2017-113530,5/19/2017 0:00,5/21/2017 0:00,Second Class,BC-11125,10
CA-2017-132178,5/3/2017 0:00,5/8/2017 0:00,Second Class,DB-12970,26
CA-2014-156594,12/20/2014 0:00,12/23/2014 0:00,Second Class,MC-17845,142
CA-2014-146528,7/25/2014 0:00,7/27/2014 0:00,Second Class,VF-21715,63
CA-2017-109960,12/9/2017 0:00,12/11/2017 0:00,Second Class,DB-13210,152
CA-2016-155005,6/13/2016 0:00,6/15/2016 0:00,Second Class,SC-20050,31
CA-2017-140760,6/2/2017 0:00,6/5/2017 0:00,Second Class,DO-13435,155
US-2015-131359,10/30/2015 0:00,11/2/2015 0:00,Second Class,FA-14230,77
CA-2015-151680,11/19/2015 0:00,11/21/2015 0:00,Second Class,TC-21475,61
CA-2017-160416,11/13/2017 0:00,11/18/2017 0:00,Second Class,AD-10180,232
CA-2016-126543,1/9/2016 0:00,1/13/2016 0:00,Second Class,MF-17665,214
CA-2014-135608,12/8/2014 0:00,12/10/2014 0:00,Second Class,JK-15625,225
CA-2017-168193,3/6/2017 0:00,3/11/2017 0:00,Second Class,RM-19750,165
CA-2016-149979,9/23/2016 0:00,9/28/2016 0:00,Second Class,RA-19915,113
CA-2017-161956,8/27/2017 0:00,8/29/2017 0:00,Second Class,DR-12880,96
CA-2016-156251,8/13/2016 0:00,8/18/2016 0:00,Second Class,TS-21160,458
CA-2015-103205,12/8/2015 0:00,12/10/2015 0:00,Second Class,JJ-15760,67
CA-2014-153913,12/16/2014 0:00,12/20/2014 0:00,Second Class,KB-16585,187
CA-2014-115357,8/6/2014 0:00,8/11/2014 0:00,Second Class,RF-19735,38
US-2014-102715,4/11/2014 0:00,4/13/2014 0:00,Second Class,JK-15370,124
US-2017-148768,11/30/2017 0:00,12/2/2017 0:00,Second Class,PN-18775,124
CA-2015-135314,7/9/2015 0:00,7/14/2015 0:00,Second Class,MC-17575,75
CA-2017-165204,11/13/2017 0:00,11/16/2017 0:00,Second Class,MN-17935,32
CA-2017-129000,11/25/2017 0:00,11/27/2017 0:00,Second Class,SZ-20035,131
US-2017-105389,10/23/2017 0:00,10/28/2017 0:00,Second Class,DM-13015,66
CA-2017-123246,10/17/2017 0:00,10/19/2017 0:00,Second Class,AJ-10960,89
CA-2014-124709,7/27/2014 0:00,7/29/2014 0:00,Second Class,GW-14605,35
CA-2017-146360,4/23/2017 0:00,4/25/2017 0:00,Second Class,SC-20305,453
CA-2015-132486,10/23/2015 0:00,10/27/2015 0:00,Second Class,JF-15355,189
CA-2016-136231,9/5/2016 0:00,9/7/2016 0:00,Second Class,DM-13015,341
CA-2016-167759,3/3/2016 0:00,3/8/2016 0:00,Second Class,CC-12670,464
US-2015-119312,10/2/2015 0:00,10/7/2015 0:00,Second Class,CS-12400,63
CA-2016-110044,6/28/2016 0:00,7/2/2016 0:00,Second Class,RF-19735,27
CA-2017-160458,5/27/2017 0:00,5/29/2017 0:00,Second Class,EH-13945,32
CA-2016-133144,5/16/2016 0:00,5/21/2016 0:00,Second Class,DO-13435,2
CA-2014-121167,11/28/2014 0:00,11/30/2014 0:00,Second Class,MO-17500,266
CA-2014-164910,11/12/2014 0:00,11/17/2014 0:00,Second Class,DM-13345,197
CA-2015-132374,2/22/2015 0:00,2/24/2015 0:00,Second Class,PS-19045,424
CA-2016-135265,7/7/2016 0:00,7/9/2016 0:00,Second Class,CC-12370,63
CA-2014-122588,11/25/2014 0:00,11/27/2014 0:00,Second Class,AR-10540,470
US-2015-149629,7/17/2015 0:00,7/20/2015 0:00,Second Class,MP-17965,455
CA-2017-136350,6/24/2017 0:00,6/26/2017 0:00,Second Class,GA-14515,165
CA-2015-156104,12/6/2015 0:00,12/8/2015 0:00,Second Class,NP-18685,305
CA-2015-100685,12/19/2015 0:00,12/21/2015 0:00,Second Class,SM-20950,199
CA-2016-111913,8/4/2016 0:00,8/6/2016 0:00,Second Class,LC-16930,380
CA-2017-123239,7/27/2017 0:00,7/31/2017 0:00,Second Class,MG-18145,134
CA-2015-101091,12/5/2015 0:00,12/9/2015 0:00,Second Class,SW-20245,12
CA-2016-148593,6/16/2016 0:00,6/18/2016 0:00,Second Class,BD-11320,63
CA-2016-157714,9/26/2016 0:00,10/1/2016 0:00,Second Class,CS-12175,480
US-2015-134271,4/18/2015 0:00,4/23/2015 0:00,Second Class,RF-19735,24
CA-2014-145387,10/31/2014 0:00,11/2/2014 0:00,Second Class,AM-10705,482
CA-2014-166457,5/5/2014 0:00,5/9/2014 0:00,Second Class,PF-19120,127
CA-2017-134565,6/11/2017 0:00,6/13/2017 0:00,Second Class,TB-21400,6
CA-2017-104024,8/29/2017 0:00,9/3/2017 0:00,Second Class,MD-17860,64
CA-2016-157336,12/1/2016 0:00,12/5/2016 0:00,Second Class,SJ-20500,70
CA-2017-118367,10/28/2017 0:00,11/2/2017 0:00,Second Class,LO-17170,46
CA-2017-164819,10/15/2017 0:00,10/19/2017 0:00,Second Class,RS-19420,70
US-2017-124821,6/25/2017 0:00,6/29/2017 0:00,Second Class,AM-10705,61
CA-2016-123806,11/24/2016 0:00,11/27/2016 0:00,Second Class,LA-16780,309
CA-2015-105690,11/21/2015 0:00,11/26/2015 0:00,Second Class,CA-11965,484
CA-2017-102407,12/9/2017 0:00,12/13/2017 0:00,Second Class,AT-10435,26
CA-2017-129021,8/23/2017 0:00,8/26/2017 0:00,Second Class,PO-18850,395
CA-2014-123253,8/22/2014 0:00,8/25/2014 0:00,Second Class,DE-13255,347
CA-2014-162278,10/26/2014 0:00,10/30/2014 0:00,Second Class,AH-10585,60
CA-2014-152345,12/29/2014 0:00,1/3/2015 0:00,Second Class,ST-20530,384
CA-2017-169894,11/24/2017 0:00,11/29/2017 0:00,Second Class,MV-17485,155
CA-2017-107748,12/10/2017 0:00,12/12/2017 0:00,Second Class,AG-10330,353
CA-2017-153654,11/24/2017 0:00,11/26/2017 0:00,Second Class,MD-17860,197
CA-2015-155600,12/4/2015 0:00,12/7/2015 0:00,Second Class,RO-19780,379
US-2017-163195,2/17/2017 0:00,2/21/2017 0:00,Second Class,LL-16840,300
CA-2017-111332,5/20/2017 0:00,5/22/2017 0:00,Second Class,NC-18340,491
CA-2017-117044,9/11/2017 0:00,9/13/2017 0:00,Second Class,HA-14920,37
US-2017-169320,7/23/2017 0:00,7/25/2017 0:00,Second Class,LH-16900,492
CA-2015-140830,11/30/2015 0:00,12/2/2015 0:00,Second Class,PS-18970,1
CA-2017-112900,4/9/2017 0:00,4/12/2017 0:00,Second Class,KL-16645,186
CA-2015-163090,11/17/2015 0:00,11/21/2015 0:00,Second Class,GH-14665,27
CA-2016-168893,11/3/2016 0:00,11/8/2016 0:00,Second Class,AP-10915,1
CA-2014-150798,12/1/2014 0:00,12/3/2014 0:00,Second Class,JK-15730,48
CA-2016-120873,10/27/2016 0:00,11/1/2016 0:00,Second Class,BW-11200,498
CA-2017-105445,2/20/2017 0:00,2/25/2017 0:00,Second Class,BP-11095,128
CA-2017-152856,9/8/2017 0:00,9/10/2017 0:00,Second Class,RS-19765,369
CA-2015-126557,7/12/2015 0:00,7/17/2015 0:00,Second Class,RL-19615,27
CA-2016-101448,2/27/2016 0:00,3/1/2016 0:00,Second Class,EB-13930,500
CA-2015-118871,12/4/2015 0:00,12/9/2015 0:00,Second Class,HM-14860,14
CA-2014-169460,4/19/2014 0:00,4/21/2014 0:00,Second Class,NF-18595,59
US-2015-152128,5/25/2015 0:00,5/27/2015 0:00,Second Class,NM-18445,478
US-2016-100405,8/26/2016 0:00,8/28/2016 0:00,Second Class,TS-21430,63
US-2017-163790,11/2/2017 0:00,11/4/2017 0:00,Second Class,NL-18310,503
CA-2016-140564,12/5/2016 0:00,12/10/2016 0:00,Second Class,TC-21475,226
US-2015-113327,5/26/2015 0:00,5/29/2015 0:00,Second Class,BF-11170,223
CA-2016-109407,1/24/2016 0:00,1/26/2016 0:00,Second Class,HG-14965,253
CA-2015-159863,9/4/2015 0:00,9/7/2015 0:00,Second Class,DS-13180,15
CA-2015-161214,10/5/2015 0:00,10/8/2015 0:00,Second Class,SF-20965,50
CA-2017-168396,8/3/2017 0:00,8/8/2017 0:00,Second Class,BD-11725,35
CA-2017-130141,10/22/2017 0:00,10/24/2017 0:00,Second Class,HA-14905,377
CA-2017-159107,6/24/2017 0:00,6/26/2017 0:00,Second Class,KT-16480,95
CA-2017-139416,3/27/2017 0:00,3/29/2017 0:00,Second Class,AG-10270,75
CA-2016-169215,7/14/2016 0:00,7/18/2016 0:00,Second Class,RE-19450,136
CA-2017-143126,12/3/2017 0:00,12/7/2017 0:00,Second Class,CM-12655,61
CA-2015-142601,4/18/2015 0:00,4/20/2015 0:00,Second Class,DE-13255,26
CA-2014-106229,6/7/2014 0:00,6/11/2014 0:00,Second Class,NR-18550,174
CA-2014-119151,11/25/2014 0:00,11/29/2014 0:00,Second Class,MP-18175,30
CA-2016-124681,7/18/2016 0:00,7/23/2016 0:00,Second Class,SV-20935,163
US-2015-103996,3/29/2015 0:00,3/31/2015 0:00,Second Class,RB-19435,189
US-2016-114888,9/19/2016 0:00,9/24/2016 0:00,Second Class,CC-12430,10
US-2014-167262,10/31/2014 0:00,11/3/2014 0:00,Second Class,AC-10450,510
CA-2016-101630,2/19/2016 0:00,2/23/2016 0:00,Second Class,CK-12760,256
CA-2017-136364,7/13/2017 0:00,7/17/2017 0:00,Second Class,MH-17455,12
CA-2015-137708,11/22/2015 0:00,11/25/2015 0:00,Second Class,NG-18430,142
CA-2016-121370,11/14/2016 0:00,11/19/2016 0:00,Second Class,EB-14110,64
CA-2015-124044,7/23/2015 0:00,7/26/2015 0:00,Second Class,MS-17830,145
CA-2014-164469,6/25/2014 0:00,6/27/2014 0:00,Second Class,GK-14620,161
CA-2014-113320,12/12/2014 0:00,12/15/2014 0:00,Second Class,LH-17155,233
CA-2014-138940,4/11/2014 0:00,4/16/2014 0:00,Second Class,GM-14455,111
CA-2017-143567,11/2/2017 0:00,11/5/2017 0:00,Second Class,TB-21175,1
CA-2016-163167,11/28/2016 0:00,12/1/2016 0:00,Second Class,RF-19345,511
US-2014-161613,12/1/2014 0:00,12/3/2014 0:00,Second Class,MC-17605,33
US-2014-146353,10/14/2014 0:00,10/16/2014 0:00,Second Class,JE-15610,209
CA-2014-133809,11/18/2014 0:00,11/23/2014 0:00,Second Class,MS-17530,324
CA-2015-161830,9/24/2015 0:00,9/26/2015 0:00,Second Class,ME-17725,60
CA-2017-163125,10/9/2017 0:00,10/11/2017 0:00,Second Class,MB-17305,517
CA-2017-114055,12/25/2017 0:00,12/29/2017 0:00,Second Class,MH-18115,365
CA-2016-125815,10/28/2016 0:00,11/1/2016 0:00,Second Class,DL-13330,30
CA-2017-117926,12/8/2017 0:00,12/12/2017 0:00,Second Class,AS-10225,10
CA-2014-160262,6/9/2014 0:00,6/13/2014 0:00,Second Class,TS-21205,284
CA-2016-141180,5/15/2016 0:00,5/19/2016 0:00,Second Class,DP-13000,3
CA-2015-109708,5/25/2015 0:00,5/28/2015 0:00,Second Class,CY-12745,85
CA-2015-122406,8/2/2015 0:00,8/5/2015 0:00,Second Class,BE-11455,260
CA-2015-142202,9/18/2015 0:00,9/23/2015 0:00,Second Class,JR-16210,134
US-2016-131114,12/9/2016 0:00,12/13/2016 0:00,Second Class,RW-19630,27
CA-2016-109925,11/6/2016 0:00,11/10/2016 0:00,Second Class,IM-15070,189
CA-2014-156006,4/30/2014 0:00,5/2/2014 0:00,Second Class,TM-21010,130
CA-2015-158659,11/10/2015 0:00,11/14/2015 0:00,Second Class,SC-20695,239
CA-2017-136511,3/23/2017 0:00,3/25/2017 0:00,Second Class,MZ-17515,165
CA-2014-151792,9/2/2014 0:00,9/7/2014 0:00,Second Class,CV-12295,156
CA-2015-103954,8/9/2015 0:00,8/13/2015 0:00,Second Class,HR-14770,202
CA-2017-141719,11/17/2017 0:00,11/21/2017 0:00,Second Class,EG-13900,18
CA-2016-158694,11/10/2016 0:00,11/13/2016 0:00,Second Class,AI-10855,2
CA-2015-141243,1/3/2015 0:00,1/8/2015 0:00,Second Class,AH-10465,163
CA-2016-109722,12/5/2016 0:00,12/7/2016 0:00,Second Class,TP-21130,522
CA-2017-151071,4/25/2017 0:00,4/29/2017 0:00,Second Class,MB-18085,14
CA-2014-134572,4/20/2014 0:00,4/22/2014 0:00,Second Class,SV-20365,33
CA-2016-108350,6/6/2016 0:00,6/9/2016 0:00,Second Class,SC-20230,112
CA-2015-167374,3/26/2015 0:00,3/30/2015 0:00,Second Class,GM-14500,12
CA-2016-147970,1/31/2016 0:00,2/2/2016 0:00,Second Class,AB-10150,78
CA-2017-125101,3/6/2017 0:00,3/10/2017 0:00,Second Class,SH-19975,10
CA-2017-163006,6/30/2017 0:00,7/4/2017 0:00,Second Class,GH-14410,156
CA-2015-156146,10/26/2015 0:00,10/30/2015 0:00,Second Class,AG-10495,346
CA-2016-115378,11/18/2016 0:00,11/23/2016 0:00,Second Class,AJ-10945,100
CA-2016-122903,5/27/2016 0:00,5/29/2016 0:00,Second Class,LA-16780,186
CA-2014-101560,11/28/2014 0:00,12/1/2014 0:00,Second Class,CS-12250,38
CA-2015-130876,5/12/2015 0:00,5/16/2015 0:00,Second Class,AZ-10750,24
CA-2017-134635,4/15/2017 0:00,4/17/2017 0:00,Second Class,NS-18640,14
CA-2017-117401,5/18/2017 0:00,5/22/2017 0:00,Second Class,PP-18955,335
US-2017-109582,9/12/2017 0:00,9/17/2017 0:00,Second Class,JM-15865,2
CA-2017-124436,3/19/2017 0:00,3/22/2017 0:00,Second Class,SA-20830,254
CA-2016-110730,9/23/2016 0:00,9/26/2016 0:00,Second Class,CM-11815,61
CA-2016-156265,8/2/2016 0:00,8/4/2016 0:00,Second Class,BF-11020,4
US-2017-110989,11/3/2017 0:00,11/5/2017 0:00,Second Class,EJ-14155,60
US-2014-131982,3/7/2014 0:00,3/11/2014 0:00,Second Class,NP-18685,120
CA-2015-125185,3/5/2015 0:00,3/7/2015 0:00,Second Class,AH-10195,530
CA-2015-162887,11/7/2015 0:00,11/9/2015 0:00,Second Class,SV-20785,371
CA-2017-134439,9/18/2017 0:00,9/23/2017 0:00,Second Class,TM-21010,532
CA-2014-130813,1/6/2014 0:00,1/8/2014 0:00,Second Class,LS-17230,14
CA-2016-111941,12/25/2016 0:00,12/28/2016 0:00,Second Class,BD-11620,46
CA-2015-146486,11/9/2015 0:00,11/14/2015 0:00,Second Class,DV-13465,188
CA-2015-112053,10/11/2015 0:00,10/13/2015 0:00,Second Class,SH-20395,145
CA-2017-108539,3/21/2017 0:00,3/23/2017 0:00,Second Class,SC-20725,63
CA-2014-123477,1/18/2014 0:00,1/21/2014 0:00,Second Class,DW-13195,331
CA-2016-149195,9/5/2016 0:00,9/7/2016 0:00,Second Class,DM-13525,33
CA-2017-164707,2/18/2017 0:00,2/21/2017 0:00,Second Class,CV-12805,63
CA-2017-163874,11/10/2017 0:00,11/12/2017 0:00,Second Class,NC-18535,60
CA-2014-104829,11/18/2014 0:00,11/21/2014 0:00,Second Class,JG-15805,268
CA-2014-132542,10/6/2014 0:00,10/8/2014 0:00,Second Class,AM-10360,199
US-2016-151827,3/31/2016 0:00,4/2/2016 0:00,Second Class,CS-11950,64
CA-2017-103009,11/3/2017 0:00,11/5/2017 0:00,Second Class,PJ-18835,127
US-2017-153633,11/13/2017 0:00,11/18/2017 0:00,Second Class,TC-21295,537
CA-2017-116680,9/4/2017 0:00,9/6/2017 0:00,Second Class,PK-19075,35
CA-2014-107706,2/14/2014 0:00,2/19/2014 0:00,Second Class,ST-20530,15
CA-2017-134495,4/1/2017 0:00,4/4/2017 0:00,Second Class,BF-11020,134
CA-2017-164378,7/15/2017 0:00,7/18/2017 0:00,Second Class,MM-18055,24
US-2016-138408,11/18/2016 0:00,11/21/2016 0:00,Second Class,KC-16255,365
CA-2017-116113,10/2/2017 0:00,10/6/2017 0:00,Second Class,JW-15220,154
CA-2017-133263,3/31/2017 0:00,4/2/2017 0:00,Second Class,JE-15610,149
CA-2017-137498,9/9/2017 0:00,9/14/2017 0:00,Second Class,LC-17050,26
CA-2014-116673,12/15/2014 0:00,12/19/2014 0:00,Second Class,JO-15280,89
CA-2016-115224,12/8/2016 0:00,12/11/2016 0:00,Second Class,DB-13615,95
CA-2014-164742,10/13/2014 0:00,10/18/2014 0:00,Second Class,ML-17395,101
CA-2016-117919,8/27/2016 0:00,8/29/2016 0:00,Second Class,TB-21355,17
CA-2016-121748,10/24/2016 0:00,10/28/2016 0:00,Second Class,VW-21775,4
CA-2014-126683,9/29/2014 0:00,10/1/2014 0:00,Second Class,PP-18955,61
US-2016-146066,8/21/2016 0:00,8/23/2016 0:00,Second Class,RB-19465,106
CA-2016-101742,9/23/2016 0:00,9/28/2016 0:00,Second Class,CR-12580,30
CA-2016-127985,4/1/2016 0:00,4/5/2016 0:00,Second Class,DB-12910,113
CA-2015-166604,5/15/2015 0:00,5/20/2015 0:00,Second Class,AH-10690,237
CA-2017-142342,7/17/2017 0:00,7/19/2017 0:00,Second Class,AJ-10795,431
CA-2015-141012,6/9/2015 0:00,6/11/2015 0:00,Second Class,TG-21640,544
CA-2016-126165,5/5/2016 0:00,5/7/2016 0:00,Second Class,AH-10465,10
CA-2017-136000,9/22/2017 0:00,9/25/2017 0:00,Second Class,SC-20440,30
CA-2015-124107,10/9/2015 0:00,10/12/2015 0:00,Second Class,BM-11650,542
CA-2017-126550,3/29/2017 0:00,4/2/2017 0:00,Second Class,RD-19720,378
CA-2015-150749,3/29/2015 0:00,4/3/2015 0:00,Second Class,AS-10240,29
CA-2015-117772,9/10/2015 0:00,9/12/2015 0:00,Second Class,MC-17575,6
CA-2017-126396,9/8/2017 0:00,9/12/2017 0:00,Second Class,AR-10345,33
CA-2015-155586,12/12/2015 0:00,12/16/2015 0:00,Second Class,XP-21865,550
CA-2017-115070,4/10/2017 0:00,4/14/2017 0:00,Second Class,MG-18205,134
CA-2014-124856,9/29/2014 0:00,10/3/2014 0:00,Second Class,LD-17005,165
CA-2014-166716,8/20/2014 0:00,8/25/2014 0:00,Second Class,CR-12730,27
CA-2016-149783,9/4/2016 0:00,9/7/2016 0:00,Second Class,DL-13315,366
CA-2017-161067,9/3/2017 0:00,9/6/2017 0:00,Second Class,KB-16405,46
CA-2015-134992,9/22/2015 0:00,9/26/2015 0:00,Second Class,MG-17875,102
US-2017-153255,9/3/2017 0:00,9/7/2017 0:00,Second Class,JK-15730,138
CA-2015-157434,4/29/2015 0:00,5/4/2015 0:00,Second Class,JK-15640,75
CA-2016-101525,5/1/2016 0:00,5/4/2016 0:00,Second Class,CM-12235,367
US-2014-117968,8/5/2014 0:00,8/7/2014 0:00,Second Class,RS-19420,317
CA-2016-136301,3/13/2016 0:00,3/15/2016 0:00,Second Class,EH-13765,10
CA-2014-120432,8/24/2014 0:00,8/26/2014 0:00,Second Class,DW-13585,554
CA-2016-130288,11/26/2016 0:00,11/30/2016 0:00,Second Class,DK-13225,165
CA-2017-146458,11/19/2017 0:00,11/22/2017 0:00,Second Class,RB-19435,29
CA-2017-112431,10/12/2017 0:00,10/14/2017 0:00,Second Class,RW-19690,14
CA-2015-115924,9/14/2015 0:00,9/18/2015 0:00,Second Class,BE-11455,194
CA-2014-155796,11/11/2014 0:00,11/15/2014 0:00,Second Class,TS-21430,333
CA-2016-127138,3/12/2016 0:00,3/15/2016 0:00,Second Class,DK-13225,10
CA-2017-150602,2/9/2017 0:00,2/14/2017 0:00,Second Class,ML-17395,63
CA-2014-140732,11/11/2014 0:00,11/13/2014 0:00,Second Class,MA-17560,26
CA-2017-112984,9/16/2017 0:00,9/18/2017 0:00,Second Class,EH-14185,106
CA-2014-152422,10/5/2014 0:00,10/10/2014 0:00,Second Class,BD-11635,48
CA-2017-139717,8/24/2017 0:00,8/26/2017 0:00,Second Class,DM-13015,404
CA-2017-145702,5/19/2017 0:00,5/24/2017 0:00,Second Class,AH-10075,366
CA-2016-124016,9/23/2016 0:00,9/26/2016 0:00,Second Class,JS-15940,404
CA-2015-111780,12/25/2015 0:00,12/30/2015 0:00,Second Class,RA-19285,89
US-2017-162068,12/28/2017 0:00,12/31/2017 0:00,Second Class,PC-18745,523
US-2016-142251,10/31/2016 0:00,11/4/2016 0:00,Second Class,FO-14305,476
CA-2016-161928,6/27/2016 0:00,6/29/2016 0:00,Second Class,AC-10660,10
CA-2014-111871,3/18/2014 0:00,3/21/2014 0:00,Second Class,EK-13795,95
CA-2016-104150,8/3/2016 0:00,8/5/2016 0:00,Second Class,AG-10330,313
CA-2015-132815,9/19/2015 0:00,9/22/2015 0:00,Second Class,RW-19540,142
CA-2014-101266,8/27/2014 0:00,8/30/2014 0:00,Second Class,MM-17920,29
CA-2016-141523,12/19/2016 0:00,12/24/2016 0:00,Second Class,MH-17440,46
CA-2016-133697,10/20/2016 0:00,10/24/2016 0:00,Second Class,CM-12445,15
CA-2017-149944,12/11/2017 0:00,11/16/2017 0:00,Second Class,MB-17305,563
US-2017-157224,9/14/2017 0:00,9/18/2017 0:00,Second Class,JB-16000,63
US-2016-131912,10/29/2016 0:00,11/1/2016 0:00,Second Class,LH-17155,142
CA-2017-141572,5/28/2017 0:00,5/31/2017 0:00,Second Class,LO-17170,209
CA-2015-133977,9/6/2015 0:00,9/8/2015 0:00,Second Class,AT-10435,97
CA-2017-141425,11/2/2017 0:00,11/6/2017 0:00,Second Class,AR-10825,48
CA-2015-133536,3/28/2015 0:00,3/30/2015 0:00,Second Class,JH-15820,30
CA-2015-150441,8/13/2015 0:00,8/17/2015 0:00,Second Class,RA-19285,239
CA-2015-115392,10/1/2015 0:00,10/4/2015 0:00,Second Class,RM-19675,566
US-2016-139087,7/17/2016 0:00,7/22/2016 0:00,Second Class,DK-13375,60
US-2015-139675,3/13/2015 0:00,3/18/2015 0:00,Second Class,NF-18595,550
CA-2017-162712,6/18/2017 0:00,6/20/2017 0:00,Second Class,NK-18490,414
CA-2016-163328,11/4/2016 0:00,11/6/2016 0:00,Second Class,TP-21565,569
CA-2017-161459,11/25/2017 0:00,11/29/2017 0:00,Second Class,EB-13750,288
CA-2014-141299,6/3/2014 0:00,6/7/2014 0:00,Second Class,RB-19795,375
CA-2017-143035,10/3/2017 0:00,10/5/2017 0:00,Second Class,CC-12430,30
CA-2017-154074,8/31/2017 0:00,9/2/2017 0:00,Second Class,BW-11110,322
CA-2017-142671,11/10/2017 0:00,11/14/2017 0:00,Second Class,DR-12940,476
US-2017-119816,3/4/2017 0:00,3/6/2017 0:00,Second Class,TT-21460,15
US-2015-110261,12/19/2015 0:00,12/23/2015 0:00,Second Class,PR-18880,572
CA-2017-153080,5/22/2017 0:00,5/25/2017 0:00,Second Class,EH-13945,142
CA-2016-113292,3/18/2016 0:00,3/20/2016 0:00,Second Class,DB-13060,85
CA-2017-111262,10/28/2017 0:00,11/1/2017 0:00,Second Class,KH-16510,15
CA-2017-128265,11/17/2017 0:00,11/22/2017 0:00,Second Class,VW-21775,165
US-2016-128909,10/9/2016 0:00,10/11/2016 0:00,Second Class,SP-20545,106
CA-2017-138289,1/16/2017 0:00,1/18/2017 0:00,Second Class,AR-10540,31
CA-2016-157791,12/23/2016 0:00,12/28/2016 0:00,Second Class,CA-11965,123
CA-2015-126739,11/1/2015 0:00,11/3/2015 0:00,Second Class,JH-16180,46
CA-2017-161578,12/16/2017 0:00,12/21/2017 0:00,Second Class,RB-19465,2
CA-2014-137092,10/20/2014 0:00,10/22/2014 0:00,Second Class,LS-16975,156
CA-2017-131282,2/5/2017 0:00,2/8/2017 0:00,Second Class,CB-12025,527
CA-2015-153752,12/6/2015 0:00,12/11/2015 0:00,Second Class,RO-19780,102
CA-2016-126795,6/13/2016 0:00,6/16/2016 0:00,Second Class,GT-14710,24
US-2017-167402,1/13/2017 0:00,1/18/2017 0:00,Second Class,CP-12085,335
CA-2015-135489,9/19/2015 0:00,9/22/2015 0:00,Second Class,GW-14605,24
US-2016-146857,5/6/2016 0:00,5/8/2016 0:00,Second Class,BE-11455,335
CA-2017-103352,11/27/2017 0:00,11/30/2017 0:00,Second Class,RP-19390,165
CA-2014-108609,10/31/2014 0:00,11/2/2014 0:00,Second Class,AJ-10780,204
CA-2015-129322,8/8/2015 0:00,8/10/2015 0:00,Second Class,DB-13405,129
CA-2016-115483,7/14/2016 0:00,7/18/2016 0:00,Second Class,JS-15880,275
CA-2017-122175,5/12/2017 0:00,5/14/2017 0:00,Second Class,CA-12775,276
CA-2014-154837,8/23/2014 0:00,8/27/2014 0:00,Second Class,RB-19645,4
CA-2015-109337,11/21/2015 0:00,11/23/2015 0:00,Second Class,DL-13330,453
CA-2017-145037,9/2/2017 0:00,9/7/2017 0:00,Second Class,TB-21055,317
CA-2017-140494,3/10/2017 0:00,3/15/2017 0:00,Second Class,CM-11815,10
CA-2017-160899,8/11/2017 0:00,8/13/2017 0:00,Second Class,DR-12940,418
CA-2017-144225,9/30/2017 0:00,10/2/2017 0:00,Second Class,CC-12475,309
CA-2017-163069,8/18/2017 0:00,8/21/2017 0:00,Second Class,PJ-19015,48
US-2017-166394,9/4/2017 0:00,9/6/2017 0:00,Second Class,VM-21835,557
CA-2017-145443,8/10/2017 0:00,8/15/2017 0:00,Second Class,SC-20695,239
CA-2017-111269,6/16/2017 0:00,6/18/2017 0:00,Second Class,CS-12355,83
CA-2016-154767,6/28/2016 0:00,6/30/2016 0:00,Second Class,BP-11155,336
CA-2016-162943,7/24/2016 0:00,7/26/2016 0:00,Second Class,DB-12970,46
US-2016-147711,9/3/2016 0:00,9/8/2016 0:00,Second Class,HF-14995,309
CA-2017-121293,7/25/2017 0:00,7/28/2017 0:00,Second Class,JC-15775,106
CA-2015-161445,9/7/2015 0:00,9/9/2015 0:00,Second Class,CC-12610,36
CA-2016-140438,12/24/2016 0:00,12/27/2016 0:00,Second Class,PW-19030,30
US-2017-162670,12/23/2017 0:00,12/28/2017 0:00,Second Class,MF-18250,367
CA-2016-145009,12/5/2016 0:00,12/8/2016 0:00,Second Class,RF-19345,27
CA-2014-124394,10/17/2014 0:00,10/22/2014 0:00,Second Class,TB-21520,582
CA-2015-137113,12/1/2015 0:00,12/5/2015 0:00,Second Class,TW-21025,60
US-2015-165512,5/24/2015 0:00,5/26/2015 0:00,Second Class,VS-21820,18
US-2017-149006,12/6/2017 0:00,12/8/2017 0:00,Second Class,BN-11470,91
CA-2014-126277,9/13/2014 0:00,9/18/2014 0:00,Second Class,LH-16900,48
CA-2017-168942,8/1/2017 0:00,8/5/2017 0:00,Second Class,EM-13960,10
US-2017-128398,5/2/2017 0:00,5/5/2017 0:00,Second Class,EM-13825,14
CA-2016-105473,4/16/2016 0:00,4/18/2016 0:00,Second Class,BM-11785,61
CA-2015-134257,3/16/2015 0:00,3/19/2015 0:00,Second Class,MS-17710,342
CA-2016-140382,6/23/2016 0:00,6/25/2016 0:00,Second Class,RD-19900,10
CA-2017-137365,11/30/2017 0:00,12/3/2017 0:00,Second Class,BP-11095,295
CA-2015-167255,9/27/2015 0:00,9/29/2015 0:00,Second Class,RH-19510,95
CA-2016-157161,7/16/2016 0:00,7/20/2016 0:00,Second Class,JD-15895,38
CA-2015-110765,10/16/2015 0:00,10/20/2015 0:00,Second Class,MP-17965,165
CA-2016-163937,1/10/2016 0:00,1/13/2016 0:00,Second Class,JB-16000,563
CA-2017-155159,11/25/2017 0:00,11/29/2017 0:00,Second Class,DL-13315,149
CA-2017-158561,11/11/2017 0:00,11/16/2017 0:00,Second Class,BB-11545,3
CA-2015-109386,11/8/2015 0:00,11/13/2015 0:00,Second Class,RH-19600,498
CA-2017-117443,12/23/2017 0:00,12/25/2017 0:00,Second Class,JB-15400,229
CA-2014-133158,8/19/2014 0:00,8/21/2014 0:00,Second Class,DW-13195,63
CA-2017-141201,12/9/2017 0:00,12/11/2017 0:00,Second Class,DB-12910,206
CA-2014-114790,3/11/2014 0:00,3/13/2014 0:00,Second Class,FM-14215,127
US-2016-154256,6/23/2016 0:00,6/27/2016 0:00,Second Class,SM-20005,46
US-2016-157840,12/20/2016 0:00,12/23/2016 0:00,Second Class,MC-17575,11
CA-2014-124618,5/2/2014 0:00,5/4/2014 0:00,Second Class,CS-11860,153
CA-2015-132633,2/3/2015 0:00,2/5/2015 0:00,Second Class,KH-16630,269
CA-2016-157742,12/29/2016 0:00,12/31/2016 0:00,Second Class,KL-16645,331
CA-2016-164490,9/5/2016 0:00,9/10/2016 0:00,Second Class,SU-20665,156
CA-2017-118724,7/21/2017 0:00,7/25/2017 0:00,Second Class,AR-10825,138
US-2017-143175,8/3/2017 0:00,8/6/2017 0:00,Second Class,GA-14515,26
CA-2015-105844,10/25/2015 0:00,10/27/2015 0:00,Second Class,JF-15415,385
CA-2017-118864,6/15/2017 0:00,6/19/2017 0:00,Second Class,KH-16690,4
US-2015-153374,2/9/2015 0:00,2/13/2015 0:00,Second Class,JF-15565,68
CA-2015-124933,12/26/2015 0:00,12/30/2015 0:00,Second Class,DF-13135,30
CA-2016-144337,8/1/2016 0:00,8/5/2016 0:00,Second Class,SG-20890,140
CA-2017-128944,6/19/2017 0:00,6/21/2017 0:00,Second Class,KH-16330,56
CA-2014-143168,10/18/2014 0:00,10/23/2014 0:00,Second Class,IG-15085,6
CA-2016-123176,9/27/2016 0:00,9/29/2016 0:00,Second Class,JG-15160,149
CA-2017-142909,12/22/2017 0:00,12/25/2017 0:00,Second Class,AG-10330,155
US-2015-136749,12/25/2015 0:00,12/27/2015 0:00,Second Class,LH-16900,113
CA-2016-131380,3/28/2016 0:00,3/31/2016 0:00,Second Class,CC-12220,4
CA-2015-145835,5/13/2015 0:00,5/18/2015 0:00,Second Class,BF-11170,37
CA-2014-122070,4/22/2014 0:00,4/24/2014 0:00,Second Class,AH-10030,25
CA-2014-117464,7/22/2014 0:00,7/24/2014 0:00,Second Class,NP-18325,35
CA-2017-125381,4/25/2017 0:00,4/27/2017 0:00,Second Class,SG-20605,10
CA-2016-138667,12/27/2016 0:00,12/30/2016 0:00,Second Class,MW-18220,404
CA-2016-116918,10/1/2016 0:00,10/6/2016 0:00,Second Class,JK-15205,187
CA-2015-103072,9/27/2015 0:00,9/30/2015 0:00,Second Class,HW-14935,186
CA-2017-136651,4/23/2017 0:00,4/25/2017 0:00,Second Class,JF-15355,55
CA-2017-118892,8/17/2017 0:00,8/22/2017 0:00,Second Class,TP-21415,64
CA-2015-158491,6/4/2015 0:00,6/9/2015 0:00,Second Class,BP-11155,142
CA-2017-137001,6/10/2017 0:00,6/13/2017 0:00,Second Class,GZ-14545,381
US-2014-143721,11/23/2014 0:00,11/26/2014 0:00,Second Class,DK-12835,15
CA-2015-101126,2/10/2015 0:00,2/14/2015 0:00,Second Class,NB-18655,106
CA-2016-144092,11/5/2016 0:00,11/7/2016 0:00,Second Class,LH-17155,59
CA-2017-112172,6/10/2017 0:00,6/14/2017 0:00,Second Class,MM-18280,24
CA-2017-115322,5/11/2017 0:00,5/16/2017 0:00,Second Class,ZC-21910,24
CA-2017-100097,11/26/2017 0:00,11/29/2017 0:00,Second Class,MN-17935,30
CA-2014-163412,12/20/2014 0:00,12/23/2014 0:00,Second Class,SM-20950,46
CA-2017-152135,3/16/2017 0:00,3/18/2017 0:00,Second Class,MG-17650,347
CA-2015-139780,12/31/2015 0:00,1/2/2016 0:00,Second Class,AH-10690,186
US-2014-115189,12/30/2014 0:00,1/3/2015 0:00,Second Class,AR-10345,106
CA-2015-110345,3/9/2015 0:00,3/11/2015 0:00,Second Class,TG-21310,315
US-2017-123862,1/7/2017 0:00,1/9/2017 0:00,Second Class,JF-15190,107
CA-2017-160031,12/4/2017 0:00,12/7/2017 0:00,Second Class,LT-16765,324
CA-2014-124807,7/12/2014 0:00,7/15/2014 0:00,Second Class,ME-17725,27
US-2016-114013,3/13/2016 0:00,3/15/2016 0:00,Second Class,SC-20770,64
CA-2016-101693,6/25/2016 0:00,6/27/2016 0:00,Second Class,LC-17140,33
CA-2015-145457,3/24/2015 0:00,3/27/2015 0:00,Second Class,CP-12085,473
CA-2017-127474,2/3/2017 0:00,2/7/2017 0:00,Second Class,RD-19810,27
CA-2017-105669,9/17/2017 0:00,9/22/2017 0:00,Second Class,SJ-20125,67
US-2015-136987,4/11/2015 0:00,4/14/2015 0:00,Second Class,AR-10540,26
CA-2015-138485,2/27/2015 0:00,3/1/2015 0:00,Second Class,NP-18670,60
CA-2017-148985,11/11/2017 0:00,11/15/2017 0:00,Second Class,TB-21190,63
CA-2016-124583,9/1/2016 0:00,9/3/2016 0:00,Second Class,LB-16795,126
CA-2014-129938,12/15/2014 0:00,12/17/2014 0:00,Second Class,EB-13705,12
US-2015-134558,12/19/2015 0:00,12/24/2015 0:00,Second Class,PM-19135,356
CA-2016-158043,1/31/2016 0:00,2/4/2016 0:00,Second Class,JK-15325,593
US-2017-167920,12/9/2017 0:00,12/12/2017 0:00,Second Class,JL-15835,127
CA-2016-106460,2/19/2016 0:00,2/22/2016 0:00,Second Class,GT-14710,10
CA-2014-114181,5/10/2014 0:00,5/14/2014 0:00,Second Class,AF-10885,64
US-2016-166660,1/30/2016 0:00,2/1/2016 0:00,Second Class,TB-21250,6
CA-2014-134726,11/2/2014 0:00,11/7/2014 0:00,Second Class,SW-20755,61
CA-2015-123113,11/23/2015 0:00,11/27/2015 0:00,Second Class,AT-10735,93
CA-2015-113740,8/24/2015 0:00,8/28/2015 0:00,Second Class,SC-20380,46
CA-2015-136805,5/23/2015 0:00,5/27/2015 0:00,Second Class,NM-18445,152
US-2015-159499,11/21/2015 0:00,11/23/2015 0:00,Second Class,EM-14095,52
US-2017-158526,12/29/2017 0:00,1/1/2018 0:00,Second Class,KH-16360,176
CA-2015-107685,11/30/2015 0:00,12/2/2015 0:00,Second Class,JM-15865,122
CA-2015-130974,11/27/2015 0:00,11/29/2015 0:00,Second Class,MA-17560,290
CA-2017-133487,5/6/2017 0:00,5/9/2017 0:00,Second Class,TS-21655,350
CA-2017-139353,10/28/2017 0:00,10/30/2017 0:00,Second Class,JM-15250,307
US-2015-150231,3/16/2015 0:00,3/20/2015 0:00,Second Class,JK-15640,30
CA-2016-165673,5/15/2016 0:00,5/19/2016 0:00,Second Class,MN-17935,158
CA-2015-147816,9/24/2015 0:00,9/26/2015 0:00,Second Class,CM-11935,116
CA-2015-156153,5/31/2015 0:00,6/2/2015 0:00,Second Class,CW-11905,256
CA-2015-161795,12/21/2015 0:00,12/23/2015 0:00,Second Class,AH-10075,48
CA-2017-112844,11/13/2017 0:00,11/16/2017 0:00,Second Class,SP-20620,251
CA-2016-162236,11/4/2016 0:00,11/6/2016 0:00,Second Class,ER-13855,44
CA-2015-127481,12/12/2015 0:00,12/15/2015 0:00,Second Class,JD-15895,122
CA-2014-143637,3/24/2014 0:00,3/29/2014 0:00,Second Class,MS-17710,254
CA-2016-138478,10/21/2016 0:00,10/26/2016 0:00,Second Class,DP-13390,284
CA-2017-152436,12/8/2017 0:00,12/10/2017 0:00,Second Class,CW-11905,482
CA-2016-169334,10/21/2016 0:00,10/24/2016 0:00,Second Class,GW-14605,281
CA-2015-106257,4/13/2015 0:00,4/17/2015 0:00,Second Class,EB-14110,63
CA-2014-158470,4/19/2014 0:00,4/23/2014 0:00,Second Class,AG-10390,102
CA-2015-143364,7/14/2015 0:00,7/19/2015 0:00,Second Class,TG-21310,155
CA-2014-100972,11/19/2014 0:00,11/24/2014 0:00,Second Class,DB-13360,364
CA-2016-160241,11/29/2016 0:00,12/4/2016 0:00,Second Class,DR-12940,174
CA-2017-118017,12/3/2017 0:00,12/6/2017 0:00,Second Class,LC-16870,462
CA-2016-167605,4/28/2016 0:00,4/30/2016 0:00,Second Class,RB-19570,587
CA-2017-100783,9/4/2017 0:00,9/8/2017 0:00,Second Class,JK-16120,211
CA-2015-152513,7/4/2015 0:00,7/8/2015 0:00,Second Class,JP-16135,143
CA-2017-120404,11/20/2017 0:00,11/24/2017 0:00,Second Class,KH-16330,46
CA-2016-120082,3/25/2016 0:00,3/27/2016 0:00,Second Class,DK-12835,24
CA-2017-104864,11/18/2017 0:00,11/23/2017 0:00,Second Class,JS-15685,475
CA-2017-152499,1/22/2017 0:00,1/25/2017 0:00,Second Class,EH-13765,37
CA-2016-137939,7/20/2016 0:00,7/23/2016 0:00,Second Class,PJ-19015,256
US-2015-165743,11/20/2015 0:00,11/23/2015 0:00,Second Class,MM-18055,43
CA-2014-127859,3/17/2014 0:00,3/20/2014 0:00,Second Class,QJ-19255,64
CA-2017-114804,10/17/2017 0:00,10/19/2017 0:00,Second Class,BF-11020,591
CA-2015-132465,9/11/2015 0:00,9/15/2015 0:00,Second Class,DM-13525,46
CA-2017-109393,6/30/2017 0:00,7/2/2017 0:00,Second Class,JC-15775,4
CA-2017-121489,8/21/2017 0:00,8/25/2017 0:00,Second Class,CM-11815,61
CA-2017-165008,9/15/2017 0:00,9/17/2017 0:00,Second Class,DO-13645,364
CA-2016-113600,12/15/2016 0:00,12/17/2016 0:00,Second Class,SH-20395,244
CA-2017-130834,11/3/2017 0:00,11/6/2017 0:00,Second Class,JM-16195,125
CA-2014-109904,7/14/2014 0:00,7/17/2014 0:00,Second Class,BF-10975,30
CA-2016-106621,9/29/2016 0:00,10/1/2016 0:00,Second Class,DM-12955,512
CA-2017-143658,11/8/2017 0:00,11/13/2017 0:00,Second Class,SR-20425,46
CA-2017-133046,7/27/2017 0:00,8/1/2017 0:00,Second Class,DK-13375,61
CA-2016-130393,12/1/2016 0:00,12/3/2016 0:00,Second Class,JM-15865,363
CA-2017-144820,10/3/2017 0:00,10/7/2017 0:00,Second Class,LW-16825,90
CA-2015-120915,9/28/2015 0:00,10/3/2015 0:00,Second Class,JJ-15445,46
CA-2015-136728,9/13/2015 0:00,9/17/2015 0:00,Second Class,AG-10900,37
CA-2015-140375,10/2/2015 0:00,10/5/2015 0:00,Second Class,SG-20470,249
CA-2015-136700,12/6/2015 0:00,12/11/2015 0:00,Second Class,DB-13120,538
CA-2017-104136,11/1/2017 0:00,11/4/2017 0:00,Second Class,SF-20065,290
CA-2016-123050,4/4/2016 0:00,4/8/2016 0:00,Second Class,BC-11125,25
CA-2016-162355,6/30/2016 0:00,7/2/2016 0:00,Second Class,PF-19165,495
CA-2016-133816,5/10/2016 0:00,5/13/2016 0:00,Second Class,CS-12400,64
CA-2015-140221,3/5/2015 0:00,3/9/2015 0:00,Second Class,MS-17365,156
CA-2015-104059,6/13/2015 0:00,6/15/2015 0:00,Second Class,FC-14245,158
CA-2015-154284,12/21/2015 0:00,12/26/2015 0:00,Second Class,SZ-20035,587
US-2014-120313,10/31/2014 0:00,11/2/2014 0:00,Second Class,NL-18310,95
CA-2017-103478,7/21/2017 0:00,7/24/2017 0:00,Second Class,KL-16555,174
CA-2017-161655,5/13/2017 0:00,5/18/2017 0:00,Second Class,CW-11905,286
CA-2017-147207,1/2/2017 0:00,1/4/2017 0:00,Second Class,TS-21655,295
CA-2014-109918,9/7/2014 0:00,9/12/2014 0:00,Second Class,LR-17035,87
CA-2014-103527,9/9/2014 0:00,9/14/2014 0:00,Second Class,CC-12220,156
CA-2016-134544,3/17/2016 0:00,3/19/2016 0:00,Second Class,AC-10660,10
CA-2016-142594,12/1/2016 0:00,12/6/2016 0:00,Second Class,EJ-14155,118
CA-2017-120061,11/2/2017 0:00,11/7/2017 0:00,Second Class,SR-20425,158
CA-2015-110814,12/5/2015 0:00,12/9/2015 0:00,Second Class,BD-11635,30
CA-2016-159765,9/5/2016 0:00,5/12/2016 0:00,Second Class,TH-21100,271
CA-2016-118129,12/19/2016 0:00,12/21/2016 0:00,Second Class,CL-12565,333
US-2014-127635,9/14/2014 0:00,9/18/2014 0:00,Second Class,SC-20260,414
CA-2017-114370,3/14/2017 0:00,3/17/2017 0:00,Second Class,BN-11470,37
CA-2016-158302,12/8/2016 0:00,12/12/2016 0:00,Second Class,JB-16045,48
US-2017-118556,5/28/2017 0:00,6/2/2017 0:00,Second Class,TH-21235,156
CA-2015-169537,9/3/2015 0:00,9/7/2015 0:00,Second Class,JH-15820,545
CA-2015-169733,10/22/2015 0:00,10/26/2015 0:00,Second Class,GM-14500,476
CA-2016-158841,2/2/2016 0:00,2/4/2016 0:00,Second Class,SE-20110,102
CA-2014-169061,3/5/2014 0:00,3/8/2014 0:00,Second Class,AB-10150,232
CA-2015-102316,3/1/2015 0:00,3/3/2015 0:00,Second Class,DH-13075,63
CA-2017-149720,6/4/2017 0:00,6/7/2017 0:00,Second Class,EM-14065,407
CA-2015-169677,1/13/2015 0:00,1/15/2015 0:00,Second Class,KS-16300,113
CA-2016-132829,12/23/2016 0:00,12/26/2016 0:00,Second Class,LA-16780,17
CA-2016-123540,4/2/2016 0:00,4/6/2016 0:00,Second Class,DJ-13420,202
CA-2017-101273,8/27/2017 0:00,8/30/2017 0:00,Second Class,ST-20530,455
CA-2014-130673,5/20/2014 0:00,5/22/2014 0:00,Second Class,MC-17590,608
CA-2014-104808,2/4/2014 0:00,2/8/2014 0:00,Second Class,MH-17440,247
CA-2017-123624,11/13/2017 0:00,11/17/2017 0:00,Second Class,SE-20110,570
CA-2016-146437,1/28/2016 0:00,2/1/2016 0:00,Second Class,HG-14965,2
CA-2017-132437,9/8/2017 0:00,9/13/2017 0:00,Second Class,EM-14095,24
US-2017-119319,11/6/2017 0:00,11/9/2017 0:00,Second Class,LC-17050,163
CA-2014-129819,12/13/2014 0:00,12/15/2014 0:00,Second Class,KC-16675,1
CA-2017-126634,3/30/2017 0:00,4/1/2017 0:00,Second Class,AB-10165,469
CA-2016-149916,12/22/2016 0:00,12/24/2016 0:00,Second Class,ED-13885,61
CA-2015-158918,12/20/2015 0:00,12/25/2015 0:00,Second Class,AI-10855,2
US-2014-159611,12/27/2014 0:00,1/1/2015 0:00,Second Class,KB-16315,178
CA-2016-112739,9/2/2016 0:00,9/7/2016 0:00,Second Class,RD-19810,33
CA-2016-143805,12/1/2016 0:00,12/3/2016 0:00,Second Class,JD-15895,196
CA-2017-137323,11/14/2017 0:00,11/18/2017 0:00,Second Class,PW-19030,291
US-2014-112795,8/23/2014 0:00,8/28/2014 0:00,Second Class,CR-12625,438
CA-2017-127096,9/15/2017 0:00,9/17/2017 0:00,Second Class,CS-12400,10
CA-2017-121678,11/16/2017 0:00,11/20/2017 0:00,Second Class,BM-11650,611
CA-2016-120824,6/12/2016 0:00,6/16/2016 0:00,Second Class,AW-10930,33
US-2016-135209,12/29/2016 0:00,12/31/2016 0:00,Second Class,MH-17290,329
CA-2017-116988,6/27/2017 0:00,6/29/2017 0:00,Second Class,PW-19030,60
US-2014-169390,2/7/2014 0:00,2/10/2014 0:00,Second Class,CS-12250,24
CA-2015-162376,11/22/2015 0:00,11/25/2015 0:00,Second Class,HD-14785,566
CA-2016-163636,12/5/2016 0:00,12/9/2016 0:00,Second Class,MP-18175,37
CA-2015-165813,3/20/2015 0:00,3/22/2015 0:00,Second Class,BM-11785,161
CA-2015-144274,11/23/2015 0:00,11/25/2015 0:00,Second Class,PW-19240,50
CA-2017-117156,3/21/2017 0:00,3/23/2017 0:00,Second Class,TB-21055,333
US-2014-157847,4/2/2014 0:00,4/6/2014 0:00,Second Class,SC-20020,15
CA-2016-167983,8/21/2016 0:00,8/24/2016 0:00,Second Class,RP-19270,61
CA-2014-153808,4/6/2014 0:00,4/10/2014 0:00,Second Class,FH-14275,26
CA-2014-141173,11/18/2014 0:00,11/20/2014 0:00,Second Class,JC-16105,40
CA-2014-119977,10/8/2014 0:00,10/13/2014 0:00,Second Class,DN-13690,165
CA-2017-142489,11/14/2017 0:00,11/16/2017 0:00,Second Class,TC-21295,15
CA-2016-135594,6/30/2016 0:00,7/3/2016 0:00,Second Class,AH-10120,174
CA-2014-169642,7/27/2014 0:00,7/30/2014 0:00,Second Class,BB-10990,2
CA-2016-147256,10/17/2016 0:00,10/21/2016 0:00,Second Class,FC-14245,340
CA-2015-163237,8/7/2015 0:00,8/9/2015 0:00,Second Class,EM-14095,29
CA-2015-143616,9/27/2015 0:00,9/29/2015 0:00,Second Class,SS-20140,6
CA-2015-134117,12/17/2015 0:00,12/19/2015 0:00,Second Class,PG-18895,142
CA-2014-130918,8/22/2014 0:00,8/24/2014 0:00,Second Class,JP-15520,452
CA-2014-128622,11/15/2014 0:00,11/17/2014 0:00,Second Class,SC-20260,95
CA-2014-156790,8/8/2014 0:00,8/10/2014 0:00,Second Class,VG-21790,134
CA-2017-159226,4/25/2017 0:00,4/27/2017 0:00,Second Class,RL-19615,142
CA-2014-119529,11/3/2014 0:00,11/5/2014 0:00,Second Class,DM-13345,417
CA-2015-150413,10/19/2015 0:00,10/24/2015 0:00,Second Class,CS-11860,78
CA-2014-108182,2/6/2014 0:00,2/10/2014 0:00,Second Class,DL-13315,614
CA-2016-161361,3/26/2016 0:00,3/28/2016 0:00,Second Class,MV-17485,544
CA-2014-100706,12/16/2014 0:00,12/18/2014 0:00,Second Class,LE-16810,29
CA-2015-168760,9/22/2015 0:00,9/26/2015 0:00,Second Class,MM-18280,14
CA-2017-137463,12/16/2017 0:00,12/20/2017 0:00,Second Class,KM-16225,355
CA-2014-141838,3/26/2014 0:00,3/31/2014 0:00,Second Class,DK-12835,35
CA-2015-128993,9/12/2015 0:00,9/17/2015 0:00,Second Class,CC-12670,6
CA-2016-106278,9/2/2016 0:00,9/5/2016 0:00,Second Class,BM-11140,120
CA-2017-166898,9/11/2017 0:00,9/13/2017 0:00,Second Class,KH-16630,201
CA-2016-126102,9/10/2016 0:00,9/12/2016 0:00,Second Class,DV-13465,14
CA-2016-131093,9/17/2016 0:00,9/20/2016 0:00,Second Class,TS-21610,158
CA-2015-162950,6/28/2015 0:00,7/3/2015 0:00,Second Class,DW-13585,413
CA-2016-135461,2/7/2016 0:00,2/10/2016 0:00,Second Class,EB-13975,14
CA-2017-153045,1/19/2017 0:00,1/24/2017 0:00,Second Class,NS-18505,12
CA-2017-122007,3/18/2017 0:00,3/20/2017 0:00,Second Class,JK-15325,4
US-2016-158288,11/26/2016 0:00,11/28/2016 0:00,Second Class,EH-13945,75
CA-2016-128916,8/18/2016 0:00,8/20/2016 0:00,Second Class,MA-17560,33
CA-2016-130911,3/24/2016 0:00,3/26/2016 0:00,Second Class,DC-12850,178
CA-2017-123029,9/30/2017 0:00,10/2/2017 0:00,Second Class,BT-11530,14
US-2015-106873,9/24/2015 0:00,9/29/2015 0:00,Second Class,KM-16720,510
CA-2016-132990,8/1/2016 0:00,8/3/2016 0:00,Second Class,KM-16660,12
CA-2016-100300,6/24/2016 0:00,6/26/2016 0:00,Second Class,MJ-17740,89
CA-2017-119424,6/12/2017 0:00,6/14/2017 0:00,Second Class,SB-20185,299
CA-2017-141747,8/3/2017 0:00,8/8/2017 0:00,Second Class,SC-20230,60
CA-2017-142776,12/11/2017 0:00,12/14/2017 0:00,Second Class,RS-19870,224
CA-2017-102309,9/23/2017 0:00,9/25/2017 0:00,Second Class,DO-13645,618
CA-2014-168368,2/11/2014 0:00,2/15/2014 0:00,Second Class,GA-14725,340
CA-2017-167976,11/11/2017 0:00,11/14/2017 0:00,Second Class,JL-15505,619
CA-2016-113236,5/26/2016 0:00,5/29/2016 0:00,Second Class,CP-12085,573
CA-2017-102218,9/2/2017 0:00,9/4/2017 0:00,Second Class,LW-17215,377
CA-2014-111857,4/23/2014 0:00,4/26/2014 0:00,Second Class,NM-18445,10
US-2017-116505,11/17/2017 0:00,11/21/2017 0:00,Second Class,TB-21625,620
US-2015-163433,4/18/2015 0:00,4/22/2015 0:00,Second Class,MP-17965,479
CA-2017-127726,9/11/2017 0:00,9/13/2017 0:00,Second Class,SS-20410,522
CA-2014-155264,10/19/2014 0:00,10/22/2014 0:00,Second Class,RP-19270,95
CA-2016-168046,1/25/2016 0:00,1/28/2016 0:00,Second Class,JD-15895,24
CA-2017-113460,11/7/2017 0:00,11/9/2017 0:00,Second Class,KN-16390,235
CA-2015-126347,12/14/2015 0:00,12/19/2015 0:00,Second Class,AJ-10945,63
CA-2014-154158,12/23/2014 0:00,12/27/2014 0:00,Second Class,CC-12670,86
CA-2016-105459,8/12/2016 0:00,8/17/2016 0:00,Second Class,NP-18700,24
CA-2017-162789,9/22/2017 0:00,9/24/2017 0:00,Second Class,LC-17140,46
CA-2016-108959,3/10/2016 0:00,3/14/2016 0:00,Second Class,MH-17785,277
CA-2017-152926,10/2/2017 0:00,10/4/2017 0:00,Second Class,SC-20695,17
CA-2014-116246,9/12/2014 0:00,9/17/2014 0:00,Second Class,LW-17215,46
CA-2014-165477,12/29/2014 0:00,12/31/2014 0:00,Second Class,RE-19405,362
CA-2016-140977,6/16/2016 0:00,6/19/2016 0:00,Second Class,JL-15175,429
CA-2014-101833,11/17/2014 0:00,11/22/2014 0:00,Second Class,FG-14260,24
US-2017-109610,11/25/2017 0:00,11/30/2017 0:00,Second Class,BS-11590,176
CA-2017-102925,11/5/2017 0:00,11/10/2017 0:00,Second Class,CD-12280,24
CA-2015-100818,5/31/2015 0:00,6/5/2015 0:00,Second Class,JM-15265,156
CA-2015-158351,6/20/2015 0:00,6/24/2015 0:00,Second Class,BC-11125,64
CA-2016-164770,12/2/2016 0:00,12/4/2016 0:00,Second Class,MY-18295,67
CA-2014-149104,4/5/2014 0:00,4/7/2014 0:00,Second Class,RD-19900,447
CA-2017-142461,5/30/2017 0:00,6/3/2017 0:00,Second Class,KT-16480,163
CA-2015-123939,8/24/2015 0:00,8/26/2015 0:00,Second Class,MS-17710,393
US-2017-104451,5/8/2017 0:00,5/12/2017 0:00,Second Class,MM-18055,95
CA-2017-124191,6/12/2017 0:00,6/14/2017 0:00,Second Class,TS-21610,27
CA-2015-135727,5/11/2015 0:00,5/16/2015 0:00,Second Class,PS-18970,52
CA-2016-131744,6/18/2016 0:00,6/20/2016 0:00,Second Class,SC-20770,64
CA-2015-156853,12/3/2015 0:00,12/5/2015 0:00,Second Class,HP-14815,209
CA-2014-103086,10/17/2014 0:00,10/19/2014 0:00,Second Class,EB-14170,15
CA-2015-143147,5/26/2015 0:00,5/28/2015 0:00,Second Class,PS-18760,66
CA-2017-116127,6/25/2017 0:00,6/27/2017 0:00,Second Class,SB-20185,24
CA-2017-107797,5/8/2017 0:00,5/11/2017 0:00,Second Class,EB-13705,610
CA-2017-117128,12/5/2017 0:00,12/8/2017 0:00,Second Class,BF-11080,24
CA-2016-130638,5/16/2016 0:00,5/19/2016 0:00,Second Class,SC-20095,63
US-2017-125808,12/11/2017 0:00,11/15/2017 0:00,Second Class,EP-13915,4
CA-2015-116638,1/28/2015 0:00,1/31/2015 0:00,Second Class,JH-15985,5
CA-2014-100860,3/26/2014 0:00,3/30/2014 0:00,Second Class,CS-12505,283
US-2014-164644,7/22/2014 0:00,7/24/2014 0:00,Second Class,JL-15850,15
CA-2017-118668,1/2/2017 0:00,1/4/2017 0:00,Second Class,FW-14395,4
CA-2017-130148,9/24/2017 0:00,9/28/2017 0:00,Second Class,NK-18490,95
CA-2014-144281,6/10/2014 0:00,6/15/2014 0:00,Second Class,HK-14890,152
US-2016-144477,8/12/2016 0:00,8/14/2016 0:00,Second Class,DB-13270,64
CA-2017-166835,12/11/2017 0:00,11/14/2017 0:00,Second Class,DK-13375,208
CA-2014-128062,11/19/2014 0:00,11/22/2014 0:00,Second Class,AD-10180,64
CA-2017-113705,3/27/2017 0:00,3/29/2017 0:00,Second Class,LC-16870,196
CA-2015-149748,5/31/2015 0:00,6/2/2015 0:00,Second Class,EM-13825,336
CA-2014-127166,5/21/2014 0:00,5/23/2014 0:00,Second Class,KH-16360,33
CA-2015-122973,7/18/2015 0:00,7/20/2015 0:00,Second Class,PJ-19015,24
CA-2017-107209,7/27/2017 0:00,8/1/2017 0:00,Second Class,JW-15955,315
US-2014-139640,11/7/2014 0:00,11/11/2014 0:00,Second Class,TB-21595,41
CA-2014-113257,12/16/2014 0:00,12/18/2014 0:00,Second Class,SC-20305,582
CA-2014-133963,5/18/2014 0:00,5/22/2014 0:00,Second Class,GA-14515,78
CA-2017-169327,9/2/2017 0:00,9/4/2017 0:00,Second Class,MH-17290,142
US-2015-116981,3/26/2015 0:00,3/28/2015 0:00,Second Class,SM-20950,30
CA-2016-166653,9/22/2016 0:00,9/24/2016 0:00,Second Class,NP-18685,272
US-2016-115441,7/25/2016 0:00,7/28/2016 0:00,Second Class,SH-19975,202
CA-2014-156342,6/17/2014 0:00,6/20/2014 0:00,Second Class,JF-15415,156
CA-2017-160927,1/29/2017 0:00,1/31/2017 0:00,Second Class,TM-21010,606
CA-2016-164889,6/3/2016 0:00,6/6/2016 0:00,Second Class,CP-12340,14
CA-2015-145415,4/12/2015 0:00,4/17/2015 0:00,Second Class,RD-19660,6
CA-2017-121559,6/1/2017 0:00,6/3/2017 0:00,Second Class,HW-14935,305
CA-2015-141593,12/14/2015 0:00,12/16/2015 0:00,Second Class,DB-12970,63
CA-2017-141446,9/16/2017 0:00,9/18/2017 0:00,Second Class,CL-12700,203
CA-2016-146374,12/5/2016 0:00,12/10/2016 0:00,Second Class,HE-14800,286
US-2015-151435,9/6/2015 0:00,9/9/2015 0:00,Second Class,SW-20455,300
CA-2014-110422,1/21/2014 0:00,1/23/2014 0:00,Second Class,TB-21400,124
CA-2017-119914,5/4/2017 0:00,5/9/2017 0:00,Second Class,CC-12220,280
CA-2016-161669,11/7/2016 0:00,11/9/2016 0:00,First Class,EM-14095,2
US-2016-139486,5/21/2016 0:00,5/23/2016 0:00,First Class,LH-17155,4
CA-2015-155334,7/30/2015 0:00,7/31/2015 0:00,First Class,HA-14920,10
CA-2016-134775,10/28/2016 0:00,10/29/2016 0:00,First Class,AS-10285,10
CA-2015-121391,10/4/2015 0:00,10/7/2015 0:00,First Class,AA-10315,10
CA-2016-134362,9/29/2016 0:00,10/2/2016 0:00,First Class,LS-16945,12
CA-2014-159338,6/25/2014 0:00,6/28/2014 0:00,First Class,NS-18640,14
CA-2016-117590,12/8/2016 0:00,12/10/2016 0:00,First Class,GH-14485,16
US-2017-118038,12/9/2017 0:00,12/11/2017 0:00,First Class,KB-16600,17
CA-2016-118255,3/11/2016 0:00,3/13/2016 0:00,First Class,ON-18715,20
CA-2014-130092,1/11/2014 0:00,1/14/2014 0:00,First Class,SV-20365,22
CA-2016-146941,12/10/2016 0:00,12/13/2016 0:00,First Class,DL-13315,24
CA-2016-110023,9/9/2016 0:00,9/11/2016 0:00,First Class,TS-21610,24
CA-2016-126004,12/4/2016 0:00,12/5/2016 0:00,First Class,BM-11140,24
CA-2016-111682,6/17/2016 0:00,6/18/2016 0:00,First Class,TB-21055,25
CA-2015-127418,6/13/2015 0:00,6/14/2015 0:00,First Class,JJ-15445,26
CA-2014-154627,10/29/2014 0:00,10/31/2014 0:00,First Class,SA-20830,27
CA-2017-115651,7/9/2017 0:00,7/12/2017 0:00,First Class,NS-18640,27
CA-2016-119823,6/4/2016 0:00,6/6/2016 0:00,First Class,KD-16270,29
CA-2016-129714,9/1/2016 0:00,9/3/2016 0:00,First Class,AB-10060,30
CA-2016-127208,6/12/2016 0:00,6/15/2016 0:00,First Class,SC-20770,34
CA-2017-157833,6/17/2017 0:00,6/20/2017 0:00,First Class,KD-16345,35
CA-2017-135783,4/22/2017 0:00,4/24/2017 0:00,First Class,GM-14440,35
CA-2016-105494,11/10/2016 0:00,11/12/2016 0:00,First Class,PC-18745,35
CA-2016-157686,10/1/2016 0:00,10/2/2016 0:00,First Class,BD-11620,35
CA-2016-107216,6/14/2016 0:00,6/17/2016 0:00,First Class,PV-18985,35
CA-2016-163384,11/10/2016 0:00,11/12/2016 0:00,First Class,CC-12430,35
US-2017-119662,11/13/2017 0:00,11/16/2017 0:00,First Class,CS-12400,37
CA-2017-133235,8/1/2017 0:00,8/4/2017 0:00,First Class,LH-16750,44
CA-2015-102281,10/12/2015 0:00,10/14/2015 0:00,First Class,MP-17470,46
CA-2017-162929,11/19/2017 0:00,11/22/2017 0:00,First Class,AS-10135,46
CA-2014-112158,12/2/2014 0:00,12/4/2014 0:00,First Class,DP-13165,46
CA-2014-113887,4/5/2014 0:00,4/7/2014 0:00,First Class,TH-21550,46
CA-2015-132080,8/22/2015 0:00,8/25/2015 0:00,First Class,DP-13105,46
US-2017-164147,2/2/2017 0:00,2/5/2017 0:00,First Class,DW-13585,48
CA-2016-103730,6/12/2016 0:00,6/15/2016 0:00,First Class,SC-20725,50
CA-2016-141397,6/20/2016 0:00,6/21/2016 0:00,First Class,RC-19825,55
CA-2016-106341,10/20/2016 0:00,10/23/2016 0:00,First Class,LF-17185,56
CA-2016-158834,3/13/2016 0:00,3/16/2016 0:00,First Class,TW-21025,58
CA-2015-105312,11/6/2015 0:00,11/9/2015 0:00,First Class,MT-17815,58
CA-2015-124919,5/31/2015 0:00,6/2/2015 0:00,First Class,SP-20650,59
CA-2016-105585,8/26/2016 0:00,8/27/2016 0:00,First Class,RF-19735,59
CA-2015-130736,12/7/2015 0:00,12/9/2015 0:00,First Class,JF-15490,60
CA-2016-162733,5/11/2016 0:00,5/12/2016 0:00,First Class,TT-21070,63
CA-2017-140963,6/10/2017 0:00,6/13/2017 0:00,First Class,MT-18070,63
CA-2017-106964,12/17/2017 0:00,12/20/2017 0:00,First Class,HR-14770,63
CA-2016-120180,7/14/2016 0:00,7/16/2016 0:00,First Class,TP-21130,64
US-2015-153500,7/3/2015 0:00,7/5/2015 0:00,First Class,DG-13300,64
CA-2014-133690,8/3/2014 0:00,8/5/2014 0:00,First Class,BS-11755,77
CA-2015-169397,12/24/2015 0:00,12/27/2015 0:00,First Class,JB-15925,83
CA-2016-165148,10/22/2016 0:00,10/24/2016 0:00,First Class,PM-19135,84
CA-2017-133256,6/26/2017 0:00,6/27/2017 0:00,First Class,TH-21550,84
CA-2014-158540,11/24/2014 0:00,11/26/2014 0:00,First Class,VG-21790,89
CA-2014-115973,11/24/2014 0:00,11/26/2014 0:00,First Class,NG-18430,94
CA-2016-109820,11/20/2016 0:00,11/22/2016 0:00,First Class,AG-10390,94
CA-2016-153682,5/30/2016 0:00,6/1/2016 0:00,First Class,BG-11695,94
CA-2016-110499,4/7/2016 0:00,4/9/2016 0:00,First Class,YC-21895,95
CA-2015-144267,8/21/2015 0:00,8/23/2015 0:00,First Class,NZ-18565,95
CA-2016-105760,6/19/2016 0:00,6/20/2016 0:00,First Class,KC-16255,95
CA-2016-120859,9/1/2016 0:00,9/4/2016 0:00,First Class,CV-12805,95
CA-2017-118136,9/16/2017 0:00,9/17/2017 0:00,First Class,BB-10990,96
CA-2014-111451,12/26/2014 0:00,12/28/2014 0:00,First Class,KL-16555,98
CA-2017-126774,4/15/2017 0:00,4/17/2017 0:00,First Class,SH-20395,102
CA-2014-164259,12/28/2014 0:00,12/30/2014 0:00,First Class,SP-20860,106
US-2016-141544,8/30/2016 0:00,9/1/2016 0:00,First Class,PO-18850,106
CA-2016-158099,9/3/2016 0:00,9/5/2016 0:00,First Class,PK-18910,106
CA-2014-132962,9/13/2014 0:00,9/16/2014 0:00,First Class,JM-15535,106
CA-2016-127369,6/6/2016 0:00,6/7/2016 0:00,First Class,DB-13060,112
CA-2017-155698,3/8/2017 0:00,3/11/2017 0:00,First Class,VB-21745,113
CA-2016-136924,7/14/2016 0:00,7/17/2016 0:00,First Class,ES-14080,116
US-2016-134656,9/28/2016 0:00,10/1/2016 0:00,First Class,MM-18280,117
CA-2014-113166,12/24/2014 0:00,12/26/2014 0:00,First Class,LF-17185,124
CA-2016-145499,5/30/2016 0:00,5/30/2016 0:00,First Class,RW-19690,125
CA-2017-162635,10/9/2017 0:00,10/10/2017 0:00,First Class,EB-14170,125
CA-2014-142048,6/22/2014 0:00,6/25/2014 0:00,First Class,JE-15745,128
CA-2014-157784,7/5/2014 0:00,7/8/2014 0:00,First Class,MC-17845,130
CA-2014-101476,9/12/2014 0:00,9/13/2014 0:00,First Class,SD-20485,132
CA-2017-112774,9/11/2017 0:00,9/12/2017 0:00,First Class,RC-19960,134
CA-2017-122154,4/9/2017 0:00,4/11/2017 0:00,First Class,SA-20830,134
CA-2017-130351,12/5/2017 0:00,12/8/2017 0:00,First Class,RB-19570,135
CA-2015-157035,12/9/2015 0:00,12/12/2015 0:00,First Class,KB-16600,135
CA-2016-161781,9/29/2016 0:00,9/30/2016 0:00,First Class,CC-12100,135
CA-2017-137099,12/7/2017 0:00,12/10/2017 0:00,First Class,FP-14320,142
CA-2015-124653,12/24/2015 0:00,12/26/2015 0:00,First Class,DB-13120,145
CA-2017-135307,11/26/2017 0:00,11/27/2017 0:00,First Class,LS-17245,150
CA-2017-145142,1/23/2017 0:00,1/25/2017 0:00,First Class,MC-17605,152
US-2015-140200,7/26/2015 0:00,7/28/2015 0:00,First Class,CA-12775,155
CA-2017-132353,9/15/2017 0:00,9/17/2017 0:00,First Class,DB-13060,156
CA-2017-135034,8/1/2017 0:00,8/3/2017 0:00,First Class,AT-10735,156
US-2014-117058,5/27/2014 0:00,5/30/2014 0:00,First Class,LE-16810,156
CA-2014-140795,2/1/2014 0:00,2/3/2014 0:00,First Class,BD-11500,157
US-2016-114622,4/10/2016 0:00,4/12/2016 0:00,First Class,JR-16210,158
CA-2016-161816,4/28/2016 0:00,5/1/2016 0:00,First Class,NB-18655,163
CA-2017-135279,4/9/2017 0:00,4/11/2017 0:00,First Class,BS-11800,165
CA-2014-156314,12/24/2014 0:00,12/26/2014 0:00,First Class,RP-19390,178
CA-2017-121818,11/20/2017 0:00,11/21/2017 0:00,First Class,JH-15430,180
CA-2015-119291,5/14/2015 0:00,5/17/2015 0:00,First Class,JO-15550,182
CA-2017-159366,1/7/2017 0:00,1/10/2017 0:00,First Class,BW-11110,186
US-2016-150861,12/3/2016 0:00,12/6/2016 0:00,First Class,EG-13900,188
CA-2017-105809,2/20/2017 0:00,2/23/2017 0:00,First Class,HW-14935,189
CA-2015-140921,2/3/2015 0:00,2/5/2015 0:00,First Class,AA-10375,199
CA-2014-151995,10/13/2014 0:00,10/15/2014 0:00,First Class,ZC-21910,200
CA-2015-106565,3/20/2015 0:00,3/23/2015 0:00,First Class,BW-11110,202
CA-2017-102519,11/27/2017 0:00,11/29/2017 0:00,First Class,BM-11650,202
CA-2015-131128,10/19/2015 0:00,10/20/2015 0:00,First Class,TB-21520,209
CA-2017-150959,11/11/2017 0:00,11/13/2017 0:00,First Class,TD-20995,211
CA-2016-128258,3/30/2016 0:00,4/1/2016 0:00,First Class,CP-12085,212
CA-2017-144932,4/14/2017 0:00,4/17/2017 0:00,First Class,AB-10165,214
US-2017-111745,11/5/2017 0:00,11/6/2017 0:00,First Class,RA-19885,215
CA-2017-138779,1/14/2017 0:00,1/15/2017 0:00,First Class,RB-19570,223
US-2016-114776,12/6/2016 0:00,12/7/2016 0:00,First Class,GG-14650,240
CA-2016-155992,10/1/2016 0:00,10/2/2016 0:00,First Class,CC-12220,242
CA-2014-136567,12/20/2014 0:00,12/21/2014 0:00,First Class,PS-19045,246
CA-2014-163293,9/8/2014 0:00,9/11/2014 0:00,First Class,KC-16255,258
CA-2016-160815,9/5/2016 0:00,9/6/2016 0:00,First Class,TR-21325,259
CA-2017-113481,1/2/2017 0:00,1/4/2017 0:00,First Class,AS-10045,223
CA-2016-162901,3/28/2016 0:00,3/31/2016 0:00,First Class,AS-10045,102
CA-2016-145247,5/5/2016 0:00,5/7/2016 0:00,First Class,ND-18370,176
CA-2017-160045,4/26/2017 0:00,4/27/2017 0:00,First Class,LB-16735,7
US-2017-155425,11/10/2017 0:00,11/11/2017 0:00,First Class,AB-10600,116
CA-2017-133249,7/8/2017 0:00,7/11/2017 0:00,First Class,SZ-20035,267
CA-2017-124828,7/3/2017 0:00,7/4/2017 0:00,First Class,YS-21880,180
CA-2016-124485,11/24/2016 0:00,11/26/2016 0:00,First Class,NC-18340,46
US-2014-118486,4/6/2014 0:00,4/8/2014 0:00,First Class,SD-20485,106
CA-2015-126697,9/21/2015 0:00,9/24/2015 0:00,First Class,SV-20815,17
CA-2017-117695,8/5/2017 0:00,8/8/2017 0:00,First Class,PW-19030,127
CA-2017-102337,6/13/2017 0:00,6/16/2017 0:00,First Class,SD-20485,156
US-2014-112564,4/23/2014 0:00,4/24/2014 0:00,First Class,TS-21160,64
US-2015-160150,7/19/2015 0:00,7/20/2015 0:00,First Class,TS-21085,52
CA-2016-133711,11/26/2016 0:00,11/29/2016 0:00,First Class,MC-17425,273
CA-2016-152289,8/26/2016 0:00,8/28/2016 0:00,First Class,LC-16930,90
US-2016-104794,12/16/2016 0:00,12/19/2016 0:00,First Class,KD-16495,30
CA-2017-121468,11/19/2017 0:00,11/20/2017 0:00,First Class,KD-16345,280
CA-2016-141586,10/17/2016 0:00,10/20/2016 0:00,First Class,NK-18490,35
CA-2017-103611,9/12/2017 0:00,9/15/2017 0:00,First Class,JM-15535,2
CA-2014-134278,7/6/2014 0:00,7/8/2014 0:00,First Class,EP-13915,165
CA-2014-130274,5/3/2014 0:00,5/5/2014 0:00,First Class,JS-15940,292
CA-2017-107293,9/5/2017 0:00,9/6/2017 0:00,First Class,CS-12400,61
CA-2015-129112,11/29/2015 0:00,11/30/2015 0:00,First Class,AW-10840,294
US-2014-157385,11/23/2014 0:00,11/25/2014 0:00,First Class,SC-20095,26
CA-2014-101602,12/15/2014 0:00,12/18/2014 0:00,First Class,MC-18100,295
CA-2016-102456,2/27/2016 0:00,3/1/2016 0:00,First Class,DL-12865,165
CA-2015-131338,8/9/2015 0:00,8/12/2015 0:00,First Class,NP-18325,24
CA-2015-118423,3/24/2015 0:00,3/27/2015 0:00,First Class,DP-13390,121
CA-2017-132234,10/16/2017 0:00,10/18/2017 0:00,First Class,MY-17380,165
CA-2015-111829,3/19/2015 0:00,3/20/2015 0:00,First Class,FH-14365,61
CA-2015-105221,11/1/2015 0:00,11/3/2015 0:00,First Class,VM-21685,12
US-2017-132444,11/18/2017 0:00,11/21/2017 0:00,First Class,CD-12280,60
CA-2014-127159,5/12/2014 0:00,5/15/2014 0:00,First Class,HL-15040,202
CA-2016-107615,3/22/2016 0:00,3/25/2016 0:00,First Class,RB-19645,284
CA-2015-150560,12/11/2015 0:00,12/12/2015 0:00,First Class,SW-20455,304
CA-2017-149489,4/24/2017 0:00,4/27/2017 0:00,First Class,DK-12835,106
CA-2017-143798,12/10/2017 0:00,12/12/2017 0:00,First Class,AW-10840,12
CA-2015-127453,12/19/2015 0:00,12/20/2015 0:00,First Class,JK-15370,106
CA-2014-133270,6/6/2014 0:00,6/9/2014 0:00,First Class,BM-11785,145
CA-2017-168837,10/14/2017 0:00,10/17/2017 0:00,First Class,JW-15955,233
CA-2017-116715,12/2/2017 0:00,12/5/2017 0:00,First Class,VW-21775,35
US-2015-107349,7/13/2015 0:00,7/15/2015 0:00,First Class,SL-20155,15
CA-2014-120474,12/1/2014 0:00,12/3/2014 0:00,First Class,RP-19390,8
US-2017-139465,8/27/2017 0:00,8/30/2017 0:00,First Class,MR-17545,24
US-2016-116729,12/25/2016 0:00,12/28/2016 0:00,First Class,GK-14620,14
CA-2016-164938,2/11/2016 0:00,2/13/2016 0:00,First Class,PB-19210,313
CA-2014-141278,6/21/2014 0:00,6/24/2014 0:00,First Class,RM-19375,317
CA-2015-121608,9/3/2015 0:00,9/5/2015 0:00,First Class,JB-15400,320
US-2017-121251,3/26/2017 0:00,3/27/2017 0:00,First Class,GM-14440,30
CA-2017-118857,4/15/2017 0:00,4/18/2017 0:00,First Class,AH-10075,321
CA-2014-140165,5/13/2014 0:00,5/15/2014 0:00,First Class,EH-14005,187
CA-2014-142587,10/21/2014 0:00,10/22/2014 0:00,First Class,TB-21520,324
US-2017-108063,12/2/2017 0:00,12/5/2017 0:00,First Class,AS-10090,327
CA-2017-141789,10/3/2017 0:00,10/6/2017 0:00,First Class,AC-10450,40
CA-2016-151141,8/20/2016 0:00,8/23/2016 0:00,First Class,DW-13480,186
CA-2017-167094,10/21/2017 0:00,10/22/2017 0:00,First Class,DK-12835,331
CA-2017-154410,10/21/2017 0:00,10/24/2017 0:00,First Class,MD-17860,305
CA-2015-157959,2/3/2015 0:00,2/4/2015 0:00,First Class,RW-19540,142
CA-2014-103366,1/15/2014 0:00,1/17/2014 0:00,First Class,EH-13990,237
US-2017-111423,8/17/2017 0:00,8/19/2017 0:00,First Class,EH-13765,291
CA-2017-121538,11/28/2017 0:00,12/1/2017 0:00,First Class,RH-19495,77
CA-2017-144064,8/29/2017 0:00,9/1/2017 0:00,First Class,CP-12085,117
CA-2016-147417,7/25/2016 0:00,7/27/2016 0:00,First Class,CB-12415,48
CA-2014-131905,2/6/2014 0:00,2/9/2014 0:00,First Class,ND-18460,338
CA-2017-165386,8/3/2017 0:00,8/4/2017 0:00,First Class,CM-12190,37
CA-2016-168354,9/19/2016 0:00,9/21/2016 0:00,First Class,RH-19510,260
CA-2015-114237,3/13/2015 0:00,3/15/2015 0:00,First Class,MC-17275,6
CA-2015-142237,7/11/2015 0:00,7/13/2015 0:00,First Class,CK-12595,64
CA-2017-120376,12/22/2017 0:00,12/25/2017 0:00,First Class,TP-21130,84
CA-2017-140676,9/12/2017 0:00,9/15/2017 0:00,First Class,BF-11080,309
CA-2017-155460,4/13/2017 0:00,4/15/2017 0:00,First Class,RW-19630,60
CA-2017-158246,11/9/2017 0:00,11/11/2017 0:00,First Class,JB-15400,355
CA-2014-124646,6/22/2014 0:00,6/24/2014 0:00,First Class,DV-13465,40
CA-2014-152296,8/1/2014 0:00,8/3/2014 0:00,First Class,IL-15100,35
CA-2016-162313,11/27/2016 0:00,11/30/2016 0:00,First Class,VB-21745,368
CA-2017-129378,10/1/2017 0:00,10/2/2017 0:00,First Class,NS-18505,59
CA-2015-169201,9/28/2015 0:00,10/1/2015 0:00,First Class,HG-14965,95
CA-2017-105214,6/16/2017 0:00,6/19/2017 0:00,First Class,TS-21610,35
CA-2017-122994,2/6/2017 0:00,2/9/2017 0:00,First Class,MV-17485,102
CA-2017-142622,10/30/2017 0:00,11/2/2017 0:00,First Class,JK-15625,61
CA-2016-132143,9/3/2016 0:00,9/5/2016 0:00,First Class,FM-14215,265
CA-2016-112676,5/5/2016 0:00,5/8/2016 0:00,First Class,PJ-18835,109
CA-2017-143343,6/10/2017 0:00,6/13/2017 0:00,First Class,BW-11200,4
CA-2017-115154,1/8/2017 0:00,1/11/2017 0:00,First Class,RS-19420,61
CA-2016-115574,12/23/2016 0:00,12/24/2016 0:00,First Class,BP-11185,37
CA-2015-160794,8/6/2015 0:00,8/8/2015 0:00,First Class,MS-17980,17
US-2017-120418,6/11/2017 0:00,6/12/2017 0:00,First Class,BC-11125,346
CA-2015-117828,12/23/2015 0:00,12/26/2015 0:00,First Class,BD-11500,196
CA-2017-138422,9/23/2017 0:00,9/26/2017 0:00,First Class,KN-16705,377
US-2014-143231,12/31/2014 0:00,1/3/2015 0:00,First Class,GM-14455,118
CA-2015-111514,8/31/2015 0:00,9/2/2015 0:00,First Class,SC-20260,35
CA-2017-123659,2/10/2017 0:00,2/13/2017 0:00,First Class,MN-17935,235
US-2017-117534,3/25/2017 0:00,3/26/2017 0:00,First Class,CV-12295,254
CA-2015-145065,12/12/2015 0:00,12/15/2015 0:00,First Class,DK-13375,189
CA-2017-155985,3/23/2017 0:00,3/25/2017 0:00,First Class,BE-11335,35
CA-2015-154746,11/14/2015 0:00,11/17/2015 0:00,First Class,PJ-18835,29
CA-2016-114972,11/3/2016 0:00,11/6/2016 0:00,First Class,PF-19225,4
US-2017-133781,6/22/2017 0:00,6/23/2017 0:00,First Class,DC-12850,329
CA-2017-131618,6/17/2017 0:00,6/20/2017 0:00,First Class,LS-17200,302
CA-2015-102722,4/18/2015 0:00,4/19/2015 0:00,First Class,KW-16570,69
CA-2015-143238,9/6/2015 0:00,9/8/2015 0:00,First Class,LO-17170,394
CA-2017-109589,12/21/2017 0:00,12/24/2017 0:00,First Class,BD-11635,318
CA-2017-127180,10/22/2017 0:00,10/24/2017 0:00,First Class,TA-21385,24
US-2017-165344,11/13/2017 0:00,11/15/2017 0:00,First Class,SB-20290,158
CA-2016-124051,12/29/2016 0:00,12/30/2016 0:00,First Class,KA-16525,174
CA-2017-159604,4/14/2017 0:00,4/15/2017 0:00,First Class,CL-12700,335
CA-2016-164784,5/1/2016 0:00,5/4/2016 0:00,First Class,HF-14995,32
US-2016-128195,8/4/2016 0:00,8/5/2016 0:00,First Class,RA-19285,121
CA-2015-153220,11/12/2015 0:00,11/14/2015 0:00,First Class,YC-21895,4
CA-2014-123064,6/30/2014 0:00,7/2/2014 0:00,First Class,RA-19915,156
CA-2016-161662,2/7/2016 0:00,2/9/2016 0:00,First Class,BE-11410,404
CA-2017-132430,10/9/2017 0:00,10/11/2017 0:00,First Class,CP-12085,347
CA-2017-119193,12/22/2017 0:00,12/24/2017 0:00,First Class,SK-19990,214
CA-2017-122707,4/16/2017 0:00,4/18/2017 0:00,First Class,EB-13750,406
CA-2014-129574,5/26/2014 0:00,5/29/2014 0:00,First Class,Dp-13240,409
CA-2017-126536,10/12/2017 0:00,10/14/2017 0:00,First Class,NK-18490,95
CA-2017-167752,1/15/2017 0:00,1/18/2017 0:00,First Class,RW-19690,64
CA-2017-158967,12/10/2017 0:00,12/12/2017 0:00,First Class,BT-11680,3
CA-2017-167668,5/6/2017 0:00,5/8/2017 0:00,First Class,TC-21295,46
CA-2015-149972,9/21/2015 0:00,9/23/2015 0:00,First Class,CD-12790,2
CA-2014-125514,9/21/2014 0:00,9/22/2014 0:00,First Class,BM-11650,199
CA-2016-153318,10/25/2016 0:00,10/28/2016 0:00,First Class,JS-15595,124
US-2015-110163,11/1/2015 0:00,11/4/2015 0:00,First Class,GA-14725,161
CA-2016-160500,5/5/2016 0:00,5/8/2016 0:00,First Class,DM-13015,236
CA-2017-131016,9/18/2017 0:00,9/20/2017 0:00,First Class,DC-12850,175
CA-2016-124149,4/23/2016 0:00,4/26/2016 0:00,First Class,MJ-17740,404
CA-2016-147368,6/9/2016 0:00,6/12/2016 0:00,First Class,TC-21295,395
CA-2017-138163,11/17/2017 0:00,11/20/2017 0:00,First Class,XP-21865,290
US-2016-128293,6/2/2016 0:00,6/5/2016 0:00,First Class,KC-16255,75
CA-2016-128594,8/26/2016 0:00,8/29/2016 0:00,First Class,DJ-13510,89
US-2017-102638,12/29/2017 0:00,12/31/2017 0:00,First Class,MC-17845,46
CA-2017-102099,12/18/2017 0:00,12/19/2017 0:00,First Class,EP-13915,142
CA-2017-155047,8/27/2017 0:00,8/30/2017 0:00,First Class,SE-20110,78
CA-2014-157721,9/2/2014 0:00,9/5/2014 0:00,First Class,JM-16195,291
CA-2016-166443,11/4/2016 0:00,11/5/2016 0:00,First Class,LH-17020,35
CA-2016-131499,9/8/2016 0:00,9/10/2016 0:00,First Class,MG-17875,165
CA-2017-116519,10/13/2017 0:00,10/15/2017 0:00,First Class,CR-12730,30
CA-2016-124772,12/5/2016 0:00,12/6/2016 0:00,First Class,JG-15160,264
CA-2017-121419,4/2/2017 0:00,4/4/2017 0:00,First Class,TC-21475,113
CA-2015-145184,11/27/2015 0:00,11/29/2015 0:00,First Class,JD-16150,286
CA-2016-125206,1/3/2016 0:00,1/5/2016 0:00,First Class,LR-16915,63
CA-2017-101182,9/4/2017 0:00,9/5/2017 0:00,First Class,KB-16405,431
CA-2015-121720,6/11/2015 0:00,6/12/2015 0:00,First Class,JE-15610,153
CA-2014-136399,12/16/2014 0:00,12/17/2014 0:00,First Class,CC-12100,14
CA-2014-107916,8/24/2014 0:00,8/26/2014 0:00,First Class,JP-15460,188
CA-2015-112557,4/25/2015 0:00,4/28/2015 0:00,First Class,JL-15850,46
CA-2016-120558,6/7/2016 0:00,6/10/2016 0:00,First Class,RD-19810,46
CA-2015-147830,12/15/2015 0:00,12/18/2015 0:00,First Class,NF-18385,56
US-2016-162677,3/26/2016 0:00,3/27/2016 0:00,First Class,DB-13210,223
CA-2016-146682,10/29/2016 0:00,10/31/2016 0:00,First Class,KW-16435,243
CA-2014-123498,11/7/2014 0:00,11/9/2014 0:00,First Class,TC-20980,17
CA-2014-165428,9/1/2014 0:00,9/4/2014 0:00,First Class,JL-15130,67
CA-2017-150189,7/8/2017 0:00,7/10/2017 0:00,First Class,VG-21790,437
CA-2014-108189,10/2/2014 0:00,10/5/2014 0:00,First Class,ES-14080,287
CA-2016-138933,4/24/2016 0:00,4/27/2016 0:00,First Class,JL-15130,216
US-2016-140809,2/1/2016 0:00,2/3/2016 0:00,First Class,CK-12760,102
CA-2017-119389,4/17/2017 0:00,4/19/2017 0:00,First Class,BG-11740,75
CA-2014-151554,11/14/2014 0:00,11/15/2014 0:00,First Class,CM-11815,90
CA-2014-140662,11/17/2014 0:00,11/19/2014 0:00,First Class,TS-21205,10
CA-2015-157770,12/13/2015 0:00,12/15/2015 0:00,First Class,RD-19585,441
CA-2014-138023,8/15/2014 0:00,8/18/2014 0:00,First Class,KH-16510,177
CA-2017-113418,10/1/2017 0:00,10/3/2017 0:00,First Class,CM-12655,46
US-2017-109253,8/21/2017 0:00,8/22/2017 0:00,First Class,PR-18880,233
CA-2017-154732,11/5/2017 0:00,11/7/2017 0:00,First Class,AH-10195,37
CA-2014-115161,1/31/2014 0:00,2/2/2014 0:00,First Class,LC-17050,169
CA-2016-100671,11/1/2016 0:00,11/4/2016 0:00,First Class,CS-12490,444
CA-2017-103156,11/23/2017 0:00,11/24/2017 0:00,First Class,TD-20995,75
US-2017-162208,8/27/2017 0:00,8/30/2017 0:00,First Class,SP-20620,86
CA-2014-105340,11/22/2014 0:00,11/25/2014 0:00,First Class,EH-14185,90
CA-2015-129700,5/4/2015 0:00,5/5/2015 0:00,First Class,LA-16780,445
CA-2017-148264,12/8/2017 0:00,12/9/2017 0:00,First Class,LF-17185,96
US-2015-100531,9/27/2015 0:00,9/29/2015 0:00,First Class,NM-18520,27
CA-2016-158869,8/6/2016 0:00,8/7/2016 0:00,First Class,AH-10690,24
CA-2017-136448,9/16/2017 0:00,9/18/2017 0:00,First Class,AS-10090,106
CA-2016-144911,11/27/2016 0:00,11/30/2016 0:00,First Class,RW-19630,440
CA-2014-124023,4/7/2014 0:00,4/10/2014 0:00,First Class,PJ-19015,273
CA-2014-124688,8/27/2014 0:00,8/29/2014 0:00,First Class,CC-12610,29
CA-2017-140326,9/4/2017 0:00,9/6/2017 0:00,First Class,HW-14935,156
US-2016-113649,8/9/2016 0:00,8/12/2016 0:00,First Class,HA-14920,307
CA-2015-124975,6/22/2015 0:00,6/25/2015 0:00,First Class,MG-17875,174
CA-2016-157511,9/18/2016 0:00,9/20/2016 0:00,First Class,SV-20365,48
CA-2017-155292,10/30/2017 0:00,11/1/2017 0:00,First Class,RD-19810,127
CA-2016-130029,7/3/2016 0:00,7/6/2016 0:00,First Class,GT-14755,14
CA-2017-158729,12/19/2017 0:00,12/21/2017 0:00,First Class,AC-10450,300
CA-2017-112529,11/19/2017 0:00,11/21/2017 0:00,First Class,SC-20770,66
CA-2017-113670,10/15/2017 0:00,10/17/2017 0:00,First Class,RS-19765,63
CA-2017-166198,4/21/2017 0:00,4/24/2017 0:00,First Class,JW-15955,6
CA-2017-127264,4/3/2017 0:00,4/5/2017 0:00,First Class,SA-20830,156
CA-2016-116799,3/3/2016 0:00,3/6/2016 0:00,First Class,JG-15310,457
CA-2015-111325,2/27/2015 0:00,2/28/2015 0:00,First Class,BT-11395,461
CA-2017-121314,9/23/2017 0:00,9/26/2017 0:00,First Class,BE-11410,329
CA-2017-147760,11/4/2017 0:00,11/5/2017 0:00,First Class,KL-16555,308
CA-2014-101931,10/28/2014 0:00,10/31/2014 0:00,First Class,TS-21370,14
CA-2017-161053,9/22/2017 0:00,9/23/2017 0:00,First Class,JE-15745,146
CA-2017-130526,11/26/2017 0:00,11/29/2017 0:00,First Class,GT-14755,229
CA-2014-151001,4/5/2014 0:00,4/7/2014 0:00,First Class,JG-15805,68
CA-2017-157980,12/7/2017 0:00,12/9/2017 0:00,First Class,SH-20395,214
CA-2017-126788,6/5/2017 0:00,6/6/2017 0:00,First Class,AB-10105,436
CA-2016-162082,3/14/2016 0:00,3/17/2016 0:00,First Class,JS-15880,115
CA-2017-134838,2/19/2017 0:00,2/20/2017 0:00,First Class,ED-13885,63
CA-2016-146010,5/20/2016 0:00,5/23/2016 0:00,First Class,EH-14125,98
US-2016-116400,10/22/2016 0:00,10/24/2016 0:00,First Class,EB-13930,196
CA-2017-100811,11/21/2017 0:00,11/24/2017 0:00,First Class,CC-12475,106
CA-2017-130764,10/27/2017 0:00,10/28/2017 0:00,First Class,JO-15145,95
CA-2017-139311,8/11/2017 0:00,8/13/2017 0:00,First Class,SF-20965,472
US-2015-166520,7/16/2015 0:00,7/19/2015 0:00,First Class,KE-16420,46
US-2015-138716,9/17/2015 0:00,9/20/2015 0:00,First Class,CS-11845,60
US-2014-130358,6/23/2014 0:00,6/26/2014 0:00,First Class,DL-13330,5
CA-2016-145303,8/28/2016 0:00,8/31/2016 0:00,First Class,TP-21415,177
US-2015-164308,9/24/2015 0:00,9/27/2015 0:00,First Class,SC-20680,474
CA-2015-165414,12/21/2015 0:00,12/24/2015 0:00,First Class,LS-17245,223
CA-2017-163692,9/7/2017 0:00,9/9/2017 0:00,First Class,Dp-13240,52
CA-2017-166576,5/16/2017 0:00,5/18/2017 0:00,First Class,JM-15865,76
CA-2016-163573,11/24/2016 0:00,11/27/2016 0:00,First Class,AC-10450,60
CA-2017-156769,5/6/2017 0:00,5/9/2017 0:00,First Class,GZ-14470,102
CA-2016-117226,12/30/2016 0:00,1/1/2017 0:00,First Class,KD-16495,477
CA-2017-127313,12/1/2017 0:00,12/4/2017 0:00,First Class,RA-19285,75
US-2017-106131,1/14/2017 0:00,1/16/2017 0:00,First Class,TP-21565,43
CA-2014-157924,10/11/2014 0:00,10/13/2014 0:00,First Class,HA-14920,55
CA-2015-100216,4/13/2015 0:00,4/14/2015 0:00,First Class,HJ-14875,155
CA-2015-154340,11/29/2015 0:00,11/30/2015 0:00,First Class,EK-13795,201
CA-2016-143749,12/5/2016 0:00,12/7/2016 0:00,First Class,AG-10300,118
CA-2016-111493,10/21/2016 0:00,10/22/2016 0:00,First Class,CM-12160,309
CA-2017-149881,4/1/2017 0:00,4/3/2017 0:00,First Class,NC-18535,95
CA-2016-108644,9/30/2016 0:00,10/3/2016 0:00,First Class,SJ-20215,117
CA-2016-113803,3/24/2016 0:00,3/26/2016 0:00,First Class,VG-21805,239
CA-2014-168823,9/21/2014 0:00,9/24/2014 0:00,First Class,MA-17560,106
CA-2017-147144,3/26/2017 0:00,3/28/2017 0:00,First Class,MZ-17335,60
CA-2016-159142,4/4/2016 0:00,4/5/2016 0:00,First Class,ME-17320,29
CA-2017-163160,10/13/2017 0:00,10/16/2017 0:00,First Class,TS-21610,483
CA-2016-124793,3/14/2016 0:00,3/16/2016 0:00,First Class,MM-18280,6
CA-2014-103100,12/20/2014 0:00,12/23/2014 0:00,First Class,AB-10105,305
CA-2016-153346,1/25/2016 0:00,1/27/2016 0:00,First Class,TB-21355,171
CA-2017-105410,3/19/2017 0:00,3/22/2017 0:00,First Class,ND-18370,95
CA-2016-127642,5/21/2016 0:00,5/23/2016 0:00,First Class,CP-12340,123
CA-2017-111556,11/20/2017 0:00,11/22/2017 0:00,First Class,CD-11920,46
CA-2016-114538,12/26/2016 0:00,12/27/2016 0:00,First Class,RC-19825,98
CA-2014-127936,9/2/2014 0:00,9/4/2014 0:00,First Class,CL-12565,30
CA-2014-130624,6/21/2014 0:00,6/24/2014 0:00,First Class,TB-21280,24
CA-2017-159464,5/18/2017 0:00,5/19/2017 0:00,First Class,TB-21355,495
CA-2016-147137,7/4/2016 0:00,7/6/2016 0:00,First Class,AA-10645,10
US-2017-125717,9/28/2017 0:00,10/1/2017 0:00,First Class,DS-13030,43
CA-2016-118969,10/2/2016 0:00,10/3/2016 0:00,First Class,LP-17095,52
CA-2016-145240,9/6/2016 0:00,9/8/2016 0:00,First Class,BG-11740,33
CA-2016-118759,11/14/2016 0:00,11/17/2016 0:00,First Class,MB-17305,30
CA-2017-113474,3/30/2017 0:00,3/31/2017 0:00,First Class,TM-21490,337
US-2017-107636,4/30/2017 0:00,5/2/2017 0:00,First Class,NM-18520,114
CA-2015-130218,3/23/2015 0:00,3/26/2015 0:00,First Class,SG-20470,330
CA-2014-110219,5/5/2014 0:00,5/8/2014 0:00,First Class,EB-13870,66
CA-2016-120250,9/19/2016 0:00,9/22/2016 0:00,First Class,AP-10720,12
CA-2016-121993,6/10/2016 0:00,6/12/2016 0:00,First Class,JB-16000,12
CA-2017-145219,12/24/2017 0:00,12/25/2017 0:00,First Class,RM-19675,14
CA-2017-168228,4/27/2017 0:00,4/29/2017 0:00,First Class,AP-10915,63
CA-2014-138681,12/20/2014 0:00,12/22/2014 0:00,First Class,CT-11995,116
CA-2016-158435,5/17/2016 0:00,5/18/2016 0:00,First Class,AG-10900,506
CA-2017-138149,6/29/2017 0:00,6/30/2017 0:00,First Class,WB-21850,14
CA-2017-121643,5/18/2017 0:00,5/20/2017 0:00,First Class,AB-10105,41
CA-2015-109736,10/10/2015 0:00,10/11/2015 0:00,First Class,DJ-13420,10
CA-2016-123526,12/24/2016 0:00,12/25/2016 0:00,First Class,BV-11245,6
CA-2016-127649,10/7/2016 0:00,10/9/2016 0:00,First Class,DL-13495,322
CA-2017-123701,11/24/2017 0:00,11/27/2017 0:00,First Class,PG-18820,95
CA-2015-123155,3/9/2015 0:00,3/12/2015 0:00,First Class,NS-18640,66
CA-2014-150301,7/8/2014 0:00,7/10/2014 0:00,First Class,MH-18025,251
CA-2015-151589,12/27/2015 0:00,12/30/2015 0:00,First Class,RE-19450,425
CA-2016-111696,5/8/2016 0:00,5/10/2016 0:00,First Class,TB-21625,26
US-2017-136707,12/11/2017 0:00,11/15/2017 0:00,First Class,JE-15610,2
CA-2017-106831,6/1/2017 0:00,6/3/2017 0:00,First Class,FH-14350,83
US-2016-139388,11/7/2016 0:00,11/9/2016 0:00,First Class,CC-12475,101
US-2014-128685,4/4/2014 0:00,4/5/2014 0:00,First Class,MZ-17515,142
US-2016-131891,7/29/2016 0:00,7/31/2016 0:00,First Class,PW-19240,516
US-2014-122021,10/15/2014 0:00,10/16/2014 0:00,First Class,AC-10660,272
CA-2017-126438,9/10/2017 0:00,9/13/2017 0:00,First Class,AR-10345,129
US-2014-138828,9/2/2014 0:00,9/3/2014 0:00,First Class,KD-16345,30
CA-2016-151372,9/5/2016 0:00,9/6/2016 0:00,First Class,JH-15985,415
CA-2014-156587,3/7/2014 0:00,3/8/2014 0:00,First Class,AB-10015,6
US-2016-153815,11/6/2016 0:00,11/9/2016 0:00,First Class,KL-16555,134
CA-2015-165050,12/7/2015 0:00,12/9/2015 0:00,First Class,AH-10210,24
US-2017-139647,5/11/2017 0:00,5/13/2017 0:00,First Class,TS-21370,52
CA-2014-127558,11/15/2014 0:00,11/18/2014 0:00,First Class,SS-20410,142
CA-2015-136469,7/11/2015 0:00,7/12/2015 0:00,First Class,TS-21370,50
CA-2015-162166,9/8/2015 0:00,9/11/2015 0:00,First Class,NM-18520,521
CA-2017-122196,9/22/2017 0:00,9/24/2017 0:00,First Class,CA-12265,50
CA-2017-132738,8/4/2017 0:00,8/7/2017 0:00,First Class,HM-14860,523
CA-2017-132213,4/25/2017 0:00,4/26/2017 0:00,First Class,PN-18775,396
CA-2017-169929,9/25/2017 0:00,9/28/2017 0:00,First Class,LS-17200,525
US-2015-124219,8/7/2015 0:00,8/8/2015 0:00,First Class,KW-16570,526
CA-2015-107741,3/8/2015 0:00,3/10/2015 0:00,First Class,FC-14335,261
CA-2016-148908,11/5/2016 0:00,11/8/2016 0:00,First Class,JH-15985,10
CA-2017-108749,9/12/2017 0:00,9/15/2017 0:00,First Class,DJ-13510,470
CA-2017-163335,9/24/2017 0:00,9/27/2017 0:00,First Class,AG-10675,113
CA-2017-131037,8/22/2017 0:00,8/23/2017 0:00,First Class,TM-21490,95
CA-2016-111143,11/19/2016 0:00,11/22/2016 0:00,First Class,TT-21265,305
CA-2016-149454,7/25/2016 0:00,7/26/2016 0:00,First Class,KM-16375,102
CA-2015-132318,10/30/2015 0:00,11/2/2015 0:00,First Class,TT-21220,221
US-2017-115595,10/9/2017 0:00,10/11/2017 0:00,First Class,XP-21865,4
CA-2014-105165,9/7/2014 0:00,9/10/2014 0:00,First Class,SZ-20035,67
CA-2017-147452,9/30/2017 0:00,10/3/2017 0:00,First Class,CS-11845,6
US-2016-158309,11/26/2016 0:00,11/29/2016 0:00,First Class,PA-19060,230
CA-2017-105991,5/5/2017 0:00,5/6/2017 0:00,First Class,LH-17020,128
CA-2017-151218,6/20/2017 0:00,6/23/2017 0:00,First Class,PJ-19015,124
CA-2016-106656,9/23/2016 0:00,9/26/2016 0:00,First Class,DV-13045,89
US-2014-166310,9/21/2014 0:00,9/23/2014 0:00,First Class,JS-15940,211
CA-2017-131254,11/19/2017 0:00,11/21/2017 0:00,First Class,NC-18415,15
US-2017-162558,10/2/2017 0:00,10/5/2017 0:00,First Class,Dp-13240,366
US-2016-101616,9/3/2016 0:00,9/6/2016 0:00,First Class,CY-12745,69
CA-2017-100951,6/9/2017 0:00,6/10/2017 0:00,First Class,NC-18625,163
CA-2017-147403,9/10/2017 0:00,9/13/2017 0:00,First Class,KH-16630,76
CA-2014-125542,12/5/2014 0:00,12/7/2014 0:00,First Class,NB-18655,64
CA-2017-132262,9/21/2017 0:00,9/23/2017 0:00,First Class,ML-18265,6
CA-2016-153157,9/11/2016 0:00,9/14/2016 0:00,First Class,TB-21625,478
CA-2015-110877,10/23/2015 0:00,10/26/2015 0:00,First Class,JE-15715,17
CA-2016-153598,12/3/2016 0:00,12/6/2016 0:00,First Class,NM-18520,63
CA-2016-113096,9/2/2016 0:00,9/4/2016 0:00,First Class,SZ-20035,35
CA-2014-136861,9/5/2014 0:00,9/7/2014 0:00,First Class,PR-18880,105
CA-2014-103317,7/5/2014 0:00,7/8/2014 0:00,First Class,DM-13525,184
CA-2014-146591,1/19/2014 0:00,1/20/2014 0:00,First Class,TS-21340,58
CA-2014-132451,9/26/2014 0:00,9/27/2014 0:00,First Class,KF-16285,189
CA-2017-169691,6/15/2017 0:00,6/18/2017 0:00,First Class,Dp-13240,433
CA-2017-164098,1/26/2017 0:00,1/27/2017 0:00,First Class,CG-12520,33
CA-2015-103177,5/30/2015 0:00,6/1/2015 0:00,First Class,EN-13780,30
CA-2016-110982,6/5/2016 0:00,6/7/2016 0:00,First Class,CK-12205,87
CA-2016-147123,12/10/2016 0:00,12/12/2016 0:00,First Class,SJ-20125,107
CA-2015-142055,5/8/2015 0:00,5/10/2015 0:00,First Class,AB-10255,30
US-2016-167472,6/6/2016 0:00,6/7/2016 0:00,First Class,CK-12595,367
CA-2017-151008,9/7/2017 0:00,9/8/2017 0:00,First Class,JM-16195,541
CA-2014-159800,11/28/2014 0:00,12/1/2014 0:00,First Class,SG-20470,10
CA-2015-149993,3/19/2015 0:00,3/20/2015 0:00,First Class,GA-14725,195
CA-2015-145828,10/5/2015 0:00,10/7/2015 0:00,First Class,MB-17305,94
CA-2015-101154,9/18/2015 0:00,9/21/2015 0:00,First Class,CM-12190,189
CA-2015-134943,12/5/2015 0:00,12/6/2015 0:00,First Class,SU-20665,542
CA-2017-106355,4/2/2017 0:00,4/5/2017 0:00,First Class,AT-10435,317
CA-2017-120719,3/23/2017 0:00,3/26/2017 0:00,First Class,SJ-20125,60
CA-2016-145261,12/18/2016 0:00,12/21/2016 0:00,First Class,AH-10120,161
CA-2016-125661,11/24/2016 0:00,11/26/2016 0:00,First Class,CA-12055,178
CA-2015-138674,11/14/2015 0:00,11/17/2015 0:00,First Class,KB-16585,331
CA-2015-103933,9/25/2015 0:00,9/27/2015 0:00,First Class,DR-12880,165
CA-2017-143574,6/29/2017 0:00,7/2/2017 0:00,First Class,DR-12880,546
US-2017-147886,3/28/2017 0:00,3/31/2017 0:00,First Class,DH-13075,262
CA-2015-149300,11/22/2015 0:00,11/23/2015 0:00,First Class,BH-11710,187
CA-2017-158169,8/12/2017 0:00,8/15/2017 0:00,First Class,JM-16195,548
CA-2015-162047,11/3/2015 0:00,11/5/2015 0:00,First Class,FH-14365,256
CA-2017-140186,9/29/2017 0:00,10/2/2017 0:00,First Class,PG-18820,411
CA-2014-123225,7/11/2014 0:00,7/14/2014 0:00,First Class,MN-17935,295
CA-2015-163440,3/22/2015 0:00,3/24/2015 0:00,First Class,RD-19900,381
CA-2015-150196,7/2/2015 0:00,7/3/2015 0:00,First Class,SR-20740,24
US-2015-106495,6/15/2015 0:00,6/17/2015 0:00,First Class,AC-10450,86
CA-2015-130554,4/7/2015 0:00,4/9/2015 0:00,First Class,FM-14290,12
CA-2017-151596,10/8/2017 0:00,10/11/2017 0:00,First Class,BP-11050,482
CA-2016-166625,4/14/2016 0:00,4/17/2016 0:00,First Class,JM-15580,309
US-2017-169551,7/7/2017 0:00,7/9/2017 0:00,First Class,RL-19615,75
US-2014-105151,3/30/2014 0:00,3/31/2014 0:00,First Class,SG-20890,30
CA-2016-166912,1/15/2016 0:00,1/17/2016 0:00,First Class,BE-11335,30
CA-2014-141726,7/20/2014 0:00,7/22/2014 0:00,First Class,CC-12145,189
CA-2017-116953,4/24/2017 0:00,4/25/2017 0:00,First Class,SV-20935,155
CA-2017-129028,4/1/2017 0:00,4/3/2017 0:00,First Class,GB-14530,330
CA-2016-159016,3/10/2016 0:00,3/11/2016 0:00,First Class,KF-16285,142
US-2017-128832,4/24/2017 0:00,4/27/2017 0:00,First Class,LS-16945,260
CA-2016-157364,11/19/2016 0:00,11/21/2016 0:00,First Class,LT-17110,223
US-2016-112970,11/14/2016 0:00,11/15/2016 0:00,First Class,TB-21250,14
CA-2017-104010,4/23/2017 0:00,4/25/2017 0:00,First Class,TD-20995,165
CA-2016-152765,6/15/2016 0:00,6/18/2016 0:00,First Class,LS-17245,67
CA-2016-113551,8/18/2016 0:00,8/20/2016 0:00,First Class,NF-18385,466
CA-2015-119942,4/5/2015 0:00,4/7/2015 0:00,First Class,TT-21070,75
CA-2017-154676,8/5/2017 0:00,8/8/2017 0:00,First Class,NZ-18565,33
US-2017-132381,8/22/2017 0:00,8/24/2017 0:00,First Class,Dp-13240,106
US-2014-158400,10/25/2014 0:00,10/28/2014 0:00,First Class,AH-10030,10
CA-2016-148096,8/16/2016 0:00,8/19/2016 0:00,First Class,AO-10810,63
US-2015-113593,4/18/2015 0:00,4/20/2015 0:00,First Class,NC-18415,561
CA-2017-101322,12/28/2017 0:00,12/31/2017 0:00,First Class,JG-15310,107
US-2016-106600,4/8/2016 0:00,4/11/2016 0:00,First Class,RM-19375,113
CA-2017-151484,4/20/2017 0:00,4/23/2017 0:00,First Class,CV-12805,75
CA-2014-103989,3/19/2014 0:00,3/21/2014 0:00,First Class,MC-17605,153
CA-2016-143609,12/11/2016 0:00,12/13/2016 0:00,First Class,DB-13270,41
CA-2015-138954,11/15/2015 0:00,11/17/2015 0:00,First Class,MH-17785,46
CA-2017-145660,12/1/2017 0:00,12/3/2017 0:00,First Class,MG-17650,369
CA-2014-101147,12/2/2014 0:00,12/4/2014 0:00,First Class,MC-17575,37
CA-2016-132479,9/24/2016 0:00,9/26/2016 0:00,First Class,MK-17905,229
CA-2017-149706,12/11/2017 0:00,12/12/2017 0:00,First Class,AS-10285,567
CA-2017-143756,12/2/2017 0:00,12/5/2017 0:00,First Class,ME-17725,271
CA-2014-141152,9/16/2014 0:00,9/19/2014 0:00,First Class,RF-19345,24
CA-2017-107314,11/30/2017 0:00,12/3/2017 0:00,First Class,MZ-17335,10
US-2017-105830,12/31/2016 0:00,1/2/2017 0:00,First Class,DB-13660,404
CA-2015-146255,3/7/2015 0:00,3/10/2015 0:00,First Class,EM-14140,286
CA-2017-144848,4/4/2017 0:00,4/5/2017 0:00,First Class,DS-13030,30
CA-2016-163216,10/7/2016 0:00,10/10/2016 0:00,First Class,AW-10930,106
US-2017-104661,1/15/2017 0:00,1/18/2017 0:00,First Class,TB-21250,111
CA-2017-125472,5/30/2017 0:00,5/31/2017 0:00,First Class,BD-11725,300
CA-2017-161774,5/14/2017 0:00,5/15/2017 0:00,First Class,GT-14710,17
CA-2015-149650,10/24/2015 0:00,10/27/2015 0:00,First Class,RD-19660,233
US-2017-116897,5/27/2017 0:00,5/29/2017 0:00,First Class,JG-15160,544
CA-2014-166891,10/4/2014 0:00,10/6/2014 0:00,First Class,CC-12220,24
CA-2017-161102,7/31/2017 0:00,8/3/2017 0:00,First Class,EC-14050,95
US-2017-133361,5/14/2017 0:00,5/17/2017 0:00,First Class,AJ-10780,309
CA-2014-149524,1/14/2014 0:00,1/15/2014 0:00,First Class,BS-11590,12
CA-2014-169684,10/20/2014 0:00,10/23/2014 0:00,First Class,FH-14365,366
US-2017-107888,11/16/2017 0:00,11/19/2017 0:00,First Class,CC-12220,6
US-2015-164966,7/30/2015 0:00,8/1/2015 0:00,First Class,GH-14410,88
CA-2017-144680,3/31/2017 0:00,4/2/2017 0:00,First Class,SC-20260,175
CA-2014-164749,3/23/2014 0:00,3/26/2014 0:00,First Class,BG-11740,573
CA-2017-157112,4/23/2017 0:00,4/26/2017 0:00,First Class,GG-14650,48
CA-2017-146346,6/17/2017 0:00,6/20/2017 0:00,First Class,RA-19945,574
CA-2016-168921,10/20/2016 0:00,10/22/2016 0:00,First Class,AG-10495,14
CA-2016-123512,6/17/2016 0:00,6/19/2016 0:00,First Class,MV-18190,63
CA-2014-130449,9/6/2014 0:00,9/9/2014 0:00,First Class,VP-21760,10
US-2017-124779,9/8/2017 0:00,9/11/2017 0:00,First Class,BF-11020,175
CA-2017-154466,1/1/2017 0:00,1/2/2017 0:00,First Class,DP-13390,57
CA-2016-149503,12/9/2016 0:00,12/12/2016 0:00,First Class,SP-20650,353
CA-2016-130442,12/16/2016 0:00,12/19/2016 0:00,First Class,SF-20065,578
CA-2015-156734,6/18/2015 0:00,6/20/2015 0:00,First Class,BV-11245,298
CA-2014-120096,7/4/2014 0:00,7/7/2014 0:00,First Class,KE-16420,43
CA-2017-159156,11/13/2017 0:00,11/16/2017 0:00,First Class,KB-16600,30
CA-2016-124527,11/16/2016 0:00,11/17/2016 0:00,First Class,IM-15055,53
CA-2014-141005,8/15/2014 0:00,8/18/2014 0:00,First Class,CS-12355,70
CA-2014-152233,10/5/2014 0:00,10/6/2014 0:00,First Class,KH-16510,283
CA-2014-125682,11/22/2014 0:00,11/25/2014 0:00,First Class,RB-19645,149
CA-2017-156237,9/14/2017 0:00,9/15/2017 0:00,First Class,PS-18760,12
CA-2015-166338,12/6/2015 0:00,12/7/2015 0:00,First Class,MP-18175,413
US-2016-163461,6/18/2016 0:00,6/21/2016 0:00,First Class,BT-11440,529
CA-2015-162544,12/16/2015 0:00,12/19/2015 0:00,First Class,SG-20080,60
CA-2016-129847,9/2/2016 0:00,9/4/2016 0:00,First Class,TA-21385,156
CA-2015-129917,10/2/2015 0:00,10/3/2015 0:00,First Class,HM-14980,142
US-2016-119298,11/25/2016 0:00,11/28/2016 0:00,First Class,EP-13915,238
CA-2014-146990,11/7/2014 0:00,11/8/2014 0:00,First Class,BP-11095,24
CA-2017-165099,12/11/2017 0:00,12/13/2017 0:00,First Class,DK-13375,584
CA-2017-123687,5/26/2017 0:00,5/29/2017 0:00,First Class,KC-16675,176
CA-2016-119515,8/14/2016 0:00,8/16/2016 0:00,First Class,TR-21325,396
CA-2014-106726,12/6/2014 0:00,12/8/2014 0:00,First Class,RS-19765,142
CA-2017-112004,9/25/2017 0:00,9/28/2017 0:00,First Class,AH-10075,182
CA-2016-101980,8/19/2016 0:00,8/20/2016 0:00,First Class,RP-19390,30
CA-2014-117478,9/21/2014 0:00,9/24/2014 0:00,First Class,LH-16750,12
US-2016-102239,5/5/2016 0:00,5/6/2016 0:00,First Class,LW-16990,321
CA-2016-158610,9/19/2016 0:00,9/22/2016 0:00,First Class,CK-12595,260
CA-2014-106054,1/6/2014 0:00,1/7/2014 0:00,First Class,JO-15145,507
CA-2017-128853,4/21/2017 0:00,4/23/2017 0:00,First Class,JM-15250,309
CA-2016-164399,11/12/2016 0:00,11/15/2016 0:00,First Class,DW-13480,143
CA-2016-110492,2/12/2016 0:00,2/14/2016 0:00,First Class,JS-15880,149
CA-2016-143476,9/11/2016 0:00,9/13/2016 0:00,First Class,LC-16930,52
CA-2015-150770,5/3/2015 0:00,5/6/2015 0:00,First Class,LC-16870,10
CA-2014-157546,7/20/2014 0:00,7/22/2014 0:00,First Class,RD-19720,35
CA-2017-153843,3/13/2017 0:00,3/15/2017 0:00,First Class,SC-20380,70
CA-2014-138737,12/7/2014 0:00,12/10/2014 0:00,First Class,FP-14320,14
US-2017-151127,5/22/2017 0:00,5/25/2017 0:00,First Class,RL-19615,14
CA-2016-157217,7/19/2016 0:00,7/21/2016 0:00,First Class,TC-21535,95
CA-2016-153661,1/30/2016 0:00,1/31/2016 0:00,First Class,SC-20725,35
CA-2014-111899,5/4/2014 0:00,5/5/2014 0:00,First Class,NC-18340,67
CA-2014-163468,11/18/2014 0:00,11/21/2014 0:00,First Class,JK-15730,562
US-2017-126053,12/5/2017 0:00,12/8/2017 0:00,First Class,CS-11950,24
CA-2016-149349,11/12/2016 0:00,11/13/2016 0:00,First Class,SP-20650,37
CA-2017-165155,9/21/2017 0:00,9/23/2017 0:00,First Class,BM-11575,63
CA-2015-159590,7/18/2015 0:00,7/21/2015 0:00,First Class,KC-16255,30
CA-2016-163594,4/12/2016 0:00,4/14/2016 0:00,First Class,JF-15295,2
CA-2017-161851,4/15/2017 0:00,4/17/2017 0:00,First Class,BP-11095,124
US-2017-145597,11/2/2017 0:00,11/5/2017 0:00,First Class,GG-14650,51
CA-2017-152079,1/20/2017 0:00,1/21/2017 0:00,First Class,ML-17410,156
CA-2014-103058,7/23/2014 0:00,7/24/2014 0:00,First Class,AG-10270,165
CA-2015-120446,11/16/2015 0:00,11/18/2015 0:00,First Class,JG-15805,189
CA-2014-109932,12/9/2014 0:00,12/11/2014 0:00,First Class,VP-21760,231
CA-2017-115448,11/11/2017 0:00,11/14/2017 0:00,First Class,MH-18025,366
CA-2015-137974,4/16/2015 0:00,4/18/2015 0:00,First Class,LL-16840,181
CA-2016-139997,7/1/2016 0:00,7/3/2016 0:00,First Class,EM-14140,519
CA-2016-107146,6/17/2016 0:00,6/19/2016 0:00,First Class,LC-16885,594
CA-2016-136595,9/5/2016 0:00,9/7/2016 0:00,First Class,EM-13825,67
CA-2016-105746,12/30/2016 0:00,1/1/2017 0:00,First Class,BD-11605,208
CA-2017-157672,10/5/2017 0:00,10/7/2017 0:00,First Class,RB-19795,77
CA-2017-140802,4/21/2017 0:00,4/23/2017 0:00,First Class,KN-16390,33
CA-2016-138597,12/18/2016 0:00,12/21/2016 0:00,First Class,PN-18775,199
CA-2015-169656,8/13/2015 0:00,8/16/2015 0:00,First Class,EJ-13720,106
CA-2017-121195,12/24/2017 0:00,12/27/2017 0:00,First Class,NS-18505,78
CA-2014-133354,2/22/2014 0:00,2/24/2014 0:00,First Class,SA-20830,521
US-2015-130491,2/8/2015 0:00,2/11/2015 0:00,First Class,BH-11710,592
CA-2017-151225,10/27/2017 0:00,10/29/2017 0:00,First Class,JM-15655,4
CA-2014-162089,3/30/2014 0:00,4/1/2014 0:00,First Class,MP-17470,231
US-2016-157490,10/6/2016 0:00,10/7/2016 0:00,First Class,LB-16795,261
CA-2016-138968,3/15/2016 0:00,3/16/2016 0:00,First Class,FC-14335,95
CA-2017-110821,8/7/2017 0:00,8/8/2017 0:00,First Class,CK-12205,177
CA-2017-155740,7/30/2017 0:00,8/2/2017 0:00,First Class,TC-21475,347
US-2017-141509,9/29/2017 0:00,10/1/2017 0:00,First Class,SC-20575,2
CA-2015-120782,4/28/2015 0:00,5/1/2015 0:00,First Class,SD-20485,375
US-2017-128951,7/15/2017 0:00,7/17/2017 0:00,First Class,RS-19420,304
CA-2017-107958,7/2/2017 0:00,7/5/2017 0:00,First Class,AH-10120,67
CA-2014-150203,12/5/2014 0:00,12/7/2014 0:00,First Class,JB-15925,4
CA-2017-140508,9/18/2017 0:00,9/21/2017 0:00,First Class,PA-19060,78
CA-2017-108287,12/18/2017 0:00,12/20/2017 0:00,First Class,AG-10330,44
CA-2015-158323,11/30/2015 0:00,12/3/2015 0:00,First Class,AB-10600,223
CA-2017-123071,12/3/2017 0:00,12/6/2017 0:00,First Class,CC-12550,303
CA-2017-156391,9/26/2017 0:00,9/28/2017 0:00,First Class,SL-20155,161
CA-2015-169299,8/24/2015 0:00,8/26/2015 0:00,First Class,DO-13435,41
CA-2016-152800,4/13/2016 0:00,4/15/2016 0:00,First Class,SP-20920,10
US-2016-117037,5/17/2016 0:00,5/20/2016 0:00,First Class,LW-17215,156
CA-2017-169362,10/12/2017 0:00,10/15/2017 0:00,First Class,SP-20860,163
CA-2017-166184,3/24/2017 0:00,3/27/2017 0:00,First Class,HR-14830,46
CA-2016-134334,2/14/2016 0:00,2/15/2016 0:00,First Class,DK-13090,235
US-2017-109316,6/8/2017 0:00,6/10/2017 0:00,First Class,MG-17680,14
CA-2014-103429,5/30/2014 0:00,6/1/2014 0:00,First Class,LW-16825,24
CA-2016-112585,7/30/2016 0:00,8/2/2016 0:00,First Class,RW-19630,35
US-2017-105697,8/25/2017 0:00,8/27/2017 0:00,First Class,JE-15715,178
CA-2016-125843,8/13/2016 0:00,8/16/2016 0:00,First Class,RF-19840,29
CA-2017-167549,7/25/2017 0:00,7/27/2017 0:00,First Class,EM-14200,163
CA-2016-146325,12/14/2016 0:00,12/17/2016 0:00,First Class,DS-13180,89
CA-2016-157707,10/10/2016 0:00,10/12/2016 0:00,First Class,CC-12610,77
CA-2014-113383,9/10/2014 0:00,9/13/2014 0:00,First Class,SF-20065,598
CA-2016-151498,4/21/2016 0:00,4/24/2016 0:00,First Class,DN-13690,61
CA-2016-133872,6/14/2016 0:00,6/17/2016 0:00,First Class,VM-21835,220
US-2017-105998,11/3/2017 0:00,11/5/2017 0:00,First Class,CR-12580,89
US-2014-148194,5/4/2014 0:00,5/7/2014 0:00,First Class,BS-11365,60
CA-2015-110870,12/12/2015 0:00,12/15/2015 0:00,First Class,KD-16270,4
CA-2014-143210,12/1/2014 0:00,12/3/2014 0:00,First Class,AA-10645,112
US-2015-136427,6/20/2015 0:00,6/23/2015 0:00,First Class,JM-16195,43
US-2014-131870,9/9/2014 0:00,9/11/2014 0:00,First Class,NF-18595,404
CA-2017-167227,11/2/2017 0:00,11/5/2017 0:00,First Class,NP-18670,359
CA-2015-119690,6/25/2015 0:00,6/28/2015 0:00,First Class,MV-17485,17
CA-2015-153738,9/20/2015 0:00,9/22/2015 0:00,First Class,AG-10270,129
CA-2016-132997,11/7/2016 0:00,11/9/2016 0:00,First Class,LW-17215,145
US-2015-117492,8/7/2015 0:00,8/9/2015 0:00,First Class,NS-18640,309
CA-2016-169663,3/10/2016 0:00,3/13/2016 0:00,First Class,RH-19510,63
CA-2017-159149,2/17/2017 0:00,2/19/2017 0:00,First Class,CR-12820,17
CA-2014-127866,7/20/2014 0:00,7/23/2014 0:00,First Class,JD-15895,216
CA-2014-167997,1/26/2014 0:00,1/29/2014 0:00,First Class,CA-11965,601
CA-2017-140151,3/23/2017 0:00,3/25/2017 0:00,First Class,RB-19360,61
CA-2016-135965,9/22/2016 0:00,9/25/2016 0:00,First Class,SZ-20035,46
CA-2017-149699,12/22/2017 0:00,12/24/2017 0:00,First Class,CM-12115,142
CA-2015-141327,11/30/2015 0:00,12/3/2015 0:00,First Class,LR-16915,36
CA-2017-134810,5/9/2017 0:00,5/10/2017 0:00,First Class,MC-17605,223
CA-2015-142937,12/5/2015 0:00,12/6/2015 0:00,First Class,SF-20065,78
CA-2017-144456,9/8/2017 0:00,9/9/2017 0:00,First Class,FC-14245,187
CA-2016-153269,3/9/2016 0:00,3/12/2016 0:00,First Class,PS-18760,602
CA-2017-141481,6/11/2017 0:00,6/14/2017 0:00,First Class,ZD-21925,2
CA-2017-157273,1/30/2017 0:00,2/2/2017 0:00,First Class,SZ-20035,60
CA-2014-165393,12/27/2014 0:00,12/30/2014 0:00,First Class,NC-18415,7
CA-2016-152940,11/10/2016 0:00,11/13/2016 0:00,First Class,RO-19780,95
CA-2016-145135,11/26/2016 0:00,11/28/2016 0:00,First Class,CD-12790,604
CA-2016-102596,12/27/2016 0:00,12/30/2016 0:00,First Class,RD-19810,76
CA-2017-153227,12/4/2017 0:00,12/6/2017 0:00,First Class,CS-12250,4
US-2014-120236,9/3/2014 0:00,9/4/2014 0:00,First Class,MR-17545,15
CA-2017-118199,5/9/2017 0:00,5/11/2017 0:00,First Class,LB-16795,60
CA-2016-137652,8/28/2016 0:00,8/30/2016 0:00,First Class,EB-13750,94
CA-2017-167017,11/23/2017 0:00,11/25/2017 0:00,First Class,DC-12850,528
CA-2017-125451,10/23/2017 0:00,10/24/2017 0:00,First Class,AH-10075,482
CA-2014-131387,4/28/2014 0:00,4/30/2014 0:00,First Class,AI-10855,35
CA-2015-135853,12/11/2015 0:00,12/14/2015 0:00,First Class,CA-12775,186
CA-2015-157287,12/22/2015 0:00,12/23/2015 0:00,First Class,HR-14830,12
CA-2015-126186,9/11/2015 0:00,9/12/2015 0:00,First Class,GB-14530,43
CA-2016-102092,12/9/2016 0:00,12/11/2016 0:00,First Class,PM-18940,29
CA-2016-134110,11/17/2016 0:00,11/18/2016 0:00,First Class,BG-11035,486
US-2016-136581,11/10/2016 0:00,11/12/2016 0:00,First Class,SV-20365,413
CA-2015-164623,10/20/2015 0:00,10/22/2015 0:00,First Class,MS-17770,46
CA-2017-106747,7/3/2017 0:00,7/4/2017 0:00,First Class,TS-21505,209
CA-2017-145338,1/29/2017 0:00,2/1/2017 0:00,First Class,BD-11770,75
CA-2017-126676,9/29/2017 0:00,10/1/2017 0:00,First Class,FH-14365,420
CA-2017-101700,4/23/2017 0:00,4/26/2017 0:00,First Class,SO-20335,609
CA-2014-111934,5/5/2014 0:00,5/7/2014 0:00,First Class,GD-14590,102
CA-2016-107783,7/28/2016 0:00,7/29/2016 0:00,First Class,OT-18730,530
CA-2014-160094,4/30/2014 0:00,5/2/2014 0:00,First Class,JM-16195,176
CA-2017-118346,7/23/2017 0:00,7/24/2017 0:00,First Class,PO-19180,310
US-2015-131842,12/5/2015 0:00,12/8/2015 0:00,First Class,RR-19525,396
CA-2016-118500,11/17/2016 0:00,11/18/2016 0:00,First Class,HJ-14875,35
CA-2016-163951,12/30/2016 0:00,1/2/2017 0:00,First Class,CJ-11875,12
CA-2017-141705,10/24/2017 0:00,10/26/2017 0:00,First Class,PO-18850,610
CA-2016-111318,7/23/2016 0:00,7/26/2016 0:00,First Class,IL-15100,17
CA-2014-119144,11/16/2014 0:00,11/18/2014 0:00,First Class,JD-16150,142
US-2017-131961,12/8/2017 0:00,12/11/2017 0:00,First Class,MJ-17740,12
CA-2016-102498,7/24/2016 0:00,7/25/2016 0:00,First Class,JG-15160,300
US-2015-144771,10/2/2015 0:00,10/4/2015 0:00,First Class,CK-12205,589
US-2015-163825,6/16/2015 0:00,6/19/2015 0:00,First Class,LC-16885,30
CA-2017-152198,9/9/2017 0:00,9/10/2017 0:00,First Class,JD-16015,214
CA-2017-115882,9/14/2017 0:00,9/17/2017 0:00,First Class,DB-13555,315
CA-2016-102813,7/2/2016 0:00,7/3/2016 0:00,First Class,EA-14035,144
CA-2015-133585,3/1/2015 0:00,3/4/2015 0:00,First Class,CM-12715,33
CA-2014-162992,12/19/2014 0:00,12/21/2014 0:00,First Class,BP-11095,142
CA-2014-116666,5/8/2014 0:00,5/10/2014 0:00,First Class,KT-16480,64
CA-2016-140935,11/10/2016 0:00,11/12/2016 0:00,First Class,AB-10015,337
CA-2014-157644,12/31/2014 0:00,1/1/2015 0:00,First Class,AH-10030,46
CA-2015-115399,12/19/2015 0:00,12/22/2015 0:00,First Class,AG-10900,64
CA-2014-109680,10/6/2014 0:00,10/9/2014 0:00,First Class,VP-21760,305
CA-2015-140718,7/2/2015 0:00,7/4/2015 0:00,First Class,FA-14230,315
US-2015-115343,9/22/2015 0:00,9/25/2015 0:00,First Class,FO-14305,106
CA-2014-120411,9/20/2014 0:00,9/23/2014 0:00,First Class,SB-20185,156
US-2015-107944,3/23/2015 0:00,3/25/2015 0:00,First Class,AM-10360,142
CA-2016-162159,9/16/2016 0:00,9/18/2016 0:00,First Class,CR-12625,113
CA-2016-139934,12/18/2016 0:00,12/20/2016 0:00,First Class,AY-10555,95
CA-2016-159023,11/3/2016 0:00,11/5/2016 0:00,First Class,NW-18400,41
CA-2014-154592,12/7/2014 0:00,12/8/2014 0:00,First Class,EH-14005,10
CA-2014-132913,12/24/2014 0:00,12/26/2014 0:00,First Class,AS-10090,89
CA-2017-105620,12/25/2017 0:00,12/28/2017 0:00,First Class,JH-15430,187
CA-2016-157280,11/5/2016 0:00,11/7/2016 0:00,First Class,LW-17125,221
CA-2014-166730,12/30/2014 0:00,1/1/2015 0:00,First Class,DD-13570,32
US-2014-149034,11/19/2014 0:00,11/21/2014 0:00,First Class,RD-19900,75
CA-2017-156622,11/23/2017 0:00,11/26/2017 0:00,First Class,JP-15460,78
CA-2014-109043,8/15/2014 0:00,8/17/2014 0:00,First Class,CS-12355,476
US-2017-116491,11/11/2017 0:00,11/13/2017 0:00,First Class,PG-18820,177
CA-2015-137071,12/20/2015 0:00,12/21/2015 0:00,First Class,ED-13885,67
CA-2016-121447,2/21/2016 0:00,2/22/2016 0:00,First Class,EA-14035,165
US-2016-141880,8/22/2016 0:00,8/23/2016 0:00,First Class,TC-21475,377
CA-2015-165799,6/29/2015 0:00,7/2/2015 0:00,First Class,SG-20470,24
CA-2015-166492,4/7/2015 0:00,4/10/2015 0:00,First Class,RP-19390,46
CA-2015-160227,11/2/2015 0:00,11/4/2015 0:00,First Class,ED-13885,165
CA-2015-136420,11/20/2015 0:00,11/21/2015 0:00,First Class,CS-12250,143
CA-2017-147550,12/4/2017 0:00,12/5/2017 0:00,First Class,KE-16420,64
US-2015-136259,11/5/2015 0:00,11/8/2015 0:00,First Class,CB-12415,347
CA-2015-104038,2/6/2015 0:00,2/8/2015 0:00,First Class,LO-17170,304
US-2017-148831,10/13/2017 0:00,10/15/2017 0:00,First Class,AH-10210,176
CA-2015-132941,5/25/2015 0:00,5/28/2015 0:00,First Class,MM-18280,399
CA-2014-132010,10/13/2014 0:00,10/15/2014 0:00,First Class,MA-17995,196
US-2017-147655,9/4/2017 0:00,9/5/2017 0:00,First Class,AS-10045,314
CA-2016-139409,9/5/2016 0:00,9/7/2016 0:00,First Class,FW-14395,165
CA-2016-152688,10/17/2016 0:00,10/20/2016 0:00,First Class,NR-18550,348
US-2017-120908,9/30/2017 0:00,10/2/2017 0:00,First Class,BF-10975,75
US-2017-118157,11/14/2017 0:00,11/17/2017 0:00,First Class,AW-10930,40
CA-2017-103212,10/13/2017 0:00,10/14/2017 0:00,First Class,MH-18025,300
CA-2017-133718,7/23/2017 0:00,7/26/2017 0:00,First Class,TB-21520,63
CA-2017-138156,2/11/2017 0:00,2/14/2017 0:00,First Class,MM-17260,48
CA-2014-125759,2/8/2014 0:00,2/9/2014 0:00,First Class,NM-18445,284
CA-2015-102778,11/21/2015 0:00,11/24/2015 0:00,First Class,JH-15820,234
US-2017-165456,11/30/2017 0:00,12/3/2017 0:00,First Class,TB-21625,64
CA-2014-163650,9/23/2014 0:00,9/25/2014 0:00,First Class,TT-21220,22
US-2017-130687,9/7/2017 0:00,9/10/2017 0:00,First Class,PF-19225,200
CA-2015-164497,11/28/2015 0:00,11/30/2015 0:00,First Class,AJ-10945,95
CA-2017-110198,5/1/2017 0:00,5/2/2017 0:00,First Class,AG-10900,250
CA-2017-109085,2/17/2017 0:00,2/20/2017 0:00,First Class,CK-12325,413
CA-2017-148411,9/24/2017 0:00,9/26/2017 0:00,First Class,RO-19780,37
US-2014-166828,8/22/2014 0:00,8/25/2014 0:00,First Class,JF-15415,586
CA-2016-154998,4/7/2016 0:00,4/9/2016 0:00,First Class,ES-14080,101
CA-2015-111339,5/29/2015 0:00,5/31/2015 0:00,First Class,VP-21760,48
CA-2017-162474,3/13/2017 0:00,3/16/2017 0:00,First Class,FH-14275,174
CA-2014-125997,9/20/2014 0:00,9/23/2014 0:00,First Class,MW-18220,165
CA-2014-152618,3/14/2014 0:00,3/17/2014 0:00,First Class,RB-19465,156
US-2017-110149,12/10/2017 0:00,12/13/2017 0:00,First Class,WB-21850,106
CA-2015-164777,1/27/2015 0:00,1/29/2015 0:00,First Class,SC-20305,2
CA-2016-132017,9/26/2016 0:00,9/27/2016 0:00,First Class,MH-17620,17
CA-2015-104052,3/1/2015 0:00,3/2/2015 0:00,First Class,TP-21565,282
CA-2014-156545,2/27/2014 0:00,3/3/2014 0:00,First Class,JS-16030,48
US-2017-125213,12/11/2017 0:00,12/13/2017 0:00,First Class,NB-18655,336
CA-2015-156566,10/1/2015 0:00,10/4/2015 0:00,First Class,EM-13960,41
CA-2017-118213,11/5/2017 0:00,11/7/2017 0:00,First Class,AB-10060,468
CA-2014-130575,12/14/2014 0:00,12/16/2014 0:00,First Class,CS-11845,37
CA-2017-156958,12/5/2017 0:00,12/6/2017 0:00,First Class,PB-18805,61
CA-2016-148747,9/25/2016 0:00,9/27/2016 0:00,First Class,AS-10045,95
US-2017-169488,9/7/2017 0:00,9/9/2017 0:00,First Class,AA-10375,260
CA-2015-160864,5/3/2015 0:00,5/6/2015 0:00,First Class,NF-18595,59
CA-2016-129280,5/3/2016 0:00,5/5/2016 0:00,First Class,SM-20905,56
CA-2017-104388,7/5/2017 0:00,7/7/2017 0:00,First Class,DK-12835,11
CA-2017-152975,9/14/2017 0:00,9/16/2017 0:00,First Class,RB-19705,46
CA-2017-132584,8/26/2017 0:00,8/27/2017 0:00,First Class,HJ-14875,152
CA-2016-160598,8/26/2016 0:00,8/28/2016 0:00,First Class,SV-20815,230
CA-2014-130155,5/19/2014 0:00,5/22/2014 0:00,First Class,TD-20995,221
CA-2015-138625,11/2/2015 0:00,11/5/2015 0:00,First Class,EG-13900,338
CA-2014-128524,11/11/2014 0:00,11/13/2014 0:00,First Class,MZ-17515,61
CA-2017-137449,6/29/2017 0:00,6/30/2017 0:00,First Class,ME-17725,78
CA-2017-103520,9/23/2017 0:00,9/25/2017 0:00,First Class,MH-17785,339
CA-2014-151330,10/14/2014 0:00,10/16/2014 0:00,First Class,TC-21295,290
CA-2015-133396,8/13/2015 0:00,8/15/2015 0:00,First Class,GK-14620,308
CA-2017-140536,4/4/2017 0:00,4/5/2017 0:00,First Class,TA-21385,46
US-2016-151260,12/11/2016 0:00,12/14/2016 0:00,First Class,SC-20695,158
CA-2017-142293,9/17/2017 0:00,9/20/2017 0:00,First Class,SC-20380,481
CA-2017-167395,12/2/2017 0:00,12/4/2017 0:00,First Class,KM-16720,112
US-2016-158680,7/1/2016 0:00,7/2/2016 0:00,First Class,NZ-18565,61
CA-2016-117583,11/27/2016 0:00,11/30/2016 0:00,First Class,CB-12025,621
CA-2016-126627,10/10/2016 0:00,10/12/2016 0:00,First Class,WB-21850,630
CA-2014-163867,6/3/2014 0:00,6/6/2014 0:00,First Class,RE-19450,68
CA-2014-114195,11/1/2014 0:00,11/3/2014 0:00,First Class,EA-14035,631
US-2017-166324,4/20/2017 0:00,4/21/2017 0:00,First Class,BE-11455,178
CA-2015-104297,5/29/2015 0:00,5/31/2015 0:00,First Class,CC-12100,178
CA-2014-153927,8/12/2014 0:00,8/13/2014 0:00,First Class,LL-16840,632
CA-2017-169607,10/12/2017 0:00,10/15/2017 0:00,First Class,CA-12265,24
CA-2017-166499,3/19/2017 0:00,3/20/2017 0:00,First Class,VG-21805,101
US-2015-129007,9/13/2015 0:00,9/15/2015 0:00,First Class,KD-16615,159
CA-2015-132388,10/10/2015 0:00,10/12/2015 0:00,First Class,KN-16390,538
CA-2015-159534,3/20/2015 0:00,3/23/2015 0:00,First Class,DH-13075,46
CA-2014-166555,7/11/2014 0:00,7/14/2014 0:00,First Class,JK-15205,278
CA-2015-168088,3/19/2015 0:00,3/22/2015 0:00,First Class,CM-12655,17
CA-2017-163566,8/3/2017 0:00,8/6/2017 0:00,First Class,TB-21055,324
CA-2016-119186,5/26/2016 0:00,5/26/2016 0:00,Same Day,MS-17710,7
US-2017-123463,12/23/2017 0:00,12/23/2017 0:00,Same Day,GZ-14470,10
CA-2015-146829,3/10/2015 0:00,3/10/2015 0:00,Same Day,TS-21340,17
CA-2015-124891,7/31/2015 0:00,7/31/2015 0:00,Same Day,RH-19495,24
CA-2015-125416,11/2/2015 0:00,11/2/2015 0:00,Same Day,KC-16540,61
CA-2016-155516,10/21/2016 0:00,10/21/2016 0:00,Same Day,MK-17905,114
US-2016-156097,9/19/2016 0:00,9/19/2016 0:00,Same Day,EH-14125,174
CA-2016-143308,11/4/2016 0:00,11/4/2016 0:00,Same Day,RC-19825,176
US-2017-168116,11/4/2017 0:00,11/4/2017 0:00,Same Day,GT-14635,180
CA-2014-124429,5/27/2014 0:00,5/27/2014 0:00,Same Day,MH-17785,189
CA-2016-167584,8/12/2016 0:00,8/12/2016 0:00,Same Day,LC-16870,194
CA-2016-105256,5/20/2016 0:00,5/20/2016 0:00,Same Day,JK-15730,197
CA-2017-143686,5/14/2017 0:00,5/14/2017 0:00,Same Day,PJ-19015,201
CA-2015-112571,9/22/2015 0:00,9/22/2015 0:00,Same Day,DL-12925,219
US-2016-148803,12/11/2016 0:00,12/11/2016 0:00,Same Day,LR-16915,241
CA-2015-112452,4/4/2015 0:00,4/4/2015 0:00,Same Day,NC-18340,243
US-2015-130519,9/15/2015 0:00,9/15/2015 0:00,Same Day,NG-18355,250
CA-2016-144344,10/28/2016 0:00,10/28/2016 0:00,Same Day,PG-18820,252
US-2014-160444,7/5/2014 0:00,7/5/2014 0:00,Same Day,DC-12850,67
US-2016-108504,2/5/2016 0:00,2/5/2016 0:00,Same Day,PP-18955,270
CA-2015-139731,10/15/2015 0:00,10/15/2015 0:00,Same Day,JE-15745,140
CA-2014-155271,5/4/2014 0:00,5/4/2014 0:00,Same Day,AA-10480,265
CA-2015-100769,5/16/2015 0:00,5/16/2015 0:00,Same Day,TH-21550,134
US-2015-105676,12/1/2015 0:00,12/2/2015 0:00,Same Day,NM-18520,67
CA-2017-108294,12/10/2017 0:00,12/10/2017 0:00,Same Day,LS-16975,199
US-2017-102890,6/30/2017 0:00,6/30/2017 0:00,Same Day,SG-20470,165
CA-2015-158554,11/9/2015 0:00,11/9/2015 0:00,Same Day,CM-12190,64
CA-2014-116239,3/4/2014 0:00,3/4/2014 0:00,Same Day,CL-12565,38
US-2017-152002,6/11/2017 0:00,6/11/2017 0:00,Same Day,DV-13465,26
CA-2014-117317,10/19/2014 0:00,10/19/2014 0:00,Same Day,JF-15490,4
CA-2016-106530,5/8/2016 0:00,5/8/2016 0:00,Same Day,CL-12565,178
CA-2014-135699,8/29/2014 0:00,8/29/2014 0:00,Same Day,HH-15010,95
CA-2016-106306,3/8/2016 0:00,3/8/2016 0:00,Same Day,PG-18820,277
CA-2016-106894,2/7/2016 0:00,2/7/2016 0:00,Same Day,CA-12265,29
CA-2015-164833,6/4/2015 0:00,6/4/2015 0:00,Same Day,LL-16840,60
CA-2017-145884,10/21/2017 0:00,10/21/2017 0:00,Same Day,SL-20155,316
CA-2017-128370,9/10/2017 0:00,9/10/2017 0:00,Same Day,FH-14275,26
CA-2014-151078,11/12/2014 0:00,11/12/2014 0:00,Same Day,RF-19840,66
US-2017-116659,12/11/2017 0:00,11/12/2017 0:00,Same Day,NG-18355,56
CA-2015-109512,3/5/2015 0:00,3/5/2015 0:00,Same Day,LF-17185,165
CA-2016-112669,4/14/2016 0:00,4/14/2016 0:00,Same Day,KT-16465,277
CA-2015-155761,12/11/2015 0:00,12/11/2015 0:00,Same Day,SC-20800,17
CA-2014-123295,7/18/2014 0:00,7/18/2014 0:00,Same Day,AH-10120,116
US-2014-152723,9/26/2014 0:00,9/26/2014 0:00,Same Day,HG-14965,352
CA-2015-164882,10/31/2015 0:00,10/31/2015 0:00,Same Day,SG-20080,72
US-2017-157896,11/16/2017 0:00,11/16/2017 0:00,Same Day,CB-12415,30
CA-2016-141019,5/14/2016 0:00,5/14/2016 0:00,Same Day,LH-17155,94
CA-2016-101378,7/14/2016 0:00,7/14/2016 0:00,Same Day,RH-19600,365
CA-2015-131884,12/6/2015 0:00,12/6/2015 0:00,Same Day,DK-13375,369
US-2015-137960,12/18/2015 0:00,12/18/2015 0:00,Same Day,MW-18220,46
CA-2017-149146,10/12/2017 0:00,10/12/2017 0:00,Same Day,SM-20320,234
CA-2017-137470,9/17/2017 0:00,9/17/2017 0:00,Same Day,TP-21415,61
CA-2017-152695,12/10/2017 0:00,12/10/2017 0:00,Same Day,CC-12220,70
CA-2014-110639,8/23/2014 0:00,8/23/2014 0:00,Same Day,RH-19495,30
CA-2017-109701,12/2/2017 0:00,12/3/2017 0:00,Same Day,AM-10360,4
CA-2015-120397,7/2/2015 0:00,7/2/2015 0:00,Same Day,RB-19435,33
CA-2015-113404,7/16/2015 0:00,7/16/2015 0:00,Same Day,EM-13810,35
CA-2017-134404,12/27/2017 0:00,12/27/2017 0:00,Same Day,DR-12880,56
CA-2016-165848,6/4/2016 0:00,6/4/2016 0:00,Same Day,EN-13780,46
CA-2016-111794,10/1/2016 0:00,10/1/2016 0:00,Same Day,HG-15025,140
CA-2017-136875,12/3/2017 0:00,12/3/2017 0:00,Same Day,TC-21295,143
US-2014-160780,6/21/2014 0:00,6/21/2014 0:00,Same Day,SV-20785,261
CA-2017-137344,8/20/2017 0:00,8/20/2017 0:00,Same Day,EM-13810,118
US-2017-103828,8/13/2017 0:00,8/13/2017 0:00,Same Day,JK-15370,35
CA-2016-160129,11/23/2016 0:00,11/23/2016 0:00,Same Day,LS-17200,12
CA-2017-164329,1/30/2017 0:00,1/30/2017 0:00,Same Day,MM-17920,10
CA-2015-168564,8/8/2015 0:00,8/8/2015 0:00,Same Day,TT-21220,10
CA-2017-134915,12/11/2017 0:00,11/12/2017 0:00,Same Day,EM-14140,277
CA-2017-139773,12/4/2017 0:00,12/4/2017 0:00,Same Day,DV-13045,106
CA-2014-106719,8/24/2014 0:00,8/24/2014 0:00,Same Day,RB-19645,427
CA-2017-149559,9/11/2017 0:00,9/12/2017 0:00,Same Day,KF-16285,107
US-2017-120089,11/30/2017 0:00,11/30/2017 0:00,Same Day,ML-17755,214
CA-2015-114468,8/23/2015 0:00,8/23/2015 0:00,Same Day,TD-20995,432
US-2014-122959,12/12/2014 0:00,12/12/2014 0:00,Same Day,CY-12745,66
CA-2017-122280,9/10/2017 0:00,9/10/2017 0:00,Same Day,SH-20395,24
CA-2015-149384,7/10/2015 0:00,7/10/2015 0:00,Same Day,EH-13945,287
CA-2016-140746,1/15/2016 0:00,1/15/2016 0:00,Same Day,RC-19825,70
CA-2016-146836,5/2/2016 0:00,5/2/2016 0:00,Same Day,CC-12475,24
CA-2017-136308,11/16/2017 0:00,11/16/2017 0:00,Same Day,MW-18235,35
CA-2016-134887,3/25/2016 0:00,3/25/2016 0:00,Same Day,TB-21280,137
US-2017-131583,6/10/2017 0:00,6/10/2017 0:00,Same Day,CL-11890,106
CA-2015-152527,10/17/2015 0:00,10/17/2015 0:00,Same Day,CM-12190,26
CA-2016-116540,9/2/2016 0:00,9/2/2016 0:00,Same Day,SS-20590,8
CA-2017-152583,10/30/2017 0:00,10/30/2017 0:00,Same Day,RA-19945,163
CA-2015-144099,11/29/2015 0:00,11/30/2015 0:00,Same Day,PO-19195,35
US-2016-134761,11/30/2016 0:00,11/30/2016 0:00,Same Day,DB-13210,449
CA-2017-125115,4/10/2017 0:00,4/10/2017 0:00,Same Day,RD-19930,111
CA-2016-155565,5/28/2016 0:00,5/28/2016 0:00,Same Day,EH-13765,46
CA-2014-158771,5/9/2014 0:00,5/9/2014 0:00,Same Day,SB-20290,1
CA-2017-168109,7/3/2017 0:00,7/3/2017 0:00,Same Day,JK-15640,60
CA-2016-115476,3/17/2016 0:00,3/17/2016 0:00,Same Day,VM-21835,286
CA-2014-113047,10/24/2014 0:00,10/24/2014 0:00,Same Day,AP-10915,456
CA-2017-147753,3/5/2017 0:00,3/5/2017 0:00,Same Day,PK-19075,202
CA-2016-152471,7/8/2016 0:00,7/8/2016 0:00,Same Day,ZD-21925,134
CA-2014-105984,11/24/2014 0:00,11/24/2014 0:00,Same Day,MY-18295,48
CA-2015-127593,9/21/2015 0:00,9/21/2015 0:00,Same Day,DH-13675,360
CA-2014-140816,12/20/2014 0:00,12/20/2014 0:00,Same Day,TC-21295,462
US-2016-143448,12/10/2016 0:00,12/10/2016 0:00,Same Day,MH-17455,468
US-2016-108777,12/12/2016 0:00,12/12/2016 0:00,Same Day,JM-15655,204
CA-2017-137456,12/21/2017 0:00,12/21/2017 0:00,Same Day,RB-19465,11
CA-2015-105599,9/7/2015 0:00,9/7/2015 0:00,Same Day,MC-17275,165
CA-2017-133823,5/11/2017 0:00,5/12/2017 0:00,Same Day,LP-17080,6
CA-2016-152163,7/1/2016 0:00,7/1/2016 0:00,Same Day,JF-15355,38
CA-2015-129392,7/8/2015 0:00,7/8/2015 0:00,Same Day,DM-13015,33
CA-2015-143105,12/10/2015 0:00,12/10/2015 0:00,Same Day,MA-17560,24
CA-2014-168130,9/19/2014 0:00,9/19/2014 0:00,Same Day,BS-11365,165
CA-2015-155068,10/23/2015 0:00,10/23/2015 0:00,Same Day,RA-19285,153
US-2017-158505,7/21/2017 0:00,7/21/2017 0:00,Same Day,SF-20200,409
CA-2016-121601,10/4/2016 0:00,10/4/2016 0:00,Same Day,MO-17500,486
CA-2016-161095,6/28/2016 0:00,6/28/2016 0:00,Same Day,CS-12250,4
US-2014-129609,3/22/2014 0:00,3/22/2014 0:00,Same Day,VM-21835,490
CA-2017-162565,12/11/2017 0:00,12/11/2017 0:00,Same Day,RR-19315,174
CA-2014-142965,7/20/2014 0:00,7/20/2014 0:00,Same Day,SW-20245,158
CA-2016-131737,3/17/2016 0:00,3/17/2016 0:00,Same Day,GZ-14470,210
CA-2017-147725,9/14/2017 0:00,9/14/2017 0:00,Same Day,LT-17110,417
CA-2017-121300,9/29/2017 0:00,9/29/2017 0:00,Same Day,MG-17680,496
CA-2017-130211,10/22/2017 0:00,10/22/2017 0:00,Same Day,BD-11620,497
CA-2014-140403,10/10/2014 0:00,10/10/2014 0:00,Same Day,TN-21040,361
US-2015-126235,10/15/2015 0:00,10/15/2015 0:00,Same Day,GA-14725,504
CA-2016-127698,12/1/2016 0:00,12/1/2016 0:00,Same Day,MV-18190,315
US-2015-138121,12/17/2015 0:00,12/17/2015 0:00,Same Day,JL-15835,186
CA-2014-112403,3/31/2014 0:00,3/31/2014 0:00,Same Day,JO-15280,75
CA-2016-159653,5/22/2016 0:00,5/22/2016 0:00,Same Day,JF-15490,507
CA-2017-168123,3/5/2017 0:00,3/5/2017 0:00,Same Day,JD-16060,39
CA-2016-120005,3/3/2016 0:00,3/3/2016 0:00,Same Day,TS-21160,95
CA-2017-158883,6/2/2017 0:00,6/3/2017 0:00,Same Day,CS-11860,223
CA-2016-134222,7/10/2016 0:00,7/11/2016 0:00,Same Day,NZ-18565,512
CA-2014-125171,9/3/2014 0:00,9/3/2014 0:00,Same Day,AG-10390,30
CA-2016-136126,5/24/2016 0:00,5/24/2016 0:00,Same Day,EH-14125,390
US-2017-120607,5/19/2017 0:00,5/19/2017 0:00,Same Day,JC-15775,149
CA-2015-145485,11/5/2015 0:00,11/5/2015 0:00,Same Day,JM-16195,10
US-2015-137533,12/18/2015 0:00,12/18/2015 0:00,Same Day,JK-15640,178
CA-2014-158442,3/17/2014 0:00,3/17/2014 0:00,Same Day,AZ-10750,163
CA-2015-153073,11/13/2015 0:00,11/13/2015 0:00,Same Day,HA-14905,27
CA-2014-160766,9/14/2014 0:00,9/14/2014 0:00,Same Day,DM-13015,30
CA-2014-141796,6/21/2014 0:00,6/21/2014 0:00,Same Day,JG-15160,256
CA-2016-145898,9/26/2016 0:00,9/26/2016 0:00,Same Day,CM-12445,72
CA-2017-145653,9/1/2017 0:00,9/1/2017 0:00,Same Day,CA-12775,186
CA-2017-144484,9/11/2017 0:00,9/11/2017 0:00,Same Day,CB-12025,95
CA-2017-125913,1/16/2017 0:00,1/16/2017 0:00,Same Day,JO-15145,142
US-2016-147340,9/24/2016 0:00,9/24/2016 0:00,Same Day,EB-13750,95
US-2016-108497,6/14/2016 0:00,6/14/2016 0:00,Same Day,MH-17290,2
CA-2017-121741,12/26/2017 0:00,12/26/2017 0:00,Same Day,YC-21895,11
CA-2014-105249,11/28/2014 0:00,11/28/2014 0:00,Same Day,DH-13675,35
US-2016-162026,10/8/2016 0:00,10/8/2016 0:00,Same Day,JE-15745,2
CA-2017-157966,3/13/2017 0:00,3/13/2017 0:00,Same Day,SU-20665,27
CA-2017-160325,9/24/2017 0:00,9/24/2017 0:00,Same Day,BP-11095,129
CA-2014-108903,10/3/2014 0:00,10/3/2014 0:00,Same Day,DO-13435,48
CA-2016-141957,7/21/2016 0:00,7/21/2016 0:00,Same Day,JG-15310,56
CA-2015-131072,11/5/2015 0:00,11/5/2015 0:00,Same Day,KL-16645,60
CA-2014-131541,7/28/2014 0:00,7/28/2014 0:00,Same Day,CK-12205,332
CA-2016-143441,11/5/2016 0:00,11/5/2016 0:00,Same Day,EB-14170,162
CA-2017-115805,7/31/2017 0:00,7/31/2017 0:00,Same Day,KW-16435,156
US-2016-111528,12/30/2016 0:00,12/30/2016 0:00,Same Day,JP-16135,4
CA-2014-124730,11/26/2014 0:00,11/26/2014 0:00,Same Day,LS-17245,551
CA-2014-115056,5/2/2014 0:00,5/2/2014 0:00,Same Day,AR-10510,48
CA-2016-128223,6/14/2016 0:00,6/14/2016 0:00,Same Day,EB-13705,159
CA-2017-133095,6/4/2017 0:00,6/4/2017 0:00,Same Day,EH-14005,238
US-2014-109456,10/16/2014 0:00,10/16/2014 0:00,Same Day,LS-17245,95
US-2017-153948,11/6/2017 0:00,11/6/2017 0:00,Same Day,FM-14290,35
CA-2016-103107,7/4/2016 0:00,7/4/2016 0:00,Same Day,RB-19465,6
CA-2017-161046,3/5/2017 0:00,3/5/2017 0:00,Same Day,CB-12535,373
CA-2016-162187,12/11/2016 0:00,12/11/2016 0:00,Same Day,NS-18640,48
US-2016-156692,8/13/2016 0:00,8/13/2016 0:00,Same Day,HG-15025,556
US-2017-152492,7/6/2017 0:00,7/6/2017 0:00,Same Day,AH-10585,230
US-2014-165589,2/18/2014 0:00,2/18/2014 0:00,Same Day,TB-21595,339
CA-2016-146766,11/4/2016 0:00,11/4/2016 0:00,Same Day,TT-21220,459
CA-2017-107986,12/13/2017 0:00,12/13/2017 0:00,Same Day,MW-18220,6
US-2017-142188,9/11/2017 0:00,9/11/2017 0:00,Same Day,JF-15415,60
CA-2014-165806,4/7/2014 0:00,4/7/2014 0:00,Same Day,VM-21685,511
US-2016-115952,10/6/2016 0:00,10/6/2016 0:00,Same Day,JH-15910,313
CA-2017-107552,5/5/2017 0:00,5/5/2017 0:00,Same Day,AI-10855,46
CA-2017-104822,10/20/2017 0:00,10/20/2017 0:00,Same Day,RB-19465,24
CA-2016-113425,11/21/2016 0:00,11/21/2016 0:00,Same Day,JK-16120,30
CA-2017-144750,8/21/2017 0:00,8/21/2017 0:00,Same Day,DL-13495,524
CA-2016-169887,10/22/2016 0:00,10/22/2016 0:00,Same Day,MS-17530,60
US-2015-118906,3/10/2015 0:00,3/10/2015 0:00,Same Day,KB-16585,235
CA-2016-166275,10/24/2016 0:00,10/24/2016 0:00,Same Day,SS-20590,10
CA-2017-144498,5/6/2017 0:00,5/6/2017 0:00,Same Day,MB-18085,44
CA-2017-107629,12/14/2017 0:00,12/14/2017 0:00,Same Day,DB-13060,302
CA-2015-168809,8/25/2015 0:00,8/25/2015 0:00,Same Day,MC-18100,17
CA-2016-153101,9/8/2016 0:00,9/8/2016 0:00,Same Day,PJ-19015,201
US-2015-123918,10/15/2015 0:00,10/15/2015 0:00,Same Day,CG-12520,163
US-2017-135013,7/24/2017 0:00,7/24/2017 0:00,Same Day,HR-14830,126
CA-2017-149468,5/20/2017 0:00,5/20/2017 0:00,Same Day,AR-10405,191
CA-2014-126963,6/15/2014 0:00,6/15/2014 0:00,Same Day,PS-18760,295
CA-2017-143021,11/19/2017 0:00,11/19/2017 0:00,Same Day,AP-10720,165
CA-2017-162096,11/10/2017 0:00,11/10/2017 0:00,Same Day,TB-21190,216
CA-2016-165330,12/11/2016 0:00,12/11/2016 0:00,Same Day,WB-21850,159
CA-2017-128783,9/7/2017 0:00,9/7/2017 0:00,Same Day,TG-21640,586
CA-2016-120369,10/28/2016 0:00,10/28/2016 0:00,Same Day,VB-21745,145
CA-2016-164924,7/10/2016 0:00,7/10/2016 0:00,Same Day,EA-14035,106
CA-2017-122987,8/16/2017 0:00,8/16/2017 0:00,Same Day,SJ-20215,85
CA-2016-108224,5/14/2016 0:00,5/14/2016 0:00,Same Day,TH-21235,512
CA-2015-136224,5/31/2015 0:00,5/31/2015 0:00,Same Day,ML-18265,307
CA-2014-141649,9/30/2014 0:00,9/30/2014 0:00,Same Day,DM-12955,324
US-2017-118598,11/16/2017 0:00,11/16/2017 0:00,Same Day,CM-12190,551
US-2017-120147,3/30/2017 0:00,3/30/2017 0:00,Same Day,TB-21400,2
US-2017-106145,9/26/2017 0:00,9/26/2017 0:00,Same Day,RA-19885,10
US-2014-120740,4/15/2014 0:00,4/15/2014 0:00,Same Day,PS-18970,14
CA-2014-142951,10/8/2014 0:00,10/8/2014 0:00,Same Day,JG-15115,44
CA-2016-118899,3/22/2016 0:00,3/22/2016 0:00,Same Day,MC-17275,6
US-2017-118941,8/12/2017 0:00,8/12/2017 0:00,Same Day,BB-11545,210
CA-2016-155978,8/1/2016 0:00,8/1/2016 0:00,Same Day,TS-21205,216
CA-2017-160801,9/19/2017 0:00,9/19/2017 0:00,Same Day,FG-14260,75
CA-2017-120168,5/25/2017 0:00,5/25/2017 0:00,Same Day,TB-21625,30
CA-2017-105543,11/24/2017 0:00,11/24/2017 0:00,Same Day,BG-11695,592
CA-2015-114811,11/8/2015 0:00,11/8/2015 0:00,Same Day,KD-16495,24
CA-2017-103065,10/20/2017 0:00,10/20/2017 0:00,Same Day,PT-19090,134
CA-2015-129217,5/10/2015 0:00,5/10/2015 0:00,Same Day,DP-13390,174
CA-2016-118101,6/26/2016 0:00,6/26/2016 0:00,Same Day,SN-20560,528
CA-2016-149335,7/25/2016 0:00,7/25/2016 0:00,Same Day,BC-11125,35
CA-2014-152254,6/30/2014 0:00,6/30/2014 0:00,Same Day,BD-11620,125
CA-2016-130820,11/15/2016 0:00,11/15/2016 0:00,Same Day,ON-18715,180
CA-2015-145758,10/30/2015 0:00,10/30/2015 0:00,Same Day,BF-11020,24
CA-2017-142391,9/24/2017 0:00,9/24/2017 0:00,Same Day,PB-19150,61
CA-2017-161172,3/16/2017 0:00,3/16/2017 0:00,Same Day,SP-20920,48
CA-2015-117884,3/22/2015 0:00,3/22/2015 0:00,Same Day,DC-13285,454
CA-2016-162222,4/3/2016 0:00,4/3/2016 0:00,Same Day,SR-20740,177
CA-2014-159849,9/19/2014 0:00,9/19/2014 0:00,Same Day,JK-15640,95
US-2014-133949,12/31/2014 0:00,12/31/2014 0:00,Same Day,JL-15175,245
CA-2017-147767,12/2/2017 0:00,12/2/2017 0:00,Same Day,SV-20935,346
CA-2014-142769,9/13/2014 0:00,9/13/2014 0:00,Same Day,RP-19390,6
CA-2016-144015,6/26/2016 0:00,6/26/2016 0:00,Same Day,AH-10075,2
CA-2015-113222,11/9/2015 0:00,11/9/2015 0:00,Same Day,AG-10765,453
CA-2016-151148,12/9/2016 0:00,9/13/2016 0:00,Same Day,PO-19180,128
US-2014-105137,10/10/2014 0:00,10/10/2014 0:00,Same Day,RB-19435,48
US-2016-126431,7/1/2016 0:00,7/1/2016 0:00,Same Day,SU-20665,30
CA-2017-130036,8/27/2017 0:00,8/27/2017 0:00,Same Day,BP-11185,75
CA-2017-122763,3/20/2017 0:00,3/20/2017 0:00,Same Day,HG-14845,17
CA-2014-133389,6/22/2014 0:00,6/22/2014 0:00,Same Day,TB-21280,52
CA-2015-102855,4/5/2015 0:00,4/6/2015 0:00,Same Day,JF-15415,322
CA-2017-107825,11/18/2017 0:00,11/18/2017 0:00,Same Day,NB-18655,202
CA-2017-128041,9/1/2017 0:00,9/1/2017 0:00,Same Day,RW-19540,6
CA-2017-157420,11/21/2017 0:00,11/21/2017 0:00,Same Day,HZ-14950,15
CA-2017-162250,11/24/2017 0:00,11/24/2017 0:00,Same Day,PR-18880,10
US-2016-155768,12/1/2016 0:00,12/1/2016 0:00,Same Day,LB-16795,570
CA-2016-146423,4/21/2016 0:00,4/21/2016 0:00,Same Day,BT-11680,546
CA-2017-121160,11/4/2017 0:00,11/4/2017 0:00,Same Day,FM-14290,617
CA-2014-153619,11/3/2014 0:00,11/3/2014 0:00,Same Day,TC-21535,14
CA-2017-111388,9/2/2017 0:00,9/2/2017 0:00,Same Day,SU-20665,6
CA-2015-151869,9/25/2015 0:00,9/25/2015 0:00,Same Day,CS-11950,266
US-2014-134054,10/10/2014 0:00,10/10/2014 0:00,Same Day,FC-14335,384
CA-2017-124114,3/2/2017 0:00,3/2/2017 0:00,Same Day,RS-19765,527
CA-2015-111948,11/11/2015 0:00,11/11/2015 0:00,Same Day,AG-10495,152
CA-2015-130848,10/25/2015 0:00,10/25/2015 0:00,Same Day,DG-13300,77
CA-2015-111864,6/19/2015 0:00,6/19/2015 0:00,Same Day,PP-18955,64
CA-2015-160787,9/25/2015 0:00,9/25/2015 0:00,Same Day,BM-11785,106
CA-2017-130505,10/12/2017 0:00,10/12/2017 0:00,Same Day,NF-18385,596
CA-2017-163188,11/7/2017 0:00,11/7/2017 0:00,Same Day,EC-14050,337
CA-2017-101637,3/24/2017 0:00,3/25/2017 0:00,Same Day,AC-10615,582
CA-2014-130428,3/31/2014 0:00,3/31/2014 0:00,Same Day,TG-21640,86
CA-2015-113131,9/24/2015 0:00,9/24/2015 0:00,Same Day,MB-17305,48
CA-2015-148495,8/13/2015 0:00,8/13/2015 0:00,Same Day,SF-20065,283
CA-2016-108630,11/18/2016 0:00,11/18/2016 0:00,Same Day,BE-11410,138
US-2015-120957,12/7/2015 0:00,12/7/2015 0:00,Same Day,KH-16690,216
CA-2016-122511,3/11/2016 0:00,3/11/2016 0:00,Same Day,BT-11485,12
CA-2016-108210,5/30/2016 0:00,5/30/2016 0:00,Same Day,AT-10735,17
CA-2017-137505,11/24/2017 0:00,11/24/2017 0:00,Same Day,BP-11290,142
CA-2016-104983,7/3/2016 0:00,7/3/2016 0:00,Same Day,FM-14215,106
US-2014-114377,11/5/2014 0:00,11/5/2014 0:00,Same Day,BG-11035,498
CA-2017-146269,10/6/2017 0:00,10/6/2017 0:00,Same Day,MH-17455,37
CA-2016-129630,9/4/2016 0:00,9/4/2016 0:00,Same Day,IM-15055,35
CA-2015-143700,7/26/2015 0:00,7/26/2015 0:00,Same Day,AS-10240,12
