OrderDetails_ID,Order ID,Sales,Quantity,Discount,Profit,Products_key
2,CA-2016-152156,731.94,3,0,219.582,2
25,CA-2015-106320,1044.63,3,0,240.2649,4
27,CA-2016-121755,90.57,3,0,11.7741,26
1845,US-2017-113852,90.57,3,0,11.7741,26
1012,CA-2017-118437,155.25,3,0,46.575,29
1162,CA-2014-126522,53.94,3,0,15.6426,31
1302,CA-2016-137043,286.38,3,0,83.0502,36
1540,CA-2017-121888,782.94,3,0,203.5644,38
48,CA-2016-169194,45,3,0,4.95,47
1677,CA-2016-122728,104.28,3,0,26.07,55
65,CA-2015-135545,146.73,3,0,68.9631,63
72,CA-2017-114440,19.05,3,0,8.763,70
1169,CA-2017-145226,272.94,3,0,0,73
81,CA-2016-127208,16.74,3,0,8.0352,79
90,CA-2016-109806,20.1,3,0,6.633,88
688,CA-2014-157784,19.44,3,0,9.3312,89
94,CA-2015-149587,53.34,3,0,16.5354,91
1642,CA-2016-157266,41.37,3,0,17.3754,94
1678,CA-2016-122728,17.94,3,0,8.7906,100
665,CA-2016-143308,10.74,3,0,5.2626,111
118,CA-2015-110457,787.53,3,0,165.3813,115
120,CA-2016-103730,47.04,3,0,18.3456,117
1584,CA-2015-131338,47.04,3,0,18.3456,117
130,US-2016-125969,238.56,3,0,26.2416,126
134,CA-2016-145583,20.04,3,0,9.6192,130
1293,CA-2015-101707,32.94,3,0,9.2232,135
142,CA-2017-106180,8.82,3,0,2.3814,136
143,CA-2017-106180,10.86,3,0,5.1042,137
144,CA-2017-106180,143.7,3,0,68.976,138
145,CA-2017-155376,839.43,3,0,218.2518,139
621,CA-2017-117947,88.02,3,0,27.2862,140
1389,US-2016-108504,104.85,3,0,28.3095,141
149,CA-2016-114489,149.97,3,0,5.9988,142
157,CA-2015-118948,6.63,3,0,1.7901,149
1179,CA-2016-113621,179.97,3,0,44.9925,162
172,CA-2014-118962,20.94,3,0,9.8418,163
347,CA-2017-134306,7.56,3,0,3.0996,185
198,CA-2017-107720,46.26,3,0,12.0276,186
826,US-2014-102071,167.97,3,0,40.3128,203
876,CA-2016-116736,322.59,3,0,64.518,218
1392,US-2016-108504,154.44,3,0,1.5444,234
259,CA-2017-163139,20.37,3,0,6.9258,236
260,CA-2017-163139,221.55,3,0,6.6465,237
273,CA-2015-155334,5.28,3,0,2.3232,249
630,CA-2017-133431,13.23,3,0,6.0858,251
1133,US-2016-114776,19.44,3,0,9.3312,262
993,CA-2016-105585,10.23,3,0,4.9104,265
848,CA-2015-114300,287.94,3,0,77.7438,270
301,CA-2016-142545,56.91,3,0,27.3168,276
479,CA-2016-152632,40.2,3,0,19.296,280
306,CA-2014-130960,9.84,3,0,2.8536,281
307,CA-2014-111003,45.48,3,0,20.9208,282
314,CA-2014-120887,87.54,3,0,37.6422,289
1390,US-2016-108504,484.83,3,0,126.0558,299
772,CA-2017-104220,207,3,0,51.75,304
1696,CA-2015-156335,14.46,3,0,7.0854,310
686,CA-2014-157784,479.97,3,0,163.1898,333
393,US-2014-135972,1799.97,3,0,701.9883,351
1157,CA-2014-136567,62.31,3,0,29.2857,352
405,CA-2017-117933,35.91,3,0,9.6957,362
779,CA-2015-144267,59.94,3,0,28.1718,371
966,CA-2017-135279,35.97,3,0,9.7119,372
424,CA-2017-125388,32.7,3,0,8.502,379
560,CA-2017-118731,42.6,3,0,16.614,381
1489,CA-2015-140410,42.6,3,0,16.614,381
442,CA-2016-115756,194.94,3,0,23.3928,394
443,CA-2016-115756,70.95,3,0,20.5755,395
445,CA-2016-115756,242.94,3,0,29.1528,397
1100,CA-2016-107216,8.73,3,0,4.1031,399
448,CA-2016-166674,59.52,3,0,15.4752,400
449,CA-2016-166674,161.94,3,0,9.7164,401
1310,CA-2016-141397,161.94,3,0,9.7164,401
451,CA-2016-166674,30.48,3,0,7.9248,403
452,CA-2016-166674,9.84,3,0,2.8536,404
1644,CA-2015-111829,1247.64,3,0,349.3392,406
1127,US-2014-147627,1067.94,3,0,224.2674,409
472,CA-2014-144666,340.92,3,0,3.4092,421
1325,CA-2014-107153,46.26,3,0,12.4902,424
482,CA-2014-134677,9.09,3,0,1.9089,430
493,CA-2014-113362,11.07,3,0,5.0922,439
1391,US-2016-108504,122.97,3,0,60.2553,450
1569,US-2017-152002,122.97,3,0,60.2553,450
508,CA-2015-145352,8.34,3,0,2.1684,452
509,CA-2015-145352,46.74,3,0,11.685,453
511,CA-2017-135307,126.3,3,0,40.416,455
514,CA-2017-163405,6.63,3,0,1.7901,457
1125,US-2014-147627,6.63,3,0,1.7901,457
517,CA-2017-127432,51.45,3,0,13.8915,460
519,CA-2017-127432,1126.02,3,0,56.301,462
733,CA-2017-131954,242.94,3,0,9.7176,463
855,CA-2016-123274,242.94,3,0,9.7176,463
676,CA-2017-130351,99.39,3,0,40.7499,466
1031,CA-2014-163552,854.94,3,0,213.735,468
533,US-2017-129441,47.94,3,0,2.397,473
1079,CA-2017-132521,31.44,3,0,8.4888,475
1738,CA-2015-130204,31.44,3,0,8.4888,475
539,CA-2015-134894,152.94,3,0,41.2938,478
569,CA-2017-156951,19.44,3,0,9.3312,503
574,CA-2017-164826,14.85,3,0,4.0095,505
575,CA-2016-127250,8.82,3,0,2.3814,506
588,CA-2015-128139,294.93,3,0,144.5157,513
636,CA-2015-168004,392.94,3,0,43.2234,546
641,CA-2016-147067,18.84,3,0,6.0288,550
1402,CA-2016-159212,251.79,3,0,118.3413,561
674,CA-2017-130351,61.44,3,0,16.5888,570
692,US-2014-117135,36.84,3,0,10.3152,582
703,CA-2016-163755,209.88,3,0,35.6796,589
715,US-2017-100048,299.97,3,0,113.9886,596
721,CA-2016-112942,146.82,3,0,73.41,599
722,CA-2016-142335,1652.94,3,0,231.4116,600
723,CA-2016-142335,296.37,3,0,80.0199,601
730,US-2016-150861,33.63,3,0,10.089,608
734,CA-2017-131954,179.97,3,0,86.3856,609
750,CA-2017-126074,58.05,3,0,26.703,618
762,CA-2017-126046,12.39,3,0,5.6994,623
765,CA-2014-162775,50.94,3,0,25.47,624
767,CA-2014-162775,5.64,3,0,2.7072,626
840,CA-2015-100454,60.45,3,0,16.3215,632
1684,CA-2016-147585,14.82,3,0,6.2244,633
786,CA-2015-154921,186.69,3,0,87.7443,639
792,CA-2015-115938,332.94,3,0,79.9056,643
809,CA-2015-140921,149.97,3,0,50.9898,654
823,CA-2017-101434,239.97,3,0,71.991,663
1176,CA-2016-161207,27.93,3,0,8.0997,666
831,CA-2017-129462,180.66,3,0,50.5848,669
1305,US-2017-126179,287.97,3,0,77.7519,670
1473,CA-2017-164959,8.67,3,0,4.0749,694
1018,CA-2015-108665,155.82,3,0,63.8862,695
872,CA-2015-131128,34.44,3,0,17.22,699
878,CA-2016-116736,371.97,3,0,66.9546,701
1354,CA-2017-162978,17.61,3,0,8.4528,713
1730,CA-2016-106894,7.83,3,0,3.6018,715
904,CA-2016-130477,20.04,3,0,9.6192,717
922,CA-2015-111164,85.14,3,0,34.9074,727
945,CA-2015-120880,540.57,3,0,140.5482,740
969,CA-2017-135279,8.64,3,0,4.2336,751
1004,CA-2015-124891,19.44,3,0,9.3312,753
970,CA-2017-135279,501.81,3,0,0,755
980,CA-2015-157035,34.02,3,0,16.6698,758
990,CA-2017-167899,17.97,3,0,5.2113,764
996,CA-2014-117639,617.97,3,0,173.0316,767
998,CA-2015-162537,36.63,3,0,9.8901,769
1005,CA-2015-126445,484.65,3,0,92.0835,772
1223,CA-2016-126004,113.79,3,0,20.4822,774
1021,CA-2015-124450,22.74,3,0,8.8686,780
1022,CA-2015-124450,1267.53,3,0,316.8825,781
1030,CA-2014-163552,197.97,3,0,57.4113,788
1783,CA-2015-111094,122.94,3,0,59.0112,807
1780,CA-2016-124667,59.97,3,0,14.9925,815
1788,CA-2015-154326,134.97,3,0,64.7856,824
1495,CA-2014-123925,40.05,3,0,11.214,825
1102,CA-2016-107216,8.64,3,0,2.5056,833
1105,CA-2016-112340,22.92,3,0,11.2308,834
1126,US-2014-147627,23.34,3,0,10.9698,844
1160,CA-2017-147039,362.94,3,0,90.735,864
1170,CA-2017-145226,19.44,3,0,9.3312,868
1227,CA-2016-126004,182.94,3,0,3.6588,894
1330,CA-2016-142762,37.05,3,0,16.302,901
1337,US-2017-123281,25.11,3,0,6.5286,912
1266,CA-2017-110380,6.57,3,0,1.7739,917
1657,US-2017-132444,95.94,3,0,9.594,919
1415,CA-2017-115994,239.97,3,0,26.3967,922
1795,CA-2016-140774,107.94,3,0,26.985,923
1279,CA-2014-163293,32.97,3,0,12.8583,924
1281,CA-2016-160815,278.4,3,0,80.736,926
1287,CA-2015-124268,15.48,3,0,4.4892,931
1290,CA-2016-154711,20.82,3,0,7.4952,932
1339,CA-2017-100524,677.58,3,0,176.1708,953
1344,CA-2015-131758,47.82,3,0,14.346,956
1358,CA-2016-145247,79.14,3,0,36.4044,963
1372,CA-2017-136672,49.08,3,0,4.908,969
1376,CA-2014-126361,1089.75,3,0,305.13,972
1386,US-2016-108504,18.84,3,0,7.1592,979
1416,CA-2017-115994,37.74,3,0,12.8316,990
1453,CA-2016-133711,91.68,3,0,45.84,1007
1456,CA-2017-148474,91.2,3,0,41.952,1009
1457,CA-2017-148474,452.94,3,0,67.941,1010
1469,CA-2017-139199,872.94,3,0,226.9644,1013
1482,US-2016-108455,33.87,3,0,8.8062,1021
1485,US-2016-108098,177,3,0,30.09,1023
1488,CA-2015-140410,89.97,3,0,37.7874,1026
1509,CA-2017-108294,34.5,3,0,15.525,1033
1536,CA-2016-112389,40.74,3,0,0.4074,1043
1537,CA-2016-112389,11.67,3,0,3.0342,1044
1555,CA-2015-111507,5.28,3,0,1.5312,1049
1570,CA-2017-165029,12.84,3,0,3.7236,1056
1572,US-2014-157385,21.84,3,0,10.4832,1057
1579,CA-2016-102456,170.88,3,0,49.5552,1061
1587,CA-2015-131338,143.7,3,0,68.976,1062
1588,CA-2015-131338,10.65,3,0,5.0055,1063
1594,CA-2014-117317,13.44,3,0,6.5856,1066
1606,US-2016-115819,5.46,3,0,1.5288,1073
1618,CA-2015-130022,29.79,3,0,12.5118,1078
1626,CA-2015-157084,1265.85,3,0,556.974,1083
1639,CA-2016-157266,19.44,3,0,9.3312,1087
1787,CA-2017-166317,86.97,3,0,25.2213,1140
1797,US-2017-139465,347.97,3,0,100.9113,1144
1856,CA-2014-114643,14.52,3,0,4.7916,1170
1881,CA-2015-109512,29.34,3,0,14.67,1181
1886,CA-2016-147578,31.56,3,0,10.4148,1183
1895,US-2017-108063,34.65,3,0,10.395,1186
1911,CA-2016-105963,99.39,3,0,40.7499,466
1925,CA-2017-126865,92.94,3,0,41.823,336
1933,CA-2017-161200,145.74,3,0,23.3184,1206
1937,CA-2015-141768,14.73,3,0,4.8609,883
1952,CA-2017-157987,197.97,3,0,57.4113,788
1955,CA-2017-157987,4.92,3,0,2.214,1210
1957,CA-2017-157987,167.97,3,0,40.3128,203
1959,CA-2017-110905,16.2,3,0,7.776,813
1960,CA-2017-110905,33.99,3,0,14.6157,1212
1963,CA-2017-110905,13.71,3,0,6.5808,1214
1965,CA-2017-110905,286.29,3,0,17.1774,627
1967,CA-2017-165841,281.97,3,0,78.9516,544
1969,CA-2017-165841,166.44,3,0,79.8912,164
1976,CA-2014-110408,275.97,3,0,11.0388,198
1985,CA-2014-164721,23.88,3,0,10.5072,746
1988,CA-2015-127509,17.22,3,0,7.9212,1223
1990,CA-2015-127509,26.22,3,0,12.3234,1225
1991,CA-2015-127509,17.34,3,0,8.4966,1226
2003,CA-2017-163510,95.94,3,0,9.594,919
2022,CA-2016-168354,17.04,3,0,7.668,568
2023,CA-2016-168354,49.53,3,0,23.7744,735
2029,CA-2015-117961,14.73,3,0,6.9231,187
2032,CA-2015-117961,10.95,3,0,5.1465,1039
2036,CA-2017-162481,269.97,3,0,51.2943,52
2037,CA-2015-119214,29.04,3,0,13.9392,366
2047,CA-2016-131835,597,3,0,280.59,258
2055,CA-2016-136434,17.31,3,0,5.193,1148
2060,CA-2014-106439,11.34,3,0,5.2164,1239
2068,CA-2014-106439,12.39,3,0,3.717,1034
2074,CA-2017-122504,59.97,3,0,13.7931,1246
2076,CA-2014-131051,58.2,3,0,28.518,277
2088,CA-2016-140501,146.73,3,0,68.9631,1169
2091,CA-2017-166142,26.55,3,0,13.0095,614
2098,US-2016-146570,8.34,3,0,2.1684,452
2110,CA-2015-164882,5.04,3,0,1.26,1257
2113,CA-2015-164882,29.7,3,0,8.019,563
2133,CA-2015-156524,19.65,3,0,9.039,1266
2139,US-2017-157896,146.82,3,0,73.41,599
2153,CA-2015-123505,14.94,3,0,7.0218,1035
2157,CA-2014-124646,501.81,3,0,0,755
2158,CA-2014-124646,161.94,3,0,9.7164,401
2163,CA-2017-166296,314.55,3,0,150.984,1089
2181,CA-2016-128818,44.4,3,0,22.2,432
2191,CA-2016-118913,60.81,3,0,17.0268,1278
2193,CA-2016-128412,65.34,3,0,22.869,1123
2195,CA-2016-128412,35.1,3,0,12.285,1279
2198,CA-2014-163013,14.67,3,0,3.9609,569
2204,CA-2015-138002,191.82,3,0,74.8098,1280
2252,CA-2015-116092,19.44,3,0,9.3312,1298
2253,CA-2016-117849,143.7,3,0,68.976,138
2254,CA-2015-169201,43.26,3,0,14.2758,338
2256,CA-2016-164091,437.85,3,0,131.355,1299
2261,CA-2015-117611,371.97,3,0,66.9546,701
2263,CA-2017-122994,359.97,3,0,79.1934,580
2291,CA-2015-149342,287.97,3,0,77.7519,670
2295,CA-2017-127929,181.95,3,0,38.2095,72
2301,CA-2014-162362,12.72,3,0,6.36,16
2305,CA-2017-157931,106.32,3,0,49.9704,260
2317,CA-2017-122035,182.94,3,0,27.441,1236
2319,CA-2017-122035,389.97,3,0,132.5898,1315
2322,CA-2015-109470,94.74,3,0,44.5278,353
2336,CA-2017-152695,10.86,3,0,5.1042,137
2343,US-2014-143231,113.97,3,0,27.3528,1316
2352,CA-2017-109701,79.47,3,0,22.2516,1289
2376,CA-2017-119669,5.67,3,0,0.1134,978
2436,CA-2015-154746,826.11,3,0,322.1829,1357
2449,CA-2015-128027,269.49,3,0,5.3898,438
2454,CA-2017-140949,57.06,3,0,18.2592,456
2459,CA-2017-140949,46.53,3,0,12.0978,172
2461,CA-2015-142419,29.97,3,0,13.4865,850
2479,CA-2014-145212,5.46,3,0,1.4742,7
2488,CA-2015-104514,9.84,3,0,2.6568,1372
2489,CA-2015-104514,20.04,3,0,9.6192,1296
2497,CA-2015-122371,64.17,3,0,18.6093,81
2518,CA-2017-123134,129.93,3,0,12.993,791
2521,CA-2016-124352,868.59,3,0,251.8911,1381
2544,US-2016-114174,173.94,3,0,13.9152,1385
2575,CA-2014-129091,16.23,3,0,7.9527,905
2578,CA-2014-129091,675.12,3,0,290.3016,1393
2579,US-2014-155502,62.82,3,0,30.7818,1394
2581,US-2014-155502,19.44,3,0,9.3312,943
2584,US-2014-155502,12.42,3,0,4.4712,1396
2596,CA-2017-149048,914.97,3,0,411.7365,575
2597,CA-2017-149048,587.97,3,0,158.7519,1400
2599,CA-2017-149048,14.94,3,0,7.3206,1401
2602,CA-2016-165848,14.94,3,0,7.0218,818
2603,CA-2016-165848,1349.85,3,0,364.4595,1402
2619,CA-2017-115931,4.17,3,0,1.0842,384
2621,CA-2017-115931,37.32,3,0,10.4496,255
2631,CA-2015-168186,14.94,3,0,7.0218,1242
2640,CA-2017-108441,64.14,3,0,16.6764,1412
2646,CA-2014-131002,57.69,3,0,23.6529,1413
2647,CA-2014-131002,42.81,3,0,20.1207,1414
2650,CA-2014-131002,104.85,3,0,28.3095,141
2654,CA-2017-112515,164.88,3,0,80.7912,1416
2655,CA-2017-112515,1292.94,3,0,77.5764,1417
2659,CA-2016-150343,10.86,3,0,5.1042,137
2671,CA-2014-126403,166.44,3,0,79.8912,164
2675,CA-2017-136875,166.44,3,0,79.8912,1256
2704,CA-2014-143413,116.28,3,0,56.9772,1432
2707,CA-2017-155873,19.44,3,0,9.3312,1433
2718,CA-2014-100006,377.97,3,0,109.6113,1438
2730,CA-2017-104801,6.63,3,0,1.7901,149
2736,CA-2015-115798,377.97,3,0,94.4925,1439
2738,CA-2015-115798,299.97,3,0,56.9943,907
2754,CA-2015-155306,323.37,3,0,129.348,625
2758,CA-2016-127775,239.97,3,0,71.991,663
2774,CA-2016-131576,49.44,3,0,24.2256,92
2776,CA-2016-144729,154.44,3,0,1.5444,234
2792,CA-2014-125514,36.27,3,0,10.881,1215
2803,CA-2017-143329,41.37,3,0,17.3754,94
2804,CA-2015-159380,12.84,3,0,5.778,1128
2813,CA-2015-135685,214.11,3,0,36.3987,725
2815,CA-2015-135685,653.55,3,0,111.1035,567
2837,CA-2017-110842,19.44,3,0,9.3312,1460
2846,CA-2017-138163,50.94,3,0,14.2632,209
2849,CA-2017-157854,2690.97,3,0,1264.7559,1187
2855,CA-2017-137344,40.29,3,0,10.4754,1041
2860,CA-2017-138975,377.97,3,0,98.2722,1463
2864,US-2017-103828,31.44,3,0,8.4888,475
2866,US-2017-103828,59.52,3,0,15.4752,400
2875,US-2017-102638,6.03,3,0,2.9547,133
2880,CA-2016-152072,254.97,3,0,91.7892,107
2882,CA-2016-102932,27.93,3,0,8.0997,666
2887,CA-2017-102099,6.63,3,0,1.7901,457
2892,CA-2014-142727,17.94,3,0,8.6112,961
2896,CA-2017-139913,35.88,3,0,10.0464,181
2909,CA-2017-121615,14.94,3,0,6.8724,1151
2910,CA-2017-166415,11.22,3,0,0.2244,1038
2915,CA-2015-134747,135.72,3,0,35.2872,1428
2927,CA-2017-128629,18.84,3,0,7.9128,1468
2928,CA-2017-158106,8.64,3,0,2.5056,833
2943,CA-2017-155880,368.97,3,0,40.5867,819
2947,CA-2017-169859,26.25,3,0,11.025,1477
2961,CA-2017-143665,20.34,3,0,9.3564,997
2993,CA-2016-134376,61.44,3,0,16.5888,570
3006,CA-2014-148761,91.68,3,0,45.84,1007
3009,CA-2016-124772,191.82,3,0,74.8098,1280
3020,CA-2015-123568,5.04,3,0,0.2016,1492
3021,CA-2015-123568,92.94,3,0,41.823,1040
3022,CA-2015-123568,66.69,3,0,22.0077,648
3026,CA-2015-164441,17.94,3,0,8.073,461
3063,CA-2015-145184,83.97,3,0,23.5116,1501
3064,CA-2015-145184,104.97,3,0,7.3479,1502
3072,CA-2014-119375,124.41,3,0,14.9292,1505
3083,US-2017-132297,539.97,3,0,134.9925,1419
3093,CA-2016-112123,166.44,3,0,79.8912,1507
3108,CA-2016-121671,21.93,3,0,10.0878,1511
3109,CA-2016-121671,242.94,3,0,4.8588,879
3141,CA-2015-112557,206.43,3,0,90.8292,15
3150,US-2014-109036,31.05,3,0,14.904,256
3164,CA-2014-153969,59.52,3,0,15.4752,1522
3167,CA-2014-153969,19.35,3,0,9.4815,1427
3179,CA-2017-105235,20.94,3,0,6.0726,6
3183,CA-2017-152912,826.62,3,0,355.4466,723
3185,CA-2017-152912,544.38,3,0,157.8702,247
3196,CA-2016-169026,23.34,3,0,0.2334,1528
3197,CA-2017-109750,29.97,3,0,14.0859,314
3217,CA-2014-114433,149.97,3,0,52.4895,1244
3237,CA-2016-146836,44.94,3,0,12.5832,357
3246,US-2017-140907,49.08,3,0,4.908,969
3248,US-2017-140907,18.24,3,0,5.2896,1537
3264,CA-2014-140662,241.44,3,0,72.432,1449
3270,CA-2014-115980,2.97,3,0,1.3068,1445
3271,CA-2014-115980,6.54,3,0,2.6814,53
3275,CA-2017-116358,18.24,3,0,9.12,836
3284,CA-2014-159478,15.24,3,0,5.1816,539
3287,CA-2017-150525,13.11,3,0,3.4086,1540
3293,CA-2014-106264,11.91,3,0,0.1191,170
3319,CA-2015-165057,8.64,3,0,4.2336,1197
3323,CA-2015-120810,68.94,3,0,20.682,10
3324,CA-2015-120810,128.82,3,0,50.2398,598
3340,US-2017-109253,203.52,3,0,54.9504,1549
3342,CA-2016-145982,122.97,3,0,60.2553,1138
3344,CA-2016-145982,59.97,3,0,28.7856,224
3351,CA-2016-147536,89.97,3,0,18.8937,1058
3362,US-2015-142020,35.28,3,0,11.9952,1552
3363,CA-2015-139962,19.44,3,0,9.3312,503
3374,CA-2015-161718,28.44,3,0,11.376,1482
3383,CA-2015-130659,17.94,3,0,8.7906,1317
3401,CA-2014-102274,193.95,3,0,9.6975,562
3402,CA-2014-102274,5.46,3,0,1.4742,7
3430,CA-2017-148264,29.79,3,0,8.6391,339
3442,CA-2017-168858,16.74,3,0,8.37,410
3484,CA-2014-124688,1202.94,3,0,300.735,1399
3499,CA-2016-108616,209.97,3,0,71.3898,1531
3500,CA-2016-108616,62.94,3,0,30.2112,547
3515,CA-2016-168536,66.3,3,0,8.619,178
3522,CA-2016-114482,404.94,3,0,109.3338,235
3525,CA-2017-148922,599.97,3,0,257.9871,657
3526,CA-2017-148922,38.97,3,0,0.7794,787
3536,CA-2016-145842,40.74,3,0,0.4074,1043
3537,CA-2014-158771,83.25,3,0,14.985,18
3538,CA-2014-158771,9.45,3,0,4.536,1052
3566,CA-2017-103877,1577.94,3,0,757.4112,116
3592,CA-2016-108434,465.18,3,0,120.9468,1469
3606,CA-2016-119683,29.34,3,0,13.4964,712
3653,CA-2017-109960,14.94,3,0,7.0218,818
3661,CA-2016-155005,377.97,3,0,94.4925,1574
3678,CA-2015-132626,464.97,3,0,209.2365,1542
3680,CA-2015-132626,12.39,3,0,5.6994,1597
3681,CA-2015-132626,84.09,3,0,42.045,920
3686,CA-2016-102792,9.84,3,0,3.2472,348
3696,CA-2016-142097,43.26,3,0,14.2758,338
3703,CA-2015-104941,19.14,3,0,8.8044,1217
3704,CA-2015-104941,899.97,3,0,314.9895,858
3713,CA-2017-166198,162.6,3,0,34.146,804
3728,CA-2016-165169,14.94,3,0,6.8724,1530
3735,CA-2017-168193,71.97,3,0,16.5531,937
3744,CA-2014-113047,11.85,3,0,3.792,1452
3746,CA-2016-149979,368.97,3,0,81.1734,1277
3752,CA-2017-161956,116.28,3,0,56.9772,977
3763,CA-2016-156251,8.52,3,0,4.1748,805
3772,CA-2014-115357,62.91,3,0,22.6476,925
3793,CA-2015-163762,29.79,3,0,12.5118,1078
3817,CA-2015-102582,59.97,3,0,0,1451
3831,US-2015-111927,76.14,3,0,26.649,1615
3840,CA-2014-126760,170.97,3,0,70.0977,1617
3847,CA-2017-129000,501.81,3,0,0,755
3886,CA-2016-167759,134.85,3,0,37.758,1539
3888,CA-2014-100895,239.97,3,0,67.1916,521
3912,CA-2017-148068,19.44,3,0,9.3312,998
3925,CA-2014-103940,57.93,3,0,16.2204,1231
3944,CA-2016-133144,17.34,3,0,8.4966,615
3956,CA-2016-114951,22.14,3,0,6.4206,1268
3962,CA-2017-134838,12.84,3,0,3.4668,1015
3963,CA-2017-134838,44.67,3,0,12.0609,952
3977,CA-2017-101308,8.94,3,0,4.1124,129
3980,CA-2014-114517,56.52,3,0,15.8256,556
3981,CA-2017-119564,22.77,3,0,9.7911,565
3994,CA-2015-105627,512.94,3,0,97.4586,1550
4013,CA-2015-165624,542.94,3,0,152.0232,1118
4014,CA-2015-165624,8.64,3,0,4.2336,1197
4019,CA-2015-165624,25.86,3,0,6.7236,23
4029,CA-2017-124296,479.97,3,0,239.985,967
4047,US-2015-166520,80.88,3,0,39.6312,992
4049,CA-2017-136350,276.69,3,0,49.8042,743
4078,CA-2015-100685,116.28,3,0,56.9772,977
4090,CA-2016-161473,10.95,3,0,3.285,508
4095,CA-2015-102491,587.97,3,0,170.5113,1630
4111,CA-2015-153717,17.34,3,0,8.4966,1226
4117,CA-2015-153416,19.44,3,0,9.3312,515
4122,CA-2017-133823,37.59,3,0,17.6673,1368
4124,CA-2014-127523,35.91,3,0,9.6957,362
4134,CA-2014-128839,209.97,3,0,90.2871,383
4141,CA-2016-136287,18.9,3,0,8.694,167
4144,CA-2017-112725,8.82,3,0,2.3814,1658
4146,CA-2015-136196,322.59,3,0,64.518,218
4159,US-2016-164588,12.84,3,0,3.7236,19
4160,CA-2017-115546,539.97,3,0,134.9925,1419
4163,CA-2015-163587,671.94,3,0,315.8118,1199
4166,CA-2015-160213,19.44,3,0,9.3312,1485
4177,CA-2014-128846,122.97,3,0,60.2553,846
4182,US-2017-136868,17.04,3,0,7.668,568
4183,US-2017-136868,344.91,3,0,10.3473,158
4190,CA-2017-166709,10499.97,3,0,5039.9856,1406
4196,US-2015-134271,21.93,3,0,10.3071,682
4207,CA-2014-145387,17.67,3,0,7.7748,327
4211,CA-2014-166457,9.42,3,0,4.239,1426
4214,CA-2016-164637,128.4,3,0,64.2,1664
4216,CA-2015-111234,9.24,3,0,4.4352,647
4223,CA-2017-134565,174.42,3,0,41.8608,678
4242,CA-2016-159142,149.97,3,0,5.9988,142
4243,CA-2016-159142,27.81,3,0,13.0707,1300
4244,CA-2014-138436,66.3,3,0,8.619,178
4283,CA-2014-103100,1103.97,3,0,496.7865,1520
4295,CA-2017-169124,129.39,3,0,54.3438,1646
4311,CA-2014-125829,19.44,3,0,9.3312,1415
4316,CA-2015-115945,304.23,3,0,9.1269,542
4326,CA-2016-153346,9.21,3,0,2.3025,1335
4337,CA-2015-125234,107.97,3,0,22.6737,359
4338,CA-2015-125234,113.82,3,0,53.4954,68
4341,CA-2017-130309,544.38,3,0,157.8702,247
4347,CA-2016-120355,60.72,3,0,26.1096,1681
4361,US-2017-163195,29.16,3,0,8.4564,120
4362,CA-2017-111332,131.94,3,0,35.6238,402
4365,CA-2017-111332,7.41,3,0,3.4827,1110
4376,CA-2014-166954,270.72,3,0,78.5088,1297
4380,CA-2015-152891,60.45,3,0,16.3215,632
4390,CA-2017-111556,1259.97,3,0,327.5922,1481
4391,CA-2017-111556,68.97,3,0,19.3116,1254
4400,CA-2016-131737,901.95,3,0,297.6435,229
4403,CA-2014-127936,21.24,3,0,8.0712,1686
4407,CA-2016-100041,314.55,3,0,150.984,986
4411,CA-2014-130624,19.65,3,0,9.039,1266
4412,CA-2014-130624,617.97,3,0,160.6722,522
4413,CA-2014-130624,59.7,3,0,26.865,950
4423,CA-2017-159464,302.94,3,0,75.735,1687
4427,US-2017-103226,27.18,3,0,12.231,189
4429,CA-2017-147725,70.95,3,0,18.447,1585
4431,CA-2016-168893,7.98,3,0,2.0748,1624
4434,CA-2016-168893,842.94,3,0,160.1586,1688
4450,CA-2015-121965,186.69,3,0,87.7443,639
4477,CA-2017-130211,333.09,3,0,23.3163,1695
4483,CA-2016-109365,116.28,3,0,56.9772,1697
4485,CA-2016-109365,19.44,3,0,9.3312,1298
4486,CA-2016-109365,314.55,3,0,150.984,1089
4505,US-2014-138247,62.85,3,0,13.1985,343
4520,CA-2014-109491,62.31,3,0,22.4316,1207
4531,CA-2016-118759,40.44,3,0,10.5144,148
4535,CA-2017-138464,15.84,3,0,4.9104,1237
4537,CA-2017-138464,18.24,3,0,6.2016,492
4553,US-2014-106334,12.84,3,0,5.778,636
4554,CA-2016-101448,56.82,3,0,28.41,93
4560,CA-2015-118871,271.44,3,0,122.148,233
4569,CA-2014-169460,76.14,3,0,26.649,1615
4570,US-2015-152128,21.24,3,0,8.0712,1686
4578,CA-2015-110947,113.1,3,0,56.55,446
4587,US-2017-163790,5.58,3,0,0.1674,809
4588,US-2017-163790,25.02,3,0,10.5084,1710
4595,CA-2016-129868,53.97,3,0,15.1116,652
4597,US-2017-169502,21.81,3,0,5.8887,520
4607,CA-2015-135020,535.41,3,0,160.623,523
4618,CA-2015-117800,542.94,3,0,141.1644,325
4629,CA-2016-101336,36.63,3,0,9.8901,769
4632,CA-2017-168396,123.96,3,0,11.1564,484
4635,CA-2017-116288,242.94,3,0,9.7176,463
4637,CA-2017-168228,12.39,3,0,5.6994,106
4646,CA-2014-146885,13.62,3,0,6.129,708
4674,CA-2016-133550,272.94,3,0,30.0234,271
4695,US-2015-138121,302.94,3,0,48.4704,940
4698,US-2015-138121,212.13,3,0,14.8491,1474
4708,CA-2017-138149,130.71,3,0,39.213,124
4710,CA-2017-138149,62.31,3,0,22.4316,1207
4717,CA-2015-129042,8.22,3,0,2.2194,451
4723,CA-2016-159653,14.73,3,0,7.2177,527
4731,US-2015-103996,9.87,3,0,4.5402,1139
4732,US-2015-103996,53.25,3,0,20.7675,945
4733,US-2015-103996,19.92,3,0,9.5616,1516
4741,CA-2017-164364,9.21,3,0,2.3025,1335
4742,CA-2017-164364,27.93,3,0,8.0997,666
4746,CA-2017-168123,18.69,3,0,9.1581,806
4747,CA-2016-120005,25.35,3,0,7.605,1593
4748,CA-2016-120005,35.28,3,0,11.9952,1552
4763,CA-2014-112851,182.94,3,0,85.9818,1725
4770,US-2016-114888,6.24,3,0,1.872,1726
4776,CA-2016-101630,8.67,3,0,4.0749,873
4777,CA-2016-101630,25.71,3,0,6.6846,1269
4795,CA-2015-120516,5.64,3,0,2.7072,626
4807,CA-2015-137708,33.63,3,0,10.089,608
4814,CA-2016-111696,17.94,3,0,8.073,152
4828,CA-2014-152562,5.64,3,0,1.6356,876
4831,CA-2014-120278,36.63,3,0,9.8901,769
4833,CA-2014-120278,12.39,3,0,5.8233,933
4853,CA-2014-113320,12.54,3,0,4.5144,1016
4854,CA-2014-113320,8.94,3,0,0.6258,386
4855,CA-2014-113320,9.24,3,0,4.4352,51
4864,CA-2017-163531,239.97,3,0,67.1916,521
4867,CA-2017-122490,344.91,3,0,10.3473,158
4868,CA-2017-122490,8.64,3,0,4.2336,751
4886,CA-2016-163167,182.67,3,0,52.9743,214
4888,CA-2016-163167,1126.02,3,0,56.301,462
4890,CA-2016-135776,8.82,3,0,2.5578,458
4903,CA-2017-110884,91.59,3,0,42.1314,586
4918,CA-2016-160304,173.94,3,0,38.2668,268
4927,CA-2017-143245,19.44,3,0,9.3312,1204
4928,CA-2017-143245,897.15,3,0,251.202,1191
4930,US-2014-138828,14.94,3,0,7.0218,818
4949,CA-2017-107125,18.84,3,0,6.0288,550
4950,CA-2016-125815,12.42,3,0,5.2164,156
4955,CA-2014-160262,79.14,3,0,36.4044,963
4962,CA-2014-156587,17.94,3,0,4.6644,252
4963,CA-2014-156587,242.94,3,0,4.8588,879
4966,CA-2015-122406,128.85,3,0,3.8655,1314
4983,CA-2016-109925,84.84,3,0,22.9068,87
5004,CA-2014-156006,47.79,3,0,16.2486,1382
5007,CA-2015-169796,17.94,3,0,3.0498,1209
5017,CA-2014-127558,10.11,3,0,3.2352,226
5018,CA-2014-127558,772.47,3,0,146.7693,219
5020,CA-2017-136511,347.58,3,0,17.379,416
5022,CA-2016-133795,772.47,3,0,146.7693,219
5025,US-2017-130953,461.97,3,0,133.9713,350
5027,US-2017-130953,302.67,3,0,72.6408,1748
5029,CA-2017-139304,8.34,3,0,2.1684,1498
5032,CA-2016-155166,212.94,3,0,25.5528,57
5035,CA-2014-169803,653.55,3,0,111.1035,567
5041,CA-2016-158694,67.71,3,0,32.5008,1457
5062,CA-2015-136798,377.97,3,0,105.8316,1076
5063,CA-2015-136798,123.96,3,0,11.1564,484
5070,CA-2014-124478,38.34,3,0,17.253,119
5078,CA-2017-143217,18.24,3,0,8.5728,530
5092,CA-2015-119102,51.45,3,0,13.8915,460
5117,CA-2015-127173,34.44,3,0,16.1868,273
5122,CA-2014-149538,19.44,3,0,9.3312,1752
5129,CA-2014-160766,287.97,3,0,80.6316,1506
5138,CA-2017-128335,23.34,3,0,10.9698,844
5149,CA-2014-141796,1214.85,3,0,352.3065,1258
5153,US-2014-121566,6.6,3,0,2.904,210
5155,US-2015-124219,212.94,3,0,34.0704,1480
5165,CA-2014-121006,12.84,3,0,5.778,1022
5166,CA-2014-121006,15.84,3,0,7.128,220
5167,CA-2014-121006,563.94,3,0,112.788,504
5168,CA-2014-121006,62.94,3,0,11.9586,1028
5169,CA-2014-121006,535.41,3,0,160.623,523
5171,CA-2016-122903,144.12,3,0,69.1776,700
5172,CA-2016-122903,314.55,3,0,150.984,929
5182,CA-2017-108749,45.78,3,0,22.89,792
5183,CA-2017-163335,40.29,3,0,10.0725,1706
5195,CA-2014-101560,45.66,3,0,22.3734,340
5196,CA-2014-159709,158.13,3,0,77.4837,442
5203,CA-2015-142454,70.26,3,0,18.9702,1259
5210,CA-2015-156755,465.18,3,0,120.9468,1469
5211,CA-2015-130876,36.63,3,0,9.8901,769
5212,CA-2016-145898,51.45,3,0,13.8915,460
5213,CA-2016-145898,7.83,3,0,3.6018,957
5217,CA-2017-134635,79.14,3,0,36.4044,147
5220,CA-2014-140487,212.94,3,0,57.4938,1652
5224,US-2017-109582,166.44,3,0,79.8912,420
5235,CA-2016-111143,54.96,3,0,15.9384,1572
5236,CA-2014-166744,164.22,3,0,50.9082,867
5237,CA-2014-166744,362.94,3,0,36.294,433
5239,CA-2016-116561,332.94,3,0,6.6588,17
5248,US-2017-110989,43.5,3,0,10.875,176
5252,CA-2015-132318,182.91,3,0,53.0439,1320
5266,CA-2017-147452,167.94,3,0,82.2906,1583
5274,CA-2015-162887,715.2,3,0,178.8,472
5282,CA-2015-105158,36.84,3,0,17.3148,316
5283,CA-2014-133424,15.84,3,0,0,1527
5284,CA-2014-133424,44.4,3,0,22.2,585
5299,CA-2016-106656,18.9,3,0,8.694,167
5306,US-2016-168410,296.37,3,0,80.0199,601
5327,CA-2014-130813,19.44,3,0,9.3312,515
5334,CA-2014-103331,17.34,3,0,8.4966,1226
5348,CA-2015-149811,32.34,3,0,15.5232,835
5371,US-2017-136721,306.9,3,0,79.794,749
5376,CA-2017-134152,31.44,3,0,7.86,1578
5379,CA-2016-136021,15.54,3,0,7.6146,1274
5388,CA-2017-164707,109.53,3,0,47.0979,1327
5406,US-2016-143280,10.65,3,0,5.0055,1063
5412,CA-2017-166856,101.34,3,0,8.1072,1766
5428,CA-2016-113096,46.53,3,0,12.0978,172
5435,CA-2015-160171,270,3,0,97.2,295
5444,CA-2015-148712,10.71,3,0,2.7846,1773
5448,US-2014-119081,357.93,3,0,7.1586,1440
5461,CA-2017-101574,9.24,3,0,4.4352,51
5469,CA-2014-132451,19.44,3,0,9.3312,984
5475,CA-2017-169691,44.4,3,0,22.2,585
5477,CA-2017-169691,17.94,3,0,8.7906,1693
5478,CA-2016-121356,128.4,3,0,62.916,1171
5498,CA-2017-164378,7.83,3,0,3.6018,288
5513,CA-2015-103177,239.97,3,0,2.3997,1777
5515,CA-2015-103177,128.85,3,0,3.8655,1314
5532,US-2016-167472,26.85,3,0,5.1015,1054
5533,US-2016-167472,323.37,3,0,129.348,625
5534,US-2016-167472,59.94,3,0,28.1718,371
5535,US-2016-167472,64.14,3,0,30.7872,95
5536,US-2016-167472,11.67,3,0,5.6016,1075
5538,CA-2015-120551,17.43,3,0,8.0178,705
5548,CA-2014-159800,43.68,3,0,11.7936,946
5560,US-2015-114741,14.94,3,0,6.8724,696
5577,CA-2016-136686,56.52,3,0,15.8256,556
5585,CA-2017-105333,546.06,3,0,163.818,1784
5586,CA-2017-105333,269.49,3,0,5.3898,438
5589,CA-2016-115224,34.05,3,0,9.534,76
5595,CA-2017-160325,437.85,3,0,131.355,1299
5597,CA-2017-151176,25.02,3,0,6.5052,1069
5598,CA-2017-151176,10.71,3,0,2.7846,1773
5630,CA-2014-127614,234.45,3,0,103.158,480
5636,CA-2017-123022,284.97,3,0,85.491,1545
5637,CA-2017-113208,60.84,3,0,23.1192,1789
5643,CA-2015-166604,17.94,3,0,8.7906,1317
5647,CA-2017-168179,19.44,3,0,9.3312,591
5669,CA-2016-142405,389.97,3,0,132.5898,1315
5682,CA-2014-164315,15.84,3,0,7.128,1662
5694,US-2015-138093,542.94,3,0,141.1644,325
5705,CA-2014-155593,11.64,3,0,3.3756,1589
5707,US-2015-160857,79.44,3,0,30.1872,756
5708,US-2015-160857,357.93,3,0,7.1586,1440
5711,US-2015-160857,19.44,3,0,9.3312,1564
5713,US-2014-143707,5.94,3,0,1.6038,877
5716,CA-2015-124107,29.16,3,0,8.4564,120
5727,CA-2017-117324,178.11,3,0,32.0598,1100
5728,CA-2017-117324,1089.75,3,0,305.13,972
5733,CA-2017-143574,30.69,3,0,7.9794,688
5743,US-2017-147886,20.04,3,0,9.6192,584
5751,CA-2016-125850,44.4,3,0,22.2,1792
5761,CA-2017-158169,542.94,3,0,152.0232,1118
5770,CA-2015-103835,14.91,3,0,4.6221,532
5778,CA-2014-105270,30.48,3,0,7.9248,403
5797,CA-2014-124856,18.9,3,0,8.694,927
5813,CA-2015-150196,19.44,3,0,9.3312,1752
5847,CA-2015-126725,36.6,3,0,15.372,1133
5849,CA-2015-121783,795.51,3,0,143.1918,1255
5851,CA-2015-121783,74.76,3,0,34.3896,447
5852,CA-2015-121783,29.22,3,0,12.8568,223
5862,CA-2016-101525,19.44,3,0,9.3312,1321
5864,US-2014-117968,79.47,3,0,22.2516,1289
5871,CA-2016-154235,127.95,3,0,21.7515,102
5874,CA-2017-133095,9.54,3,0,4.3884,1325
5877,CA-2014-152443,17.94,3,0,8.7906,1693
5884,CA-2016-136301,4912.59,3,0,196.5036,1376
5886,US-2014-109456,179.97,3,0,86.3856,609
5894,CA-2017-100825,99.87,3,0,23.9688,1305
5895,CA-2014-168305,44.4,3,0,22.2,1792
5901,CA-2016-159639,31.56,3,0,10.4148,1183
5902,US-2017-153948,59.94,3,0,28.1718,371
5908,US-2016-113985,59.7,3,0,26.865,950
5909,US-2016-113985,14.52,3,0,5.6628,1600
5911,CA-2016-155383,46.53,3,0,13.0284,179
5912,CA-2014-120432,25.5,3,0,6.63,1800
5919,US-2015-126977,209.97,3,0,58.7916,605
5949,CA-2017-161046,299.97,3,0,125.9874,412
5964,CA-2017-119011,17.22,3,0,5.166,1337
5971,CA-2014-141726,43.02,3,0,15.4872,619
6006,CA-2017-129581,128.85,3,0,3.8655,1314
6007,CA-2017-129028,127.95,3,0,21.7515,102
6008,CA-2015-135580,68.52,3,0,31.5192,1149
6009,CA-2015-135580,74.94,3,0,14.2386,354
6011,CA-2015-135580,271.44,3,0,122.148,233
6017,CA-2014-102652,19.44,3,0,9.3312,1176
6029,US-2016-112970,9.84,3,0,2.8536,959
6033,CA-2015-130253,15.24,3,0,5.1816,1546
6036,CA-2016-131205,42.6,3,0,16.614,381
6039,CA-2016-131205,5.28,3,0,2.5344,1286
6046,CA-2016-154662,692.94,3,0,173.235,1775
6061,CA-2015-134201,14.67,3,0,6.0147,284
6063,CA-2015-111780,12.6,3,0,6.174,801
6064,CA-2015-111780,17.94,3,0,8.073,461
6078,CA-2016-151561,10.95,3,0,3.285,508
6079,CA-2016-151561,191.82,3,0,61.3824,444
6087,CA-2015-114048,29.22,3,0,12.8568,223
6102,CA-2017-100111,104.85,3,0,28.3095,141
6103,CA-2017-100111,59.97,3,0,20.3898,85
6117,US-2016-113677,14.94,3,0,6.8724,645
6129,CA-2017-162033,53.25,3,0,20.7675,945
6139,US-2015-113593,115.44,3,0,30.0144,1444
6144,CA-2017-151190,20.07,3,0,9.2322,1080
6157,CA-2016-104150,81.54,3,0,38.3238,114
6181,CA-2015-158421,113.73,3,0,32.9817,534
6186,CA-2015-138954,70.95,3,0,20.5755,395
6191,CA-2017-107986,31.44,3,0,8.4888,475
6198,CA-2015-149909,50.97,3,0,13.2522,1271
6211,CA-2017-119809,65.94,3,0,22.4196,509
6212,CA-2017-149944,18.24,3,0,9.12,836
6215,CA-2015-161711,68.16,3,0,27.9456,207
6217,US-2015-129553,29.97,3,0,0.2997,1147
6232,US-2017-142188,19.44,3,0,9.3312,515
6238,CA-2015-134075,166.5,3,0,21.645,1294
6243,CA-2016-165561,25.35,3,0,7.605,1593
6245,CA-2015-112305,22.14,3,0,6.4206,1268
6248,CA-2017-121580,6.24,3,0,2.6208,1045
6253,CA-2014-165806,200.97,3,0,50.2425,1097
6258,CA-2015-133536,22.92,3,0,11.2308,667
6263,CA-2017-160724,34.5,3,0,15.525,1033
6273,US-2016-139087,12.42,3,0,4.4712,1396
6274,US-2016-139087,428.4,3,0,89.964,1812
6293,CA-2015-151253,64.14,3,0,16.6764,1412
6299,CA-2017-107314,25.83,3,0,9.5571,1814
6311,CA-2014-112837,127.95,3,0,21.7515,102
6312,CA-2017-120019,579.51,3,0,81.1314,1690
6316,CA-2014-100762,144.12,3,0,69.1776,1434
6323,CA-2014-104402,65.97,3,0,31.0059,1764
6327,CA-2014-167927,272.94,3,0,30.0234,271
6331,CA-2014-167927,43.92,3,0,12.7368,1074
6332,CA-2014-167927,14.73,3,0,4.8609,883
6342,CA-2015-146255,119.85,3,0,52.734,242
6345,CA-2015-146255,587.97,3,0,170.5113,1630
6348,CA-2015-104486,37.32,3,0,10.4496,255
6372,CA-2017-143035,6.63,3,0,3.1161,797
6373,CA-2017-143035,371.97,3,0,66.9546,701
6403,CA-2017-125472,8.01,3,0,3.0438,1592
6412,CA-2017-151211,102.93,3,0,48.3771,143
6419,CA-2016-140130,368.97,3,0,81.1734,1277
6420,CA-2016-140130,12.39,3,0,3.4692,1586
6421,CA-2016-140130,332.94,3,0,9.9882,1459
6424,CA-2017-115777,19.44,3,0,9.3312,1576
6441,CA-2016-101161,99.87,3,0,23.9688,1305
6444,CA-2016-101161,82.26,3,0,33.7266,913
6461,US-2017-133361,89.97,3,0,18.8937,1058
6497,CA-2015-103135,20.94,3,0,6.0726,6
6504,CA-2017-128265,1247.64,3,0,349.3392,406
6510,CA-2017-102197,34.02,3,0,16.6698,758
6521,CA-2017-138289,302.67,3,0,72.6408,1748
6562,CA-2014-166086,16.14,3,0,7.9086,62
6564,CA-2014-166086,8.64,3,0,2.5056,677
6580,CA-2016-169887,8.34,3,0,2.2518,1650
6581,CA-2016-169887,101.94,3,0,30.582,1825
6582,CA-2016-148516,179.97,3,0,86.3856,609
6587,CA-2017-104731,302.94,3,0,69.6762,719
6588,CA-2017-104731,14.94,3,0,7.1712,597
6591,CA-2015-103716,34.65,3,0,9.702,334
6599,CA-2014-154095,60.72,3,0,23.6808,531
6600,CA-2014-154095,146.82,3,0,73.41,1458
6604,CA-2016-148852,5.94,3,0,0,499
6612,CA-2015-107678,21.3,3,0,9.798,21
6614,CA-2015-107678,209.88,3,0,35.6796,589
6621,US-2017-167402,212.94,3,0,53.235,1567
6637,CA-2017-103352,6.99,3,0,2.0271,375
6677,CA-2015-109337,393.54,3,0,165.2868,1566
6681,CA-2017-145037,146.82,3,0,73.41,1647
6693,CA-2017-144225,164.88,3,0,80.7912,1416
6694,US-2016-163538,47.97,3,0,14.8707,1108
6704,CA-2015-139164,5.43,3,0,1.7919,811
6707,CA-2014-167724,7.83,3,0,3.6018,1829
6722,CA-2017-102974,16.74,3,0,4.8546,1272
6724,CA-2016-128811,10.47,3,0,4.8162,205
6725,CA-2016-128811,11.07,3,0,5.2029,1675
6735,CA-2016-123358,113.76,3,0,44.3664,993
6736,CA-2016-123358,579.51,3,0,81.1314,1690
6748,CA-2017-100230,17.94,3,0,8.073,1374
6760,CA-2017-100636,272.94,3,0,0,73
6778,US-2016-147711,344.94,3,0,31.0446,1132
6787,CA-2015-118843,129.93,3,0,12.993,791
6792,CA-2014-141005,62.94,3,0,30.2112,547
6815,CA-2014-144414,6.24,3,0,2.6208,1045
6830,CA-2016-140438,197.97,3,0,53.4519,994
6841,CA-2016-123946,20.7,3,0,1.656,1719
6842,CA-2016-123946,11.34,3,0,5.2164,1239
6853,US-2017-162670,494.97,3,0,148.491,1424
6856,US-2017-162670,182.94,3,0,85.9818,1725
6857,CA-2017-128965,28.14,3,0,13.5072,954
6866,US-2016-126452,254.97,3,0,91.7892,107
6876,US-2016-121013,1652.94,3,0,314.0586,1270
6882,CA-2015-137113,146.73,3,0,2.9346,1177
6887,CA-2017-120222,19.05,3,0,8.763,70
6891,CA-2017-164756,113.94,3,0,34.182,109
6911,CA-2017-168942,186.54,3,0,50.3658,828
6918,CA-2016-105473,28.8,3,0,0.864,1533
6926,CA-2016-140046,18.9,3,0,8.694,1758
6928,CA-2016-140382,21.93,3,0,10.3071,579
6942,CA-2017-107132,68.52,3,0,31.5192,1287
6959,CA-2015-167255,146.82,3,0,73.41,128
6961,CA-2017-162096,7.8,3,0,2.106,1036
6963,CA-2016-157161,22.32,3,0,5.58,1473
6968,CA-2015-110765,824.97,3,0,214.4922,911
6981,CA-2014-146990,30.18,3,0,13.8828,1631
6990,CA-2015-109386,44.43,3,0,18.6606,673
6992,CA-2015-109386,186.54,3,0,41.0388,1306
6999,CA-2017-123687,208.44,3,0,62.532,1739
7014,CA-2014-114790,146.76,3,0,38.1576,417
7016,CA-2014-114790,587.97,3,0,164.6316,474
7017,CA-2014-114790,14.94,3,0,7.0218,1483
7029,CA-2016-145548,28.14,3,0,7.8792,1201
7031,CA-2016-145548,92.94,3,0,25.0938,292
7038,CA-2017-161970,17.94,3,0,6.4584,1844
7058,CA-2016-165330,50.22,3,0,2.0088,1796
7064,CA-2017-169474,32.67,3,0,8.4942,939
7087,US-2017-143175,99.87,3,0,23.9688,1305
7090,CA-2015-119480,106.32,3,0,49.9704,260
7091,CA-2015-119480,163.44,3,0,45.7632,1323
7118,CA-2017-104906,17.94,3,0,8.7906,1347
7123,CA-2015-128013,10.02,3,0,4.4088,1556
7124,CA-2015-128013,144.12,3,0,69.1776,1434
7125,CA-2016-123176,17.94,3,0,8.7906,1310
7126,CA-2016-123176,13.89,3,0,4.5837,184
7131,CA-2017-141439,257.94,3,0,67.0644,987
7135,CA-2017-141439,828.6,3,0,240.294,159
7147,CA-2016-139941,92.94,3,0,41.823,1185
7148,CA-2016-139941,52.56,3,0,18.396,1311
7161,CA-2014-138709,21.84,3,0,10.92,341
7171,CA-2017-125381,107.97,3,0,22.6737,359
7179,US-2016-144351,89.97,3,0,25.1916,1529
7180,CA-2014-106054,12.78,3,0,5.2398,321
7210,US-2016-119046,30.18,3,0,13.8828,1631
7213,CA-2017-154949,14.73,3,0,7.2177,1134
7216,CA-2015-150770,8.82,3,0,2.5578,458
7221,US-2017-104437,137.94,3,0,35.8644,1704
7229,CA-2014-157546,22.83,3,0,10.7301,231
7236,CA-2014-138737,8.64,3,0,2.4192,655
7250,CA-2015-158491,989.97,3,0,395.988,1769
7252,CA-2016-152457,68.52,3,0,31.5192,1287
7253,CA-2016-152730,364.74,3,0,109.422,168
7278,CA-2016-157217,389.97,3,0,132.5898,1315
7287,CA-2016-149965,57.69,3,0,23.6529,1413
7308,CA-2016-144092,158.13,3,0,77.4837,442
7309,CA-2017-112172,14.13,3,0,0.7065,1228
7315,CA-2017-115322,43.92,3,0,12.7368,1074
7324,US-2017-126053,9.45,3,0,4.536,367
7342,CA-2014-116190,25.71,3,0,9.2556,1713
7360,CA-2016-163594,19.44,3,0,9.3312,1156
7372,US-2017-123862,61.02,3,0,0.6102,1534
7379,CA-2016-105732,40.74,3,0,0.4074,1043
7383,CA-2016-105732,17.61,3,0,8.4528,713
7385,CA-2016-105732,17.64,3,0,8.6436,1027
7388,CA-2016-105732,29.97,3,0,0.2997,1147
7393,CA-2017-147844,59.52,3,0,15.4752,1522
7404,CA-2015-100146,122.91,3,0,34.4148,519
7427,US-2014-164763,11.43,3,0,5.3721,541
7431,US-2014-164763,32.67,3,0,8.4942,939
7441,CA-2015-120446,18.9,3,0,8.694,167
7468,CA-2014-138100,14.94,3,0,7.0218,818
7496,CA-2017-121048,276.69,3,0,49.8042,743
7499,CA-2017-121048,18.84,3,0,7.9128,193
7500,CA-2017-121048,140.97,3,0,19.7358,440
7527,US-2017-106145,9.24,3,0,2.9568,1410
7535,US-2017-160143,29.7,3,0,8.019,563
7550,CA-2014-140396,34.74,3,0,17.37,1790
7557,CA-2017-159506,497.94,3,0,224.073,904
7558,US-2014-137155,533.94,3,0,154.8426,161
7559,US-2014-137155,167.94,3,0,82.2906,973
7570,CA-2014-133830,15,3,0,7.2,665
7578,CA-2016-138597,563.94,3,0,112.788,504
7580,CA-2015-123113,17.94,3,0,4.485,887
7585,CA-2014-163223,122.97,3,0,60.2553,1138
7587,CA-2014-163223,122.94,3,0,59.0112,807
7588,CA-2017-122945,17.31,3,0,5.193,1148
7610,CA-2014-133354,19.44,3,0,9.3312,591
7614,CA-2015-113740,14.91,3,0,4.6221,532
7622,US-2014-144078,7.44,3,0,2.604,1853
7636,US-2017-158526,258.75,3,0,77.625,874
7637,CA-2017-104885,59.52,3,0,15.4752,1522
7667,US-2016-140158,119.1,3,0,34.539,1745
7669,CA-2015-130974,59.94,3,0,28.1718,687
7672,CA-2015-130974,38.97,3,0,4.6764,1856
7675,CA-2017-133487,152.94,3,0,41.2938,478
7678,CA-2014-133592,14.94,3,0,7.0218,1035
7683,CA-2015-120782,3812.97,3,0,1906.485,454
7689,US-2017-128951,179.94,3,0,50.3832,817
7690,US-2017-128951,872.94,3,0,157.1292,311
7699,CA-2017-151799,25.71,3,0,6.6846,1269
7703,CA-2016-114601,209.97,3,0,58.7916,605
7705,CA-2016-114601,479.97,3,0,163.1898,333
7706,CA-2016-114601,8.64,3,0,2.5056,677
7719,CA-2015-108588,59.52,3,0,15.4752,1522
7722,US-2017-138086,40.74,3,0,12.222,1858
7727,US-2015-150231,17.52,3,0,6.3072,1691
7734,CA-2017-134418,12.42,3,0,5.2164,156
7735,US-2016-106313,19.44,3,0,9.3312,686
7744,CA-2016-133613,566.97,3,0,153.0819,875
7745,CA-2016-133613,9.84,3,0,2.8536,959
7748,CA-2015-133242,60.84,3,0,19.4688,1513
7751,CA-2015-133242,467.97,3,0,140.391,500
7758,CA-2017-112844,154.95,3,0,30.99,1733
7764,US-2017-118941,17.52,3,0,5.256,517
7774,CA-2016-152800,6.12,3,0,2.8764,30
7776,CA-2014-166961,7.86,3,0,3.6156,1740
7777,CA-2014-166961,51.45,3,0,13.8915,460
7797,CA-2017-166184,47.01,3,0,22.0947,1375
7811,CA-2016-134334,7.98,3,0,2.0748,1624
7816,CA-2016-138478,113.22,3,0,29.4372,988
7822,US-2014-115413,8.64,3,0,2.5056,1017
7823,US-2014-115413,149.97,3,0,52.4895,1244
7829,CA-2015-137302,59.52,3,0,15.4752,400
7839,US-2014-137869,6.12,3,0,2.8764,30
7842,CA-2014-158470,58.05,3,0,26.703,618
7858,CA-2014-103429,235.95,3,0,77.8635,1163
7867,CA-2014-100972,166.44,3,0,79.8912,1256
7892,CA-2016-148684,106.32,3,0,49.9704,1763
7910,CA-2016-149762,48.72,3,0,7.308,726
7915,CA-2017-165323,101.34,3,0,8.1072,1766
7921,CA-2017-107713,174.3,3,0,81.921,928
7926,CA-2017-120404,2.97,3,0,1.3365,1450
7928,CA-2017-120404,50.97,3,0,9.1746,1826
7930,CA-2016-120082,59.52,3,0,17.856,1051
7938,CA-2017-166093,540.57,3,0,140.5482,740
7977,CA-2014-166051,659.97,3,0,197.991,423
7978,CA-2014-166051,113.73,3,0,32.9817,534
7988,US-2016-117793,37.59,3,0,17.6673,1613
8004,CA-2014-143210,45.84,3,0,15.5856,683
8008,CA-2015-110863,106.32,3,0,49.9704,260
8015,CA-2017-120168,18.84,3,0,6.0288,550
8037,CA-2017-169012,41.91,3,0,10.8966,1836
8052,CA-2014-109904,17.94,3,0,4.485,887
8063,CA-2016-132997,359.97,3,0,100.7916,1222
8065,CA-2016-132997,116.82,3,0,5.841,42
8067,US-2015-160563,239.97,3,0,86.3892,431
8076,CA-2015-106187,27.42,3,0,9.3228,651
8078,CA-2015-106187,75,3,0,18,1388
8093,CA-2017-133046,23.88,3,0,10.5072,746
8099,CA-2016-169663,26.85,3,0,5.1015,1054
8115,CA-2017-101014,148.02,3,0,41.4456,1850
8132,CA-2014-127866,535.41,3,0,160.623,523
8134,CA-2015-121776,36.84,3,0,17.3148,316
8141,CA-2016-100993,14.73,3,0,7.2177,613
8142,CA-2016-100993,186.54,3,0,50.3658,828
8152,CA-2017-140151,20.04,3,0,9.6192,486
8170,CA-2017-107174,108.96,3,0,32.688,482
8188,CA-2015-140375,19.44,3,0,9.3312,686
8203,CA-2015-114811,11.82,3,0,4.728,1833
8229,CA-2016-123050,89.97,3,0,37.7874,1026
8230,CA-2016-162355,35.97,3,0,9.7119,372
8242,CA-2014-109855,357,3,0,57.12,1211
8244,CA-2014-109897,85.44,3,0,31.6128,1157
8245,US-2014-143581,344.91,3,0,10.3473,158
8256,CA-2017-152310,46.74,3,0,11.685,453
8262,CA-2016-100307,19.44,3,0,9.3312,355
8264,CA-2014-131800,122.94,3,0,30.735,1869
8279,CA-2017-146192,675.06,3,0,87.7578,914
8299,US-2014-103338,7.98,3,0,2.0748,1624
8328,CA-2017-118577,143.7,3,0,68.976,1062
8333,CA-2016-153269,17.94,3,0,8.7906,1809
8341,CA-2017-141481,61.44,3,0,16.5888,570
8356,CA-2016-163174,186.54,3,0,41.0388,1306
8372,CA-2016-113726,82.26,3,0,33.7266,913
8383,CA-2016-145135,59.97,3,0,14.9925,815
8392,CA-2016-142594,137.94,3,0,35.8644,1704
8394,CA-2016-142594,901.95,3,0,297.6435,229
8415,CA-2017-107265,106.32,3,0,49.9704,260
8417,CA-2017-118199,104.28,3,0,26.07,55
8421,CA-2017-150091,45,3,0,4.95,47
8461,CA-2014-146500,95.94,3,0,9.594,919
8465,CA-2015-116512,17.94,3,0,3.0498,1209
8466,CA-2015-101000,370.14,3,0,144.3546,537
8487,CA-2017-124716,11.94,3,0,5.97,1772
8491,CA-2017-106824,5.94,3,0,0.1188,1090
8496,CA-2014-169061,59.52,3,0,15.4752,400
8497,CA-2014-169061,479.97,3,0,177.5889,267
8514,CA-2015-122168,17.52,3,0,8.2344,243
8519,CA-2017-118003,182.22,3,0,45.555,165
8520,CA-2017-118003,302.94,3,0,18.1764,213
8533,CA-2016-156748,389.97,3,0,35.0973,71
8535,US-2014-163146,56.4,3,0,3.384,1213
8547,CA-2015-149566,39,3,0,17.55,199
8574,CA-2014-159849,5.67,3,0,0.1134,978
8590,CA-2017-126676,7.98,3,0,3.9102,1532
8599,CA-2014-141110,14.94,3,0,7.0218,1035
8613,CA-2016-138233,479.97,3,0,177.5889,267
8626,CA-2015-164084,70.26,3,0,18.9702,1259
8639,CA-2014-129819,12.39,3,0,5.8233,933
8651,CA-2014-142769,14.19,3,0,5.5341,285
8682,CA-2014-133634,47.79,3,0,16.2486,1382
8694,US-2014-112795,19.44,3,0,9.5256,553
8710,CA-2014-119144,344.91,3,0,10.3473,158
8731,CA-2015-111017,52.59,3,0,15.777,356
8732,CA-2017-116988,19.44,3,0,9.3312,1485
8733,CA-2017-116988,126.3,3,0,40.416,455
8736,CA-2016-168774,535.41,3,0,160.623,523
8741,CA-2015-113222,10.74,3,0,5.1552,177
8745,CA-2015-162376,59.94,3,0,28.1718,1818
8758,CA-2016-114307,27.42,3,0,9.3228,651
8759,CA-2016-114307,5.4,3,0,2.592,757
8783,CA-2016-116911,1128.39,3,0,259.5297,217
8803,CA-2014-157644,34.77,3,0,11.4741,573
8804,CA-2014-157644,18.9,3,0,8.694,167
8836,US-2017-132675,12.72,3,0,4.9608,759
8838,CA-2014-153808,70.95,3,0,18.447,1585
8840,CA-2014-153808,299.97,3,0,131.9868,1352
8841,US-2016-112396,89.97,3,0,39.5868,248
8860,CA-2015-125934,31.05,3,0,14.904,1683
8865,CA-2015-158148,36.27,3,0,10.881,1215
8878,CA-2017-126928,34.05,3,0,9.534,76
8880,US-2015-107944,239.97,3,0,86.3892,1116
8889,CA-2016-147256,449.97,3,0,220.4853,1350
8894,CA-2016-167241,312.03,3,0,43.6842,581
8895,CA-2016-167241,17.94,3,0,3.0498,1209
8898,CA-2015-163237,494.97,3,0,148.491,1424
8905,US-2016-126431,30.84,3,0,6.168,1404
8909,CA-2017-160661,21.93,3,0,10.3071,150
8932,CA-2017-143252,29.34,3,0,10.8558,1627
8944,CA-2014-154592,164.88,3,0,80.7912,1416
8945,CA-2014-128622,10.95,3,0,3.285,508
8946,CA-2017-148355,19.44,3,0,9.3312,1204
8963,CA-2016-157280,89.97,3,0,18.8937,638
9002,CA-2014-103807,15.24,3,0,7.1628,733
9017,CA-2016-161361,17.64,3,0,8.6436,1027
9024,CA-2016-102127,20.97,3,0,9.0171,1723
9026,CA-2016-102127,37.74,3,0,12.8316,990
9027,US-2016-152415,14.82,3,0,6.2244,633
9028,US-2016-152415,191.82,3,0,61.3824,444
9042,CA-2015-168760,61.44,3,0,16.5888,570
9043,CA-2016-168830,479.97,3,0,163.1898,333
9048,CA-2017-137463,44.4,3,0,22.2,1792
9049,CA-2014-124513,66.03,3,0,17.1678,672
9069,CA-2016-106278,65.94,3,0,30.9918,1692
9077,US-2014-124625,89.97,3,0,18.8937,1058
9081,CA-2017-166898,19.44,3,0,9.3312,1019
9083,CA-2015-104038,146.73,3,0,2.9346,1177
9113,CA-2014-132010,15.18,3,0,7.1346,889
9132,CA-2017-100055,125.13,3,0,36.2877,592
9162,CA-2016-160108,680.01,3,0,176.8026,635
9167,CA-2016-100300,241.44,3,0,72.432,1449
9172,US-2016-155768,1112.94,3,0,222.588,886
9173,US-2016-155768,22.92,3,0,11.2308,594
9175,CA-2017-119424,19.44,3,0,9.3312,998
9205,CA-2016-146423,15.48,3,0,4.4892,931
9210,CA-2017-142776,5.4,3,0,2.592,757
9211,CA-2015-167479,19.44,3,0,9.3312,274
9213,CA-2014-144071,79.44,3,0,28.5984,1103
9220,CA-2017-103212,11.07,3,0,5.2029,1249
9233,CA-2016-126732,23.67,3,0,0.9468,1579
9246,CA-2017-130106,9.84,3,0,2.8536,281
9255,CA-2014-168368,14.94,3,0,6.8724,696
9257,CA-2014-168368,332.94,3,0,53.2704,1334
9258,CA-2014-168368,51.9,3,0,24.393,1487
9260,CA-2017-167976,25.5,3,0,6.63,1800
9262,CA-2015-124499,389.97,3,0,35.0973,71
9268,CA-2015-151869,20.04,3,0,9.6192,717
9271,CA-2016-100510,10.02,3,0,4.4088,1556
9273,CA-2017-146983,1577.94,3,0,757.4112,116
9284,CA-2014-161032,392.94,3,0,43.2234,546
9290,CA-2014-163650,9.84,3,0,2.8536,843
9291,CA-2014-163650,34.5,3,0,15.525,1033
9339,CA-2014-155264,146.73,3,0,68.9631,1717
9354,CA-2015-110324,19.44,3,0,9.3312,1802
9363,CA-2017-111591,22.14,3,0,6.4206,1268
9369,CA-2017-113460,272.97,3,0,43.6752,1475
9376,CA-2017-108756,31.8,3,0,13.674,1679
9388,US-2017-127292,542.94,3,0,152.0232,1118
9415,CA-2015-127824,17.94,3,0,8.7906,1347
9416,CA-2015-127824,10.11,3,0,3.2352,226
9424,CA-2014-145254,45,3,0,4.95,47
9445,CA-2015-168277,12.39,3,0,5.6994,623
9451,CA-2015-129546,186.15,3,0,55.845,1105
9453,CA-2015-129546,47.19,3,0,13.6851,1832
9458,CA-2014-138240,144.6,3,0,41.934,283
9460,CA-2014-101833,34.44,3,0,17.22,699
9487,US-2017-125213,6.54,3,0,2.1582,852
9491,CA-2017-111738,9.12,3,0,3.1008,1292
9498,CA-2017-118213,167.94,3,0,82.2906,1682
9500,CA-2016-149237,26.94,3,0,11.3148,1115
9501,US-2015-158589,32.04,3,0,8.01,1465
9508,CA-2014-149104,13.89,3,0,4.5837,184
9574,CA-2015-148495,31.56,3,0,10.4148,1183
9578,CA-2017-152975,1079.85,3,0,323.955,915
9595,CA-2017-104619,25.86,3,0,6.7236,23
9598,CA-2015-149517,60.84,3,0,19.4688,1513
9608,CA-2017-117128,11.07,3,0,5.2029,1249
9627,CA-2014-139283,14.67,3,0,6.7482,773
9633,CA-2014-151330,177,3,0,30.09,1023
9648,CA-2014-150518,281.97,3,0,78.9516,544
9655,CA-2014-156160,97.44,3,0,35.0784,1435
9663,CA-2017-132619,193.95,3,0,9.6975,562
9665,CA-2017-157448,119.94,3,0,23.988,900
9666,CA-2017-157448,12.42,3,0,4.4712,1396
9668,CA-2016-126270,71.97,3,0,35.985,246
9669,CA-2017-145275,14.94,3,0,6.8724,645
9677,CA-2016-144785,6.99,3,0,2.0271,375
9681,CA-2017-122770,8.64,3,0,4.2336,1380
9698,CA-2017-154116,22.83,3,0,10.7301,231
9704,CA-2017-147032,11.01,3,0,5.3949,1845
9707,CA-2016-161746,12.39,3,0,5.6994,106
9709,CA-2016-161746,340.92,3,0,3.4092,421
9722,CA-2016-105781,89.97,3,0,39.5868,248
9725,CA-2017-142293,89.97,3,0,37.7874,1026
9740,CA-2017-129294,140.67,3,0,54.8613,595
9743,CA-2016-137127,9.45,3,0,4.536,1052
9755,CA-2017-113705,332.94,3,0,9.9882,1459
9761,CA-2014-121762,239.97,3,0,86.3892,1116
9780,CA-2016-153178,437.85,3,0,131.355,1299
9785,CA-2015-155635,48.81,3,0,23.9169,1548
9812,CA-2016-117583,34.65,3,0,9.702,334
9822,US-2014-164406,152.91,3,0,42.8148,548
9823,US-2014-164406,92.94,3,0,41.823,1101
9867,US-2015-116981,13.11,3,0,3.4086,1540
9881,CA-2014-153927,14.04,3,0,6.7392,611
9884,CA-2014-112291,62.31,3,0,22.4316,1207
9886,CA-2014-146997,5.94,3,0,0,499
9889,CA-2017-166499,8.94,3,0,2.4138,1730
9909,US-2015-129007,44.67,3,0,12.0609,952
9913,CA-2015-132388,31.05,3,0,14.904,1683
9917,CA-2017-160927,14.91,3,0,4.6221,532
9928,CA-2016-129630,24.27,3,0,8.7372,75
9933,CA-2014-166555,164.85,3,0,47.8065,1536
9936,CA-2017-132955,102.93,3,0,48.3771,143
9944,CA-2015-145415,40.74,3,0,0.4074,1043
9949,CA-2017-121559,83.97,3,0,15.9543,1141
1,CA-2016-152156,261.96,2,0,41.9136,1
3,CA-2016-138688,14.62,2,0,6.8714,3
798,CA-2015-124653,12.96,2,0,6.2208,13
1859,CA-2015-121608,137.62,2,0,60.5528,15
18,CA-2014-167164,55.5,2,0,9.99,18
19,CA-2014-143336,8.56,2,0,2.4824,19
348,CA-2017-134306,24.56,2,0,11.5432,34
43,CA-2016-101343,77.88,2,0,3.894,42
45,CA-2016-118255,45.98,2,0,19.7714,44
46,CA-2016-118255,17.46,2,0,8.2062,45
60,CA-2016-111682,30,2,0,3.3,47
49,CA-2016-169194,21.8,2,0,6.104,48
1401,CA-2016-159212,21.8,2,0,6.104,48
52,CA-2015-115742,6.16,2,0,2.9568,51
1585,CA-2015-131338,6.16,2,0,2.9568,51
59,CA-2016-111682,14.56,2,0,6.9888,58
63,CA-2015-135545,13.98,2,0,6.1512,61
653,CA-2017-140844,97.82,2,0,45.9754,63
1288,CA-2016-154711,39.88,2,0,11.1664,64
1697,CA-2015-156335,104.98,2,0,52.49,67
70,CA-2016-119823,75.88,2,0,35.6636,68
1161,CA-2017-147039,11.54,2,0,5.77,69
1641,CA-2016-157266,12.7,2,0,5.842,70
483,CA-2014-127691,5.96,2,0,1.6688,80
86,CA-2017-140088,301.96,2,0,33.2156,84
391,CA-2017-101798,39.98,2,0,13.5932,85
88,CA-2017-155558,6.16,2,0,2.9568,86
93,CA-2015-149587,12.96,2,0,6.2208,90
95,CA-2015-149587,32.96,2,0,16.1504,92
111,CA-2017-146780,41.96,2,0,10.9096,108
112,CA-2016-128867,75.96,2,0,22.788,109
137,CA-2016-145583,4.02,2,0,1.9698,133
1264,CA-2016-155992,69.9,2,0,18.873,141
1300,CA-2015-121391,26.96,2,0,7.0096,148
159,CA-2016-114104,14.62,2,0,6.8714,150
764,CA-2014-162775,11.36,2,0,5.3392,154
1746,CA-2014-133270,13.36,2,0,4.9432,160
1095,CA-2015-165085,355.96,2,0,103.2284,161
173,CA-2014-118962,110.96,2,0,53.2608,164
185,CA-2014-158274,29,2,0,7.25,176
186,CA-2016-105018,7.16,2,0,3.4368,177
1817,CA-2015-164833,9.26,2,0,3.0558,184
1582,CA-2015-131338,41.96,2,0,2.9372,195
208,CA-2017-135860,131.98,2,0,35.6346,196
237,CA-2017-160514,10.56,2,0,4.752,220
246,CA-2014-131926,166.72,2,0,41.68,227
266,CA-2015-155040,79.9,2,0,35.156,242
1085,US-2016-143819,362.92,2,0,105.2468,247
275,CA-2017-118136,8.82,2,0,4.0572,251
873,CA-2014-148488,11.36,2,0,5.2256,254
1241,CA-2014-127012,22.96,2,0,10.7912,273
305,CA-2015-144253,26.8,2,0,12.864,280
1752,CA-2017-168837,9.46,2,0,3.6894,285
319,CA-2014-164973,3991.98,2,0,1995.99,294
323,CA-2014-156601,7.16,2,0,3.58,296
860,CA-2017-161984,7.16,2,0,3.58,296
1409,CA-2016-130407,39.98,2,0,9.995,298
349,CA-2017-134306,12.96,2,0,4.1472,315
351,CA-2016-129714,24.56,2,0,11.5432,316
356,CA-2016-138520,8.26,2,0,3.7996,320
1443,CA-2017-117695,13.76,2,0,6.3296,322
361,CA-2017-155698,20.7,2,0,9.936,324
362,CA-2017-144904,20.7,2,0,9.936,324
364,CA-2017-144904,5.56,2,0,1.4456,326
368,CA-2016-155516,7.36,2,0,0.1472,329
861,CA-2014-133851,7.36,2,0,0.1472,329
929,CA-2015-115091,28.84,2,0,9.5172,338
384,CA-2015-125395,41.9,2,0,8.799,343
1158,CA-2014-136567,455.1,2,0,100.122,344
714,US-2017-100048,307.98,2,0,89.3142,350
1580,CA-2015-131338,307.98,2,0,89.3142,350
1470,CA-2017-139199,41.54,2,0,19.5238,352
396,CA-2017-165603,49.96,2,0,9.4924,354
397,CA-2017-165603,12.96,2,0,6.2208,355
1764,CA-2016-110254,35.06,2,0,10.518,356
1539,CA-2017-121888,16.28,2,0,6.512,361
1117,CA-2016-144855,6.3,2,0,3.024,367
426,CA-2017-149160,28.4,2,0,11.076,381
808,CA-2015-140921,28.4,2,0,11.076,381
1232,CA-2015-132570,2.78,2,0,0.7228,384
732,US-2016-150861,6.3,2,0,3.024,398
882,CA-2015-129098,30.84,2,0,8.3268,424
484,CA-2014-127691,159.98,2,0,57.5928,431
485,CA-2017-140963,29.6,2,0,14.8,432
494,CA-2016-169166,93.98,2,0,13.1572,440
523,CA-2017-145142,210.98,2,0,21.098,441
496,CA-2015-134782,105.42,2,0,51.6558,442
512,CA-2017-135307,38.04,2,0,12.1728,456
515,CA-2017-163405,5.88,2,0,1.7052,458
518,CA-2017-127432,11.96,2,0,5.382,461
525,US-2016-139486,66.26,2,0,27.1666,466
963,CA-2016-120859,21.88,2,0,10.94,471
548,CA-2017-162929,13.36,2,0,6.4128,486
555,CA-2017-100650,1295.78,2,0,310.9872,491
557,CA-2016-113243,20.7,2,0,9.936,493
564,CA-2015-130736,3.96,2,0,0,499
578,CA-2015-149713,7.3,2,0,2.19,508
1674,CA-2015-150560,196.62,2,0,96.3438,513
595,CA-2014-131450,76.12,2,0,22.0748,518
1891,CA-2014-157623,10.56,2,0,4.752,528
617,CA-2017-117947,40.48,2,0,15.7872,531
618,CA-2017-117947,9.94,2,0,3.0814,532
717,CA-2014-130092,9.94,2,0,3.0814,532
1504,CA-2016-100468,9.94,2,0,3.0814,532
623,CA-2015-138009,301.96,2,0,87.5684,536
628,CA-2017-153787,97.16,2,0,28.1764,540
1640,CA-2016-157266,9.64,2,0,4.4344,549
642,CA-2017-167913,330.4,2,0,85.904,551
646,CA-2017-126221,209.3,2,0,56.511,554
1138,CA-2016-152170,37.68,2,0,10.5504,556
813,CA-2014-151995,25.78,2,0,2.578,558
682,CA-2016-164511,64.96,2,0,2.5984,577
905,CA-2016-130477,64.96,2,0,2.5984,577
687,CA-2014-157784,14.62,2,0,6.8714,579
1387,US-2016-108504,239.98,2,0,52.7956,580
757,CA-2014-106803,24.56,2,0,6.8768,582
921,CA-2014-138296,24.56,2,0,6.8768,582
1373,US-2014-157021,29.6,2,0,14.8,585
1229,CA-2017-100013,15.28,2,0,7.4872,594
1346,CA-2014-118339,93.78,2,0,36.5742,595
1188,CA-2014-127131,197.58,2,0,53.3466,601
1116,CA-2017-140585,119.98,2,0,57.5904,609
739,CA-2014-132500,49.98,2,0,8.4966,612
824,CA-2017-101434,9.82,2,0,4.8118,613
1398,CA-2016-124485,11.56,2,0,5.6644,615
770,CA-2016-157245,641.96,2,0,179.7488,629
771,CA-2017-104220,18.28,2,0,9.14,630
775,CA-2017-104220,40.3,2,0,10.881,632
794,CA-2014-156433,9.96,2,0,4.5816,645
854,CA-2016-123274,44.46,2,0,14.6718,648
804,CA-2016-115504,12.96,2,0,6.2208,650
805,CA-2017-135783,18.28,2,0,6.2152,651
814,CA-2017-143686,18.28,2,0,6.2152,651
1698,CA-2015-148376,106.96,2,0,31.0184,656
829,CA-2017-126956,15.28,2,0,7.4872,667
1121,CA-2015-142755,15.28,2,0,7.4872,667
830,CA-2017-129462,301.96,2,0,90.588,668
832,CA-2017-129462,191.98,2,0,51.8346,670
1001,CA-2016-155488,44.02,2,0,11.4452,672
845,CA-2016-161669,11.36,2,0,3.2944,681
846,CA-2016-161669,14.62,2,0,6.8714,682
851,CA-2016-152534,5.16,2,0,1.3416,685
856,CA-2014-125612,39.96,2,0,18.7812,687
858,CA-2014-125612,21.36,2,0,5.7672,689
862,CA-2014-133851,23.1,2,0,10.626,690
885,CA-2014-134061,17.46,2,0,5.9364,704
906,CA-2016-130477,12.96,2,0,6.2208,718
912,CA-2017-137596,352.38,2,0,81.0474,724
939,CA-2015-148250,12.96,2,0,6.2208,736
941,CA-2016-105760,17.12,2,0,8.0464,738
960,CA-2015-112571,204.6,2,0,53.196,749
1142,CA-2014-146969,204.6,2,0,53.196,749
962,CA-2015-160059,6.24,2,0,3.0576,750
965,CA-2017-135279,9.82,2,0,4.8118,752
967,CA-2017-135279,12.96,2,0,6.2208,753
1789,CA-2015-154326,699.98,2,0,195.9944,760
1494,CA-2017-139661,9.64,2,0,3.6632,770
1017,CA-2015-108665,13.96,2,0,6.7008,777
1037,CA-2016-113061,86.62,2,0,8.662,791
1042,CA-2016-102981,31.86,2,0,11.151,795
1054,CA-2015-110667,11.16,2,0,4.3524,803
1055,CA-2015-110667,108.4,2,0,22.764,804
1465,US-2016-104794,3.68,2,0,1.8032,808
1078,CA-2017-132521,119.96,2,0,33.5888,817
1703,CA-2015-114069,9.96,2,0,4.6812,818
1672,CA-2016-107615,58.58,2,0,19.3314,832
1120,CA-2015-142755,4.36,2,0,2.0492,841
1139,CA-2016-152170,19.98,2,0,8.991,850
1141,CA-2016-152170,17.38,2,0,8.69,851
1148,CA-2015-112452,5.84,2,0,2.628,855
1149,CA-2015-112452,12.76,2,0,5.8696,856
1151,CA-2015-112452,599.98,2,0,209.993,858
1153,CA-2017-160395,3.64,2,0,1.638,860
1155,CA-2014-136567,122.48,2,0,0,861
1168,CA-2017-145226,109.48,2,0,33.9388,867
1172,US-2014-100279,22.38,2,0,10.7424,870
1178,CA-2016-113621,172.5,2,0,51.75,874
1182,CA-2014-128146,3.76,2,0,1.0904,876
1228,CA-2016-126004,193.86,2,0,11.6316,895
1231,CA-2017-100013,5.68,2,0,1.7608,896
1233,CA-2015-132570,79.96,2,0,35.982,897
1252,CA-2017-115602,3.2,2,0,1.376,910
1270,CA-2017-100426,12.48,2,0,5.616,918
1303,CA-2015-115847,61.96,2,0,4.3372,936
1309,CA-2016-141397,21.78,2,0,5.6628,939
1338,CA-2017-100524,29.78,2,0,8.0406,952
1352,CA-2016-162901,31.4,2,0,7.85,962
1552,CA-2016-159345,111.96,2,0,54.8604,973
1388,US-2016-108504,167.96,2,0,78.9412,980
1559,CA-2015-112116,171.96,2,0,44.7096,987
1408,CA-2016-130407,75.48,2,0,19.6248,988
1460,CA-2014-155271,27.46,2,0,9.8856,1011
1471,CA-2017-139199,12.96,2,0,6.2208,1014
1510,CA-2017-103611,8.36,2,0,3.0096,1016
1486,CA-2014-119032,3.76,2,0,1.316,1024
1530,CA-2015-148432,7.3,2,0,3.431,1039
1739,CA-2015-130204,17.9,2,0,3.401,1054
1602,CA-2016-164672,211.96,2,0,42.392,1070
1619,US-2016-118780,59.48,2,0,8.922,1079
1621,CA-2017-108560,198.46,2,0,99.23,1081
1624,CA-2017-108560,50,2,0,10.5,1082
1646,CA-2015-111829,209.7,2,0,100.656,1089
1651,CA-2014-135699,109.92,2,0,53.8608,1093
1754,CA-2017-116715,109.92,2,0,53.8608,1093
1652,CA-2014-135699,13.36,2,0,6.4128,1094
1655,US-2017-132444,2.96,2,0,1.4208,1095
1709,CA-2017-123491,7.42,2,0,3.71,1112
1755,CA-2017-116715,8.56,2,0,3.852,1128
1767,CA-2016-110254,9.82,2,0,4.8118,1134
1774,CA-2014-118976,20.86,2,0,9.387,1135
1776,CA-2014-118976,5.34,2,0,1.4952,1137
1782,CA-2015-111094,6.58,2,0,3.0268,1139
1816,CA-2015-164833,7.38,2,0,3.4686,1150
1818,CA-2015-125423,9.96,2,0,4.5816,1151
1847,US-2017-158512,37.68,2,0,15.8256,1166
1854,CA-2015-160472,97.82,2,0,45.9754,1169
1897,CA-2017-141789,1793.98,2,0,843.1706,1187
1902,CA-2016-151141,14.78,2,0,3.9906,1190
1910,CA-2017-105886,18.96,2,0,8.532,1194
1919,CA-2015-123673,299.9,2,0,74.975,1198
1926,CA-2017-102834,199.98,2,0,69.993,297
1947,CA-2017-157987,23.1,2,0,6.468,334
1948,CA-2017-157987,11.54,2,0,3.462,1148
1956,CA-2017-157987,238,2,0,38.08,1211
1966,CA-2017-110905,24.18,2,0,7.254,1215
1982,CA-2015-119592,3.76,2,0,1.8048,626
2015,CA-2016-145905,13.08,2,0,6.0168,1232
2018,CA-2015-113110,14.62,2,0,6.8714,3
2026,CA-2015-114237,141.96,2,0,39.7488,637
2035,CA-2017-162481,8.26,2,0,3.8822,871
2038,CA-2015-119214,14.62,2,0,6.8714,1111
2046,CA-2016-131835,162.64,2,0,45.5392,729
2059,CA-2017-120376,411.8,2,0,70.006,122
2089,CA-2016-140501,3.96,2,0,1.4652,1250
2090,CA-2015-139290,5.76,2,0,2.6496,1251
2105,CA-2017-167101,26,2,0,11.7,199
2115,CA-2015-164882,46.84,2,0,12.6468,1259
2123,CA-2017-167381,241.96,2,0,41.1332,369
2141,CA-2014-159520,17.14,2,0,4.4564,1269
2176,CA-2016-125738,45.68,2,0,21.0128,1276
2187,CA-2016-101378,29,2,0,7.25,176
2189,CA-2017-143063,121.3,2,0,25.473,72
2216,CA-2017-129378,241.96,2,0,60.49,864
2231,CA-2014-128055,52.98,2,0,14.8344,1289
2236,CA-2015-145849,190.86,2,0,11.4516,627
2243,CA-2017-103380,56.56,2,0,15.2712,87
2244,CA-2017-103380,5.56,2,0,1.4456,452
2245,CA-2017-103380,9.02,2,0,3.5178,490
2248,CA-2015-116092,13.36,2,0,6.4128,1296
2255,CA-2015-169201,43.56,2,0,15.246,1123
2257,CA-2016-164091,109.48,2,0,33.9388,867
2259,CA-2017-105214,18.54,2,0,8.7138,1300
2264,CA-2016-131065,499.98,2,0,114.9954,1301
2266,CA-2016-131065,8.26,2,0,3.8822,933
2268,CA-2017-137470,12.96,2,0,6.3504,1303
2282,CA-2017-142622,199.98,2,0,37.9962,907
2284,CA-2015-153108,23.92,2,0,6.6976,181
2287,CA-2017-165687,35.04,2,0,12.264,1311
2290,CA-2017-115154,892.98,2,0,80.3682,1313
2293,CA-2015-149342,12.96,2,0,6.2208,785
2314,CA-2017-122035,14.62,2,0,6.8714,682
2315,CA-2017-122035,416.32,2,0,112.4064,78
2328,CA-2015-105102,12.96,2,0,6.2208,13
2331,CA-2016-155187,41.96,2,0,2.9372,195
2351,CA-2017-109701,10.86,2,0,5.3214,364
2364,US-2016-108637,127.88,2,0,40.9216,444
2365,US-2016-108637,160.32,2,0,44.8896,1332
2388,CA-2015-145065,7.86,2,0,3.6156,1344
2394,CA-2016-128111,39.68,2,0,10.3168,400
2395,CA-2015-137897,37.6,2,0,2.256,1213
2396,CA-2015-137897,59.9,2,0,23.96,543
2398,CA-2017-169264,5.76,2,0,2.8224,751
2413,CA-2014-151295,11.96,2,0,5.8604,360
2416,CA-2015-146087,301.96,2,0,60.392,418
2420,CA-2017-159597,63.56,2,0,3.178,976
2432,CA-2017-129805,7.4,2,0,3.034,347
2435,CA-2015-154746,33.96,2,0,16.98,624
2446,CA-2016-146934,257.98,2,0,74.8142,966
2447,CA-2015-100573,17.48,2,0,8.2156,761
2460,CA-2017-138548,97.84,2,0,25.4384,417
2486,CA-2017-126067,5.56,2,0,1.4456,452
2487,CA-2015-104514,85.52,2,0,22.2352,1371
2498,CA-2015-122371,124.46,2,0,58.4962,639
2504,CA-2016-149482,7.38,2,0,3.4686,1249
2522,CA-2016-124352,12.96,2,0,6.2208,90
2553,CA-2017-101042,21.96,2,0,10.7604,1055
2556,CA-2015-111458,50,2,0,12,1388
2561,CA-2015-147788,323.1,2,0,61.389,772
2565,CA-2015-110632,33.82,2,0,9.1314,1046
2577,CA-2014-129091,11.36,2,0,5.3392,154
2582,US-2014-155502,16.68,2,0,8.34,1319
2585,US-2014-155502,187.98,2,0,52.6344,544
2593,CA-2017-128300,79.1,2,0,39.55,1267
2595,CA-2017-149048,180.96,2,0,81.432,233
2598,CA-2017-149048,530.34,2,0,95.4612,1255
2600,CA-2017-108553,121.94,2,0,35.3626,1320
2617,CA-2017-147942,5.78,2,0,2.7166,1405
2632,US-2017-110604,39.96,2,0,17.1828,899
2637,CA-2015-162369,323.1,2,0,61.389,772
2648,CA-2014-131002,12.96,2,0,6.2208,1415
2657,CA-2017-112515,261.74,2,0,65.435,538
2662,CA-2017-123372,79.96,2,0,35.982,897
2663,CA-2017-159604,8.76,2,0,4.2048,238
2673,CA-2014-126403,26.2,2,0,12.838,1421
2706,CA-2017-155873,16.68,2,0,4.3368,1069
2716,CA-2014-127187,129.98,2,0,62.3904,1437
2717,CA-2017-128475,71.98,2,0,15.1158,359
2719,CA-2017-144827,124.36,2,0,33.5772,828
2733,CA-2014-107594,73.98,2,0,19.9746,693
2739,CA-2015-115798,89.98,2,0,43.1904,824
2741,CA-2017-122707,25.98,2,0,1.5588,1441
2743,CA-2014-149244,35.34,2,0,13.4292,1398
2753,CA-2015-155306,5.56,2,0,2.224,1071
2757,CA-2015-155306,11.96,2,0,5.8604,1347
2783,CA-2016-139878,257.98,2,0,74.8142,966
2787,CA-2015-149972,7.9,2,0,2.528,1452
2791,CA-2014-125514,25.96,2,0,7.5284,96
2799,CA-2017-158743,39.96,2,0,18.7812,687
2807,CA-2015-148635,9.42,2,0,0.471,1228
2808,CA-2015-148635,12.96,2,0,6.2208,1454
2818,CA-2015-104626,124.36,2,0,27.3592,1306
2835,CA-2017-134649,7.16,2,0,3.4368,177
2878,CA-2016-152072,52.34,2,0,24.5998,1261
2879,CA-2016-152072,4.66,2,0,1.3514,375
2888,CA-2017-102099,12.96,2,0,6.2208,868
2891,CA-2014-142727,51.96,2,0,12.99,799
2893,CA-2017-139913,11.56,2,0,5.6644,1467
2906,CA-2014-127586,310.12,2,0,80.6312,1469
2907,CA-2017-121615,8.56,2,0,3.852,1470
2916,CA-2015-134747,12.56,2,0,5.652,1392
2922,CA-2017-164329,129.3,2,0,6.465,562
2966,CA-2017-137428,18.96,2,0,7.584,1482
2978,CA-2017-134607,22.58,2,0,5.8708,1021
2987,CA-2016-139269,19.36,2,0,9.2928,366
3037,US-2015-123960,56.3,2,0,15.764,1494
3039,US-2015-123960,29.16,2,0,10.7892,1495
3042,CA-2017-149559,12.96,2,0,6.2208,868
3043,CA-2017-149559,22.18,2,0,10.8682,1496
3049,CA-2017-121419,411.8,2,0,70.006,122
3051,US-2017-148054,41.96,2,0,2.9372,1499
3053,US-2017-148054,37.94,2,0,18.2112,1248
3054,CA-2016-128517,517.9,2,0,134.654,1384
3055,CA-2016-128517,5.28,2,0,2.4288,449
3057,CA-2017-131492,8.96,2,0,4.3008,1359
3059,CA-2017-131492,30.56,2,0,10.3904,683
3074,CA-2016-125206,114.46,2,0,28.615,1290
3080,CA-2017-101182,12.96,2,0,6.2208,591
3082,US-2017-132297,58.34,2,0,28.0032,711
3129,CA-2014-136399,44.46,2,0,14.6718,648
3133,CA-2014-107916,13.28,2,0,6.3744,1516
3155,CA-2017-150497,735.98,2,0,331.191,1520
3158,CA-2015-139584,26,2,0,11.7,199
3162,CA-2014-153969,15.56,2,0,7.3132,844
3178,CA-2017-122280,18.76,2,0,9.0048,954
3180,CA-2017-105235,58.68,2,0,18.1908,140
3182,CA-2017-152912,9.64,2,0,4.4344,549
3205,CA-2014-158372,39.88,2,0,11.1664,64
3219,CA-2017-104640,430.88,2,0,124.9552,1514
3262,CA-2014-140662,99.98,2,0,7.9984,968
3268,CA-2014-143840,135.98,2,0,33.995,710
3279,CA-2014-102988,12.96,2,0,6.3504,221
3286,CA-2017-150525,6.56,2,0,1.9024,843
3292,CA-2016-167290,11.68,2,0,3.504,517
3294,CA-2014-106264,3.48,2,0,1.1136,859
3314,US-2014-133130,81.98,2,0,40.1702,1138
3354,US-2014-150434,359.98,2,0,93.5948,1160
3356,US-2014-150434,20.88,2,0,9.6048,872
3364,CA-2015-139962,37.88,2,0,18.94,93
3369,CA-2015-115511,141.96,2,0,41.1684,1553
3373,CA-2017-123778,160.96,2,0,48.288,1449
3405,CA-2015-152527,77.88,2,0,3.894,42
3413,CA-2016-100244,77.52,2,0,37.9848,1432
3416,CA-2016-116540,8.26,2,0,3.8822,933
3420,CA-2016-134803,262.24,2,0,78.672,166
3431,CA-2017-148264,128.9,2,0,15.468,1560
3446,CA-2016-158869,70.88,2,0,33.3136,260
3447,CA-2017-102554,3.76,2,0,1.0904,876
3451,CA-2014-168592,4.02,2,0,1.9698,133
3465,US-2015-147242,61.96,2,0,16.1096,1284
3466,US-2015-147242,361.96,2,0,83.2508,201
3470,US-2016-150035,16.74,2,0,4.3524,912
3474,CA-2017-111815,99.98,2,0,42.9914,1146
3478,CA-2016-131289,8.56,2,0,2.4824,19
3481,CA-2014-124023,8.96,2,0,2.7776,1084
3535,CA-2014-110849,11.62,2,0,3.6022,197
3547,CA-2017-155292,35.06,2,0,10.518,356
3554,CA-2014-120838,330.4,2,0,85.904,551
3564,CA-2016-130029,12.96,2,0,6.2208,1576
3565,CA-2016-130029,3.96,2,0,0.0792,1090
3568,CA-2017-168109,59.98,2,0,26.3912,248
3573,CA-2017-117023,11.68,2,0,5.4896,243
3582,CA-2015-121650,3.9,2,0,1.521,1580
3583,CA-2015-121650,801.96,2,0,200.49,1399
3584,CA-2015-121650,191.96,2,0,32.6332,1002
3586,CA-2017-161823,5.96,2,0,1.6688,80
3588,CA-2017-158729,1665.62,2,0,33.3124,470
3604,CA-2017-112956,25.16,2,0,8.5544,990
3623,CA-2014-159184,7.16,2,0,3.4368,177
3625,CA-2017-113530,3.52,2,0,1.0208,1049
3631,CA-2017-132178,69.52,2,0,19.4656,1167
3643,CA-2014-156594,47.3,2,0,12.298,1585
3663,US-2017-129777,24.56,2,0,11.5432,316
3676,CA-2015-156440,44.46,2,0,14.6718,648
3679,CA-2015-132626,181.96,2,0,20.0156,271
3697,CA-2015-151680,141.96,2,0,22.7136,1480
3714,CA-2014-135608,45.68,2,0,21.0128,606
3717,CA-2016-142370,5.04,2,0,0.1512,1603
3721,CA-2016-151155,15.42,2,0,6.939,9
3726,CA-2016-165169,360.38,2,0,93.6988,740
3727,CA-2016-165169,11.16,2,0,2.79,313
3729,CA-2015-109575,41.96,2,0,7.9724,1028
3736,CA-2016-115476,129.98,2,0,62.3904,1437
3737,CA-2016-115476,32.54,2,0,15.9446,1548
3739,CA-2016-133340,59.98,2,0,25.1916,1026
3747,CA-2017-161956,198.46,2,0,99.23,1081
3758,CA-2015-167745,11.68,2,0,5.4896,243
3759,CA-2015-167745,16.9,2,0,5.07,1593
3760,CA-2015-167745,24.4,2,0,10.248,1133
3762,CA-2016-156251,241.96,2,0,24.196,433
3779,CA-2017-118521,37.94,2,0,18.2112,426
3780,CA-2014-149643,273.96,2,0,10.9584,1086
3812,CA-2017-147753,25.06,2,0,11.7782,1613
3816,CA-2015-102582,801.96,2,0,200.49,1399
3821,CA-2017-141873,18.98,2,0,8.9206,1614
3829,CA-2017-141733,476.8,2,0,119.2,472
3832,US-2015-111927,19.96,2,0,9.3812,1241
3843,CA-2014-101931,6.28,2,0,0.0628,1618
3844,CA-2014-101931,480.74,2,0,14.4222,264
3851,CA-2015-127593,85.3,2,0,14.501,102
3865,CA-2014-124709,238,2,0,38.08,1211
3870,CA-2015-132486,11.56,2,0,5.6644,615
3887,CA-2014-100895,8.56,2,0,2.6536,1265
3889,CA-2014-100895,356.94,2,0,107.082,523
3890,US-2016-163881,659.9,2,0,217.767,771
3913,CA-2017-148068,9.82,2,0,3.2406,883
3924,CA-2014-103940,30.28,2,0,1.2112,469
3926,CA-2014-103940,35.34,2,0,13.4292,1398
3940,CA-2017-117863,14.56,2,0,6.2608,1037
3953,CA-2017-152961,12.7,2,0,5.842,70
3972,CA-2016-167556,13.48,2,0,6.74,958
3989,CA-2014-122588,52.96,2,0,20.1248,756
4017,CA-2015-165624,97.88,2,0,48.94,1647
4072,CA-2015-156104,999.98,2,0,449.991,621
4076,CA-2015-100685,7.04,2,0,3.3088,659
4089,CA-2016-161473,20.7,2,0,9.936,493
4099,CA-2014-116904,12.94,2,0,6.47,631
4103,CA-2017-137456,15.92,2,0,7.0048,746
4107,CA-2015-105599,13.96,2,0,0.2792,706
4109,CA-2015-153717,73.98,2,0,19.9746,693
4161,CA-2017-115546,22.58,2,0,5.8708,1021
4172,CA-2016-152163,14.2,2,0,6.532,21
4173,CA-2016-152163,12.96,2,0,6.2208,745
4174,CA-2016-152163,58.34,2,0,28.0032,711
4175,CA-2015-154340,56.3,2,0,15.764,1494
4192,CA-2015-150875,696.42,2,0,160.1766,4
4194,CA-2015-154200,51.98,2,0,15.0742,1072
4204,CA-2014-145387,10.16,2,0,4.7752,733
4205,CA-2014-145387,14.76,2,0,4.2804,1268
4206,CA-2014-145387,34.08,2,0,15.6768,829
4212,CA-2014-166457,6.56,2,0,1.9024,281
4213,CA-2014-166457,24.56,2,0,11.5432,1663
4219,CA-2017-134565,37.94,2,0,18.2112,276
4222,CA-2017-134565,102.96,2,0,1.0296,234
4239,CA-2017-158673,209.7,2,0,100.656,929
4259,CA-2017-118367,47.98,2,0,23.99,246
4276,CA-2017-151358,323.1,2,0,61.389,772
4278,US-2016-107440,9.96,2,0,3.2868,1488
4280,CA-2014-166989,11.36,2,0,5.2256,254
4290,CA-2017-102407,11.16,2,0,2.79,313
4313,CA-2014-123127,16.78,2,0,4.195,1640
4314,CA-2015-115945,20.96,2,0,5.24,1578
4317,CA-2015-136735,167.86,2,0,78.8942,561
4340,US-2014-129609,16.28,2,0,6.512,361
4344,CA-2017-105410,99.54,2,0,10.9494,101
4353,CA-2017-107748,12.96,2,0,6.2208,515
4360,CA-2016-127642,111.96,2,0,54.8604,1682
4370,US-2016-165078,39.68,2,0,16.2688,1598
4372,US-2017-169320,11.68,2,0,5.4896,243
4378,CA-2015-140830,17.48,2,0,8.2156,761
4379,CA-2015-140830,71.88,2,0,32.346,849
4406,CA-2016-100041,9.08,2,0,4.086,708
4409,US-2014-154879,5.78,2,0,2.7166,873
4422,CA-2017-159464,17.24,2,0,4.4824,23
4426,CA-2017-159464,55.98,2,0,15.6744,1501
4448,CA-2015-121965,12.56,2,0,4.0192,550
4452,CA-2016-147137,43.96,2,0,20.6612,1692
4467,CA-2017-168641,167.96,2,0,78.9412,980
4469,CA-2017-168641,12.96,2,0,6.2208,1204
4478,CA-2017-130211,248.98,2,0,54.7756,211
4481,CA-2016-109365,43.32,2,0,14.2956,1684
4498,CA-2014-103401,12.96,2,0,6.2208,1176
4499,CA-2016-124814,12.96,2,0,6.2208,1304
4504,US-2014-138247,361.96,2,0,101.3488,1118
4510,CA-2016-119935,37.3,2,0,17.158,1636
4511,CA-2016-119935,81.96,2,0,39.3408,807
4525,US-2017-105046,269.98,2,0,67.495,151
4533,CA-2014-140403,15.28,2,0,7.4872,594
4534,CA-2015-163104,11.96,2,0,5.8604,360
4539,CA-2015-104129,105.98,2,0,1.0598,514
4542,CA-2017-113474,325.86,2,0,149.8956,1702
4550,US-2017-107636,5.76,2,0,2.8224,1703
4571,US-2015-152128,127.96,2,0,60.1412,1253
4576,CA-2016-139395,26.86,2,0,6.715,1706
4583,US-2016-100405,8.26,2,0,3.7996,106
4590,CA-2016-129868,17.76,2,0,4.9728,1293
4593,CA-2016-129868,7.9,2,0,2.054,1711
4617,CA-2015-117800,589.9,2,0,147.475,1561
4627,CA-2016-101336,24.88,2,0,6.9664,255
4630,US-2015-126235,17.14,2,0,6.1704,1713
4638,CA-2017-168228,47.3,2,0,12.298,1585
4652,CA-2017-132647,11.76,2,0,5.7624,1027
4667,CA-2016-116547,69.98,2,0,13.2962,345
4679,CA-2014-114510,21.36,2,0,5.7672,689
4696,US-2015-138121,142.36,2,0,38.4372,1479
4705,CA-2016-158435,14.62,2,0,6.8714,150
4709,CA-2017-138149,11.68,2,0,3.0368,816
4716,CA-2017-143126,521.96,2,0,88.7332,981
4720,CA-2015-142601,61.96,2,0,27.882,1721
4735,CA-2015-155054,8.26,2,0,3.8822,933
4736,CA-2015-155054,29.84,2,0,13.428,533
4737,CA-2015-155054,67.98,2,0,14.9556,153
4738,CA-2015-105725,61.06,2,0,28.0876,586
4740,CA-2017-164364,9.96,2,0,4.5816,696
4743,CA-2017-168123,7.9,2,0,2.528,1452
4745,CA-2017-168123,127.96,2,0,62.7004,675
4805,CA-2015-137708,37.94,2,0,18.2112,646
4810,CA-2015-151589,239.9,2,0,71.97,1202
4819,CA-2017-117436,10.36,2,0,5.0764,1521
4827,CA-2014-152562,69.52,2,0,19.4656,1167
4832,CA-2014-120278,22.58,2,0,5.8708,1021
4835,CA-2017-167661,61.96,2,0,27.882,1338
4840,CA-2017-154123,27.58,2,0,11.5836,94
4849,CA-2014-107818,5.88,2,0,2.646,428
4860,CA-2016-101546,1793.98,2,0,843.1706,1187
4879,CA-2017-143567,5.32,2,0,2.6068,1532
4884,CA-2017-104080,3.36,2,0,0.8736,1670
4891,CA-2016-135776,37.94,2,0,18.2112,1248
4892,CA-2016-135776,4.2,2,0,1.176,1735
4893,CA-2016-135776,227.28,2,0,2.2728,421
4895,CA-2016-135776,61.96,2,0,30.3604,1525
4914,CA-2015-161830,35.96,2,0,10.4284,31
4919,CA-2016-160304,231.98,2,0,67.2742,1144
4921,CA-2017-114055,96.08,2,0,46.1184,1724
4922,CA-2017-114055,3.62,2,0,1.1946,811
4924,CA-2017-114055,90.48,2,0,23.5248,1428
4925,CA-2017-126438,14.88,2,0,3.72,1473
4931,CA-2017-143651,23.1,2,0,6.93,1186
4942,CA-2015-156482,5.68,2,0,1.7608,896
4944,CA-2016-151372,96.08,2,0,46.1184,1724
4946,CA-2016-151372,4.36,2,0,1.7876,53
4951,CA-2015-144190,12.96,2,0,6.2208,89
4953,CA-2015-153906,85.9,2,0,2.577,1314
4956,CA-2014-160262,37.4,2,0,14.212,1476
4967,CA-2015-122406,8.4,2,0,4.116,801
4968,CA-2015-122406,199.98,2,0,83.9916,412
4974,CA-2016-164896,12.9,2,0,6.321,1427
4982,CA-2014-160066,5.22,2,0,2.4012,715
5003,CA-2016-155033,10.56,2,0,5.0688,1743
5006,CA-2015-169796,2321.9,2,0,1114.512,1744
5019,CA-2014-127558,20.46,2,0,5.3196,688
5021,CA-2016-133795,72.64,2,0,21.792,482
5024,US-2017-130953,33.48,2,0,16.4052,1623
5026,US-2017-130953,137.62,2,0,60.5528,15
5036,CA-2014-169803,33.9,2,0,2.034,664
5039,CA-2015-136469,716,2,0,193.32,1129
5050,CA-2015-150511,18.54,2,0,8.7138,1300
5059,CA-2016-109722,699.98,2,0,195.9944,760
5061,CA-2015-136798,43.98,2,0,21.99,721
5064,CA-2017-122196,391.98,2,0,113.6742,35
5072,CA-2014-124478,299.98,2,0,83.9944,1543
5121,CA-2014-149538,99.98,2,0,42.9914,1146
5123,CA-2014-149538,12.96,2,0,6.3504,1588
5127,CA-2014-160766,601.3,2,0,198.429,229
5140,CA-2015-154886,119.9,2,0,43.164,261
5144,CA-2017-161333,86.26,2,0,29.3284,489
5150,CA-2017-125101,67.78,2,0,16.945,300
5162,CA-2016-115378,301.96,2,0,33.2156,84
5164,CA-2014-121006,3.9,2,0,1.521,1580
5178,US-2015-120502,37.68,2,0,15.8256,1166
5180,US-2015-120502,75.84,2,0,29.5776,993
5191,US-2017-141943,23.16,2,0,11.58,1753
5204,CA-2015-102015,9.26,2,0,3.0558,184
5205,CA-2015-102015,105.98,2,0,4.2392,46
5207,CA-2015-102015,20.7,2,0,9.936,256
5216,US-2017-159562,17.48,2,0,8.2156,761
5228,US-2014-147648,81.98,2,0,40.1702,1544
5238,CA-2014-166744,59.98,2,0,26.3912,248
5241,CA-2016-110730,13.68,2,0,3.6936,1755
5256,CA-2016-130078,10.56,2,0,4.752,1456
5265,CA-2017-147452,11.76,2,0,5.7624,1027
5280,CA-2017-152709,85.52,2,0,22.2352,1371
5281,CA-2015-105158,6.16,2,0,2.9568,51
5298,CA-2016-106656,4.08,2,0,1.9176,30
5307,US-2016-168410,39.98,2,0,1.999,1759
5313,CA-2017-137876,64.96,2,0,21.4368,602
5323,CA-2017-134439,15.96,2,0,7.98,228
5326,CA-2015-152681,6.68,2,0,2.004,1431
5340,CA-2015-146486,13.98,2,0,6.0114,1723
5355,CA-2014-113768,8,2,0,3.84,1762
5358,CA-2014-150490,15.78,2,0,0.6312,1579
5359,CA-2014-150490,45.98,2,0,12.8744,1254
5363,CA-2016-122017,81.96,2,0,22.9488,1377
5370,US-2017-136721,273.96,2,0,71.2296,1386
5389,CA-2017-164707,9.82,2,0,4.8118,527
5392,US-2014-123183,9.96,2,0,4.5816,645
5400,CA-2017-132262,71.98,2,0,15.1158,359
5401,CA-2017-132262,79.98,2,0,26.3934,437
5417,CA-2014-132542,15.36,2,0,7.68,1767
5424,US-2017-120649,3.52,2,0,1.0208,831
5450,US-2014-119081,331.96,2,0,149.382,904
5451,US-2014-119081,40.56,2,0,12.9792,1513
5457,CA-2017-130631,68.46,2,0,20.538,1193
5474,CA-2017-121741,750.68,2,0,37.534,462
5481,CA-2017-105487,36,2,0,6.48,1565
5483,CA-2017-105487,40.68,2,0,0.4068,1534
5492,CA-2014-105249,7.36,2,0,0.1472,329
5497,CA-2017-164378,6.56,2,0,1.9024,1252
5499,CA-2017-164378,41.9,2,0,8.799,343
5501,CA-2017-164378,8.96,2,0,4.3904,1066
5506,US-2016-162026,61.96,2,0,27.882,1101
5514,CA-2015-103177,160.32,2,0,44.8896,1332
5525,CA-2017-154501,9.78,2,0,4.0098,284
5527,CA-2015-142055,37.94,2,0,18.2112,426
5537,US-2016-167472,12.96,2,0,6.2208,1504
5546,CA-2017-151008,25.16,2,0,10.5672,1626
5555,CA-2017-116113,10.16,2,0,3.4544,1546
5556,CA-2015-125066,6.16,2,0,1.9712,1410
5557,CA-2015-125066,56.3,2,0,15.764,1494
5578,CA-2017-137498,6.56,2,0,1.9024,959
5583,CA-2014-116673,6.16,2,0,1.9712,1410
5590,CA-2016-115224,352.38,2,0,81.0474,724
5591,CA-2014-164742,245.98,2,0,27.0578,819
5594,CA-2017-160325,391.98,2,0,109.7544,474
5596,CA-2015-159779,68.62,2,0,32.2514,143
5608,CA-2015-168634,7.78,2,0,2.0228,1044
5609,CA-2017-117198,659.9,2,0,217.767,771
5611,CA-2017-121027,843.9,2,0,371.316,1083
5613,CA-2016-147431,117.96,2,0,5.898,1787
5621,US-2016-124163,201.96,2,0,50.49,39
5624,CA-2016-121748,359.98,2,0,21.5988,1348
5625,CA-2014-126683,6.16,2,0,2.9568,51
5632,CA-2014-127614,17.46,2,0,8.2062,45
5650,CA-2017-142342,10.56,2,0,0,1527
5667,CA-2016-142405,14.62,2,0,6.8714,682
5674,CA-2016-146318,12.96,2,0,6.2208,650
5679,CA-2016-143924,109.92,2,0,53.8608,524
5723,CA-2016-165820,12.96,2,0,6.2208,839
5729,CA-2017-117324,61.06,2,0,28.0876,586
5734,CA-2017-143574,25.16,2,0,8.5544,990
5736,CA-2014-148614,19.36,2,0,9.2928,366
5737,CA-2014-148614,19.3,2,0,5.79,77
5739,US-2017-147886,12.96,2,0,6.3504,1669
5754,CA-2015-150749,5.56,2,0,1.4456,326
5792,CA-2017-140186,97.84,2,0,25.4384,417
5798,CA-2014-124856,77.52,2,0,37.9848,977
5811,US-2015-163279,91.96,2,0,15.6332,1794
5820,CA-2017-117632,238.62,2,0,4.7724,1440
5828,CA-2017-161067,5.56,2,0,2.224,1071
5829,CA-2016-122063,581.96,2,0,104.7528,311
5840,CA-2015-134992,47.98,2,0,11.0354,937
5848,CA-2015-121783,715.64,2,0,178.91,854
5853,US-2014-138835,9.64,2,0,4.7236,310
5859,CA-2015-108119,301.96,2,0,45.294,1010
5861,CA-2016-101525,109.92,2,0,53.8608,1798
5863,CA-2016-101525,11.16,2,0,4.3524,803
5865,US-2014-117968,4.56,2,0,2.0064,1633
5883,CA-2016-136301,28.28,2,0,7.3528,378
5888,CA-2015-147879,45.68,2,0,21.0128,1799
5889,CA-2016-166625,25.06,2,0,11.7782,1106
5920,US-2015-126977,659.9,2,0,217.767,771
5921,US-2015-126977,110.96,2,0,53.2608,420
5941,CA-2017-112431,5.88,2,0,1.5876,136
5950,CA-2017-161046,262.24,2,0,78.672,166
5962,CA-2014-140732,7.78,2,0,2.0228,1044
5967,CA-2016-166912,81.98,2,0,40.1702,1544
5973,CA-2015-143980,414.96,2,0,124.488,1491
5975,CA-2017-102155,360.38,2,0,93.6988,740
5976,CA-2017-102155,13.56,2,0,6.2376,997
5979,CA-2014-117765,32.06,2,0,15.3888,28
5980,CA-2014-117765,161.96,2,0,45.3488,169
5981,CA-2014-117765,19.86,2,0,5.7594,339
5982,CA-2016-114895,12.96,2,0,6.3504,1669
5985,CA-2016-163776,77.56,2,0,35.6776,1587
6015,CA-2014-102652,91.96,2,0,15.6332,1794
6020,US-2016-156692,17.34,2,0,4.6818,1309
6021,US-2016-156692,71.98,2,0,15.1158,359
6023,US-2017-128832,69.98,2,0,4.8986,1077
6057,CA-2014-107524,11.36,2,0,5.3392,154
6075,CA-2017-121398,270.62,2,0,2.7062,275
6077,CA-2016-151561,72.48,2,0,30.4416,1541
6091,CA-2017-100111,212.8,2,0,95.76,1805
6093,CA-2017-100111,72.64,2,0,21.792,482
6095,CA-2017-100111,13.76,2,0,6.3296,322
6098,CA-2017-100111,4.36,2,0,1.7876,53
6100,CA-2017-100111,1299.66,2,0,350.9082,1159
6125,CA-2017-145772,11.96,2,0,5.382,1807
6130,CA-2017-162033,3.76,2,0,1.316,1024
6142,CA-2017-121083,257.98,2,0,74.8142,966
6168,CA-2015-132815,22.96,2,0,11.2504,501
6169,CA-2014-101266,13.36,2,0,6.4128,486
6171,CA-2016-141523,3.52,2,0,1.0208,831
6173,US-2014-106299,21.2,2,0,9.116,1679
6174,US-2014-106299,838.38,2,0,226.3626,1085
6177,CA-2015-158421,121.96,2,0,57.3212,1725
6179,CA-2015-158421,63.96,2,0,6.396,919
6182,CA-2015-158421,14.6,2,0,6.862,349
6199,CA-2015-149909,96.08,2,0,46.1184,700
6213,CA-2017-149944,76.12,2,0,22.0748,518
6219,CA-2016-160220,191.98,2,0,51.8346,670
6239,CA-2015-134075,360.38,2,0,93.6988,740
6246,CA-2015-112305,13.98,2,0,6.0114,1723
6249,CA-2017-121580,465.16,2,0,120.9416,1811
6267,CA-2015-115392,311.98,2,0,93.594,500
6277,US-2016-139087,69.52,2,0,17.38,55
6291,CA-2017-143756,701.96,2,0,168.4704,1142
6315,CA-2014-100762,196.62,2,0,96.3438,513
6317,CA-2014-100762,15.96,2,0,7.98,228
6322,CA-2014-141299,15.28,2,0,7.4872,667
6330,CA-2014-167927,66.58,2,0,15.9792,1305
6343,CA-2015-146255,30.44,2,0,14.9156,340
6344,CA-2015-146255,69.28,2,0,33.2544,1012
6349,CA-2015-104486,35.06,2,0,10.518,356
6354,US-2015-109015,337.98,2,0,101.394,991
6360,CA-2015-115693,56.3,2,0,15.764,1494
6367,CA-2017-144848,119.02,2,0,33.3256,481
6377,US-2016-116442,14.76,2,0,4.2804,1268
6387,CA-2014-134103,10.56,2,0,4.752,528
6388,CA-2014-134103,229.94,2,0,6.8982,158
6390,CA-2015-147529,12.96,2,0,6.3504,221
6391,CA-2016-129126,14.62,2,0,6.7252,1511
6392,CA-2016-129126,5.76,2,0,2.8224,1197
6401,CA-2017-125472,241.96,2,0,33.8744,1130
6418,CA-2016-140130,21.96,2,0,6.1488,135
6442,CA-2016-101161,37.94,2,0,18.2112,1248
6449,CA-2015-156510,10.76,2,0,5.1648,983
6450,CA-2015-156510,45.68,2,0,21.0128,396
6454,CA-2017-161102,56.56,2,0,15.2712,87
6458,US-2017-133361,3.76,2,0,1.0904,876
6462,US-2017-133361,261.96,2,0,23.5764,1612
6464,US-2016-155404,13.28,2,0,6.3744,1516
6470,CA-2015-108532,131.98,2,0,35.6346,994
6518,US-2017-116652,108.96,2,0,30.5088,1323
6541,US-2017-107888,139.92,2,0,23.7864,589
6551,CA-2017-161578,13.36,2,0,6.4128,486
6572,CA-2016-161543,11.96,2,0,5.8604,1310
6589,CA-2017-104731,231.72,2,0,11.586,416
6611,CA-2015-107678,191.96,2,0,51.8292,270
6627,CA-2014-138513,12.96,2,0,6.2208,90
6641,CA-2017-128328,79.78,2,0,29.5186,691
6660,CA-2015-129322,39.66,2,0,11.898,1671
6661,CA-2015-129322,113.92,2,0,33.0368,1061
6667,CA-2017-122175,6.16,2,0,2.9568,647
6668,CA-2017-122175,17,2,0,4.42,1800
6670,CA-2017-161088,29.84,2,0,13.428,533
6675,CA-2015-109337,83.9,2,0,22.653,1827
6682,CA-2017-154466,3.6,2,0,1.728,757
6698,CA-2017-145429,16.34,2,0,7.6798,1828
6721,CA-2017-102974,23.32,2,0,6.0632,1791
6749,CA-2017-100230,116.98,2,0,29.245,1746
6750,CA-2016-154767,121.96,2,0,20.7332,1557
6751,CA-2016-154767,8.74,2,0,2.2724,1540
6752,CA-2016-154767,61.96,2,0,27.882,336
6753,CA-2016-154767,7.96,2,0,3.7412,1425
6758,CA-2017-124205,81.96,2,0,0,358
6779,US-2016-147711,14.76,2,0,4.2804,1268
6780,US-2016-147711,12.76,2,0,5.8696,856
6804,CA-2014-152233,99.98,2,0,34.993,1244
6805,CA-2014-125682,9.96,2,0,4.8804,1401
6824,CA-2015-154291,358.58,2,0,39.4438,365
6825,CA-2016-118689,32.48,2,0,4.872,726
6827,CA-2016-118689,735.98,2,0,331.191,1520
6829,CA-2016-118689,33.96,2,0,9.5088,209
6834,CA-2016-142615,27.88,2,0,3.9032,1808
6855,US-2017-162670,44.96,2,0,20.6816,1145
6858,CA-2017-128965,7.38,2,0,3.4686,941
6869,US-2016-126452,12.96,2,0,6.2208,1485
6875,US-2016-121013,25.06,2,0,11.7782,1368
6894,CA-2017-164756,411.98,2,0,119.4742,54
6895,CA-2017-164756,34.48,2,0,9.9992,616
6906,CA-2017-149468,41.28,2,0,19.8144,342
6908,US-2017-135503,14.76,2,0,4.2804,1268
6910,US-2017-115301,115.96,2,0,25.5112,268
6923,CA-2015-134257,7.38,2,0,3.3948,439
6946,CA-2015-126466,2.48,2,0,1.1656,312
6955,CA-2015-115420,21.34,2,0,9.8164,768
6960,CA-2015-167255,12.96,2,0,6.2208,495
6965,CA-2016-157161,75.98,2,0,18.2352,1316
6966,CA-2016-157161,6.46,2,0,3.1654,512
6977,US-2016-119298,59.98,2,0,17.994,1003
6986,CA-2016-116526,11.96,2,0,2.99,887
6998,US-2016-134369,12.96,2,0,6.3504,1588
7000,CA-2017-123687,25.76,2,0,0.7728,510
7011,US-2014-135881,5.04,2,0,0.1512,1603
7015,CA-2014-114790,32.96,2,0,14.1728,684
7027,CA-2017-131653,5.22,2,0,2.4012,715
7030,CA-2016-145548,36,2,0,6.48,1565
7037,CA-2017-161970,12.96,2,0,6.2208,1346
7039,CA-2017-103443,166.72,2,0,41.68,227
7041,CA-2017-103443,124.36,2,0,27.3592,1306
7051,CA-2016-165330,23.32,2,0,6.0632,1791
7059,CA-2016-165330,83.42,2,0,24.1918,592
7083,CA-2017-118724,3.52,2,0,1.6896,1286
7092,CA-2015-119480,42.76,2,0,11.1176,1412
7103,CA-2017-147410,421.1,2,0,105.275,1700
7107,CA-2016-109666,25.98,2,0,0.7794,720
7108,CA-2016-109666,3.28,2,0,1.476,1210
7110,CA-2016-109666,7.76,2,0,2.2504,1589
7111,CA-2016-109666,71.96,2,0,17.99,923
7116,CA-2014-143168,61.96,2,0,27.882,1101
7122,CA-2017-166926,141.96,2,0,41.1684,1553
7133,CA-2017-141439,27.46,2,0,9.8856,1011
7134,CA-2017-141439,89.98,2,0,43.1904,824
7150,CA-2017-100412,141.96,2,0,35.49,479
7165,CA-2016-158610,69.52,2,0,17.38,55
7195,CA-2016-147683,19.54,2,0,7.2298,1339
7197,CA-2014-116785,12.6,2,0,5.796,1758
7198,US-2015-156797,11.96,2,0,3.1096,252
7199,US-2015-156797,138,2,0,34.5,304
7204,CA-2015-136658,6.08,2,0,2.0672,1292
7205,CA-2017-137414,17.46,2,0,5.9364,704
7230,CA-2017-153843,30.88,2,0,15.44,1098
7231,CA-2017-153843,465.16,2,0,120.9416,1811
7234,CA-2016-137337,12.96,2,0,6.3504,553
7242,CA-2017-136651,24.14,2,0,7.9662,1761
7249,CA-2015-158491,119.98,2,0,35.994,1607
7256,CA-2016-152730,5.56,2,0,1.4456,326
7280,CA-2015-162782,2541.98,2,0,1270.99,454
7323,US-2017-126053,41.96,2,0,10.9096,108
7327,US-2014-131275,111,2,0,14.43,1294
7335,CA-2015-113152,843.9,2,0,371.316,1083
7339,CA-2015-159590,5.76,2,0,1.6128,655
7340,CA-2014-116190,67.88,2,0,18.3276,1285
7370,CA-2014-107769,257.98,2,0,74.8142,966
7382,CA-2016-105732,16.9,2,0,5.07,1593
7384,CA-2016-105732,378,2,0,136.08,1152
7410,CA-2014-103058,99.98,2,0,7.9984,968
7428,US-2014-164763,30.44,2,0,14.9156,340
7429,US-2014-164763,12.96,2,0,6.3504,221
7456,CA-2015-137974,569.64,2,0,148.1064,12
7461,US-2015-136987,52.76,2,0,24.2696,820
7463,CA-2016-103709,14.88,2,0,3.72,1473
7465,CA-2016-103709,261.74,2,0,65.435,538
7469,CA-2014-138100,14.56,2,0,6.2608,1037
7475,CA-2014-167199,609.98,2,0,274.491,575
7476,CA-2014-167199,5.48,2,0,1.4796,451
7477,CA-2014-167199,391.98,2,0,113.6742,35
7489,CA-2017-157196,12.96,2,0,6.2208,868
7502,US-2017-120147,6.08,2,0,2.0672,1292
7504,CA-2016-158043,23.36,2,0,11.68,1050
7507,CA-2014-115889,362.92,2,0,105.2468,247
7514,US-2017-167920,29.36,2,0,13.5056,916
7519,US-2017-167920,5.76,2,0,2.6496,1595
7520,US-2017-167920,1399.98,2,0,629.991,898
7537,CA-2016-106460,70.88,2,0,33.3136,131
7574,CA-2015-129532,221.96,2,0,4.4392,17
7576,CA-2014-134726,41.94,2,0,15.0984,925
7603,CA-2016-152520,12.96,2,0,6.2208,736
7611,US-2015-130491,9.54,2,0,4.293,1466
7613,US-2015-130491,5.76,2,0,1.728,132
7616,CA-2016-144309,18.54,2,0,8.7138,1300
7639,CA-2017-104885,441.96,2,0,101.6508,1508
7656,US-2014-120740,106.96,2,0,31.0184,656
7670,CA-2015-130974,259.98,2,0,88.3932,1315
7680,CA-2014-133592,341.96,2,0,78.6508,1067
7691,US-2017-128951,12.96,2,0,6.2208,90
7697,CA-2017-151799,1199.98,2,0,467.9922,351
7702,CA-2016-114601,11.56,2,0,5.6644,827
7707,CA-2017-100237,11.68,2,0,4.2048,1691
7720,CA-2015-108588,17.48,2,0,8.2156,761
7739,CA-2014-154781,6.58,2,0,3.0268,1139
7743,CA-2016-133613,7.96,2,0,3.7412,1425
7749,CA-2015-133242,450.04,2,0,58.5052,914
7750,CA-2015-133242,34.6,2,0,16.608,155
7752,CA-2015-133242,33.02,2,0,15.8496,735
7770,CA-2016-155978,45.96,2,0,13.788,10
7785,US-2014-111353,25.06,2,0,11.7782,50
7794,CA-2015-127481,97.88,2,0,48.94,128
7801,CA-2014-143637,40.48,2,0,14.5728,1731
7837,CA-2015-149083,12.6,2,0,5.796,1649
7838,CA-2015-149083,159.98,2,0,57.5928,431
7841,CA-2016-116603,45.96,2,0,13.788,10
7853,CA-2015-144890,9.96,2,0,4.8804,1060
7861,CA-2015-142993,17.9,2,0,3.401,1054
7862,CA-2015-142993,81.96,2,0,0,358
7868,CA-2016-136994,13.38,2,0,6.1548,1080
7871,CA-2016-101672,6.16,2,0,2.9568,647
7873,CA-2016-101672,8.56,2,0,3.852,1555
7874,CA-2016-101672,97.82,2,0,45.9754,1195
7890,CA-2016-148684,399.98,2,0,171.9914,657
7895,CA-2017-124744,6.24,2,0,3.0576,750
7907,CA-2016-112585,715.64,2,0,178.91,854
7919,CA-2017-139822,38.62,2,0,10.8136,1231
7920,CA-2017-139822,59.98,2,0,10.7964,1628
7933,CA-2017-166093,23.36,2,0,11.68,1050
7935,CA-2017-166093,8.56,2,0,3.852,1128
7954,CA-2014-138359,6.24,2,0,3.0576,750
7990,US-2016-117793,1.98,2,0,0.891,1450
8003,CA-2014-143210,271.9,2,0,78.851,1651
8005,CA-2014-143210,9.82,2,0,3.2406,883
8020,CA-2017-167227,11.76,2,0,5.7624,1027
8025,CA-2015-132465,210.68,2,0,50.5632,1838
8041,CA-2017-121489,33.18,2,0,11.613,1367
8059,CA-2015-121188,4.16,2,0,1.7472,1045
8064,CA-2016-132997,12.96,2,0,6.2208,1363
8091,CA-2015-127502,5.76,2,0,2.8224,751
8095,CA-2017-133046,12.96,2,0,6.2208,1304
8101,CA-2015-149846,8.26,2,0,3.7996,623
8119,CA-2016-116722,41.96,2,0,10.9096,108
8129,CA-2014-127866,41.94,2,0,15.0984,925
8130,CA-2014-127866,11.96,2,0,5.8604,1310
8146,US-2014-112949,3.52,2,0,1.6896,1286
8149,CA-2014-167997,10.68,2,0,5.0196,960
8150,CA-2014-167997,141.96,2,0,39.7488,637
8151,CA-2017-140151,32.48,2,0,4.872,726
8154,US-2017-143770,238,2,0,38.08,1211
8155,US-2017-143770,61.96,2,0,27.882,1040
8160,CA-2016-134138,227.96,2,0,36.4736,1788
8162,CA-2015-120915,307.98,2,0,89.3142,350
8178,CA-2016-166429,999.98,2,0,449.991,621
8195,CA-2015-136700,8.96,2,0,4.3904,1066
8202,CA-2015-114811,549.98,2,0,142.9948,911
8224,CA-2016-104633,12.96,2,0,6.2208,1454
8227,CA-2016-123050,82.64,2,0,7.4376,484
8228,CA-2016-123050,31.02,2,0,8.0652,172
8233,CA-2014-158225,40.68,2,0,0.4068,1534
8266,CA-2014-118304,19.98,2,0,5.1948,436
8294,US-2017-146906,299.9,2,0,74.975,1198
8296,CA-2016-166380,111.98,2,0,26.8752,203
8300,CA-2015-109169,180.96,2,0,81.432,233
8307,CA-2016-128671,77.56,2,0,35.6776,1587
8322,CA-2016-130778,8.74,2,0,2.2724,1540
8336,CA-2016-101469,7.7,2,0,3.157,1871
8367,CA-2014-109918,20.56,2,0,9.6632,1559
8384,CA-2016-145135,13.36,2,0,6.4128,1296
8388,CA-2014-139423,76.12,2,0,22.0748,518
8390,CA-2017-153227,11.76,2,0,5.7624,1027
8391,CA-2017-110625,27.46,2,0,9.8856,1011
8402,CA-2015-110814,22.68,2,0,11.1132,758
8406,CA-2017-140480,39.98,2,0,9.1954,1834
8420,CA-2017-118199,199.98,2,0,87.9912,1352
8423,CA-2017-150091,40.48,2,0,17.4064,1681
8427,CA-2017-167017,4.36,2,0,0.1744,487
8430,US-2014-113124,129.3,2,0,6.465,562
8447,CA-2017-125451,210.68,2,0,50.5632,1838
8462,CA-2015-169537,7.5,2,0,3.6,1573
8478,CA-2017-158736,5.76,2,0,1.6704,677
8479,US-2016-119270,19.98,2,0,8.991,1661
8480,CA-2014-109890,35.98,2,0,10.0744,1795
8482,US-2017-118535,20.7,2,0,9.936,493
8485,CA-2017-124716,45.68,2,0,21.0128,1276
8486,CA-2017-124716,110.96,2,0,53.2608,164
8498,CA-2014-169061,18.62,2,0,5.3998,666
8500,CA-2014-169061,97.82,2,0,45.9754,1195
8503,CA-2014-164903,12.96,2,0,6.2208,1564
8510,CA-2015-135853,23,2,0,10.35,1033
8516,CA-2016-132899,3.64,2,0,0.9828,7
8531,CA-2016-156748,13.76,2,0,6.3296,322
8534,CA-2015-169677,9.82,2,0,4.8118,613
8543,CA-2014-137575,199.98,2,0,83.9916,412
8546,CA-2016-119074,32.54,2,0,15.9446,1548
8573,CA-2015-164623,24.56,2,0,11.5432,34
8577,CA-2017-146164,607.52,2,0,97.2032,337
8578,CA-2017-146164,31.16,2,0,7.79,453
8595,CA-2014-111934,11.88,2,0,5.346,1000
8600,CA-2014-141110,40.54,2,0,11.3512,1278
8606,CA-2017-162936,23.18,2,0,7.6494,573
8607,CA-2014-151946,56.96,2,0,21.0752,1157
8610,CA-2014-151946,13.96,2,0,6.7008,777
8612,CA-2016-146437,39.68,2,0,10.3168,400
8614,CA-2016-165918,7.38,2,0,3.4686,1675
8616,CA-2016-165918,81.98,2,0,40.1702,846
8652,CA-2014-142769,7.3,2,0,2.19,508
8653,CA-2014-142769,199.98,2,0,75.9924,596
8655,CA-2014-142769,118,2,0,20.06,1023
8657,CA-2014-142769,22.66,2,0,9.7438,1212
8683,CA-2017-101665,5.16,2,0,1.3416,685
8686,CA-2016-144015,231.72,2,0,11.586,416
8688,CA-2016-144015,12.48,2,0,5.616,918
8707,CA-2014-146815,3.52,2,0,1.6896,1286
8746,CA-2017-128076,210.58,2,0,12.6348,800
8750,US-2015-163825,133.98,2,0,33.495,1097
8756,CA-2016-114307,37.68,2,0,10.5504,556
8763,CA-2016-112578,27.96,2,0,7.2696,1369
8792,CA-2014-162992,14.62,2,0,6.8714,579
8796,CA-2016-106397,12.96,2,0,6.2208,495
8797,CA-2016-106397,45.98,2,0,12.8744,1254
8801,CA-2016-140935,221.98,2,0,62.1544,1749
8802,CA-2016-140935,341.96,2,0,54.7136,1117
8806,CA-2016-113082,40.48,2,0,14.5728,1731
8814,CA-2015-144274,307.98,2,0,89.3142,350
8817,CA-2015-144274,16.56,2,0,7.7832,1471
8828,CA-2015-115168,10.56,2,0,4.752,1168
8829,CA-2014-109680,386.34,2,0,54.0876,1690
8831,CA-2015-145324,39.96,2,0,14.3856,566
8834,US-2017-132675,89.9,2,0,25.172,1539
8842,US-2016-112396,31.86,2,0,11.151,795
8887,CA-2014-169642,276.28,2,0,0,951
8891,CA-2016-162159,121.78,2,0,30.445,65
8899,CA-2015-163237,25.06,2,0,11.7782,1368
8919,CA-2014-160276,177.68,2,0,46.1968,1771
8920,CA-2014-132983,159.98,2,0,57.5928,1116
8933,CA-2016-102134,16.74,2,0,4.3524,912
8955,CA-2014-126480,8.56,2,0,3.852,1555
8962,CA-2016-157280,273.96,2,0,71.2296,1386
8978,CA-2014-119529,5.76,2,0,2.8224,620
8989,US-2015-128587,9.68,2,0,3.7752,1600
9007,CA-2017-107825,7.38,2,0,3.4686,1675
9008,CA-2017-107825,5.82,2,0,2.7354,399
9019,CA-2014-100706,99.98,2,0,7.9984,968
9032,CA-2017-105823,487.96,2,0,146.388,2
9033,CA-2014-152268,1793.98,2,0,843.1706,1187
9037,CA-2015-166492,22.58,2,0,5.8708,1021
9050,CA-2015-165554,10.86,2,0,5.3214,364
9051,CA-2014-141838,3.36,2,0,0.84,1257
9054,CA-2017-117009,21.96,2,0,6.1488,135
9055,CA-2015-128993,21.98,2,0,8.5722,924
9066,CA-2017-152968,23.08,2,0,6.924,1602
9067,CA-2016-150077,90.48,2,0,23.5248,1428
9071,CA-2015-136105,24.56,2,0,6.8768,582
9072,CA-2016-142524,16.56,2,0,7.7832,1471
9082,CA-2017-169005,5.56,2,0,1.4456,22
9093,US-2015-132836,299.98,2,0,83.9944,1523
9095,US-2015-132836,41.9,2,0,11.732,1030
9111,CA-2014-132010,22.96,2,0,4.3624,1718
9126,CA-2015-157028,8.28,2,0,3.4776,156
9131,CA-2017-100055,27.46,2,0,9.8856,1011
9140,CA-2017-123029,159.98,2,0,47.994,663
9146,US-2016-165505,99.98,2,0,42.9914,1146
9156,CA-2014-134215,101.96,2,0,27.5292,478
9169,CA-2016-140571,45.68,2,0,21.0128,606
9170,US-2016-155768,31.96,2,0,1.598,473
9177,CA-2016-166618,13.98,2,0,3.9144,1738
9183,CA-2017-156776,24.56,2,0,11.5432,316
9196,CA-2014-103310,39.96,2,0,19.1808,1701
9212,CA-2014-144071,39.88,2,0,11.1664,64
9217,US-2017-118157,15.28,2,0,7.4872,667
9244,CA-2014-113271,5.56,2,0,2.224,1071
9253,CA-2017-102309,12.96,2,0,6.2208,515
9256,CA-2014-168368,9.64,2,0,4.4344,549
9259,CA-2014-168368,64.96,2,0,2.5984,577
9266,CA-2014-125759,14.56,2,0,5.5328,1705
9280,CA-2016-166772,163.88,2,0,40.97,1660
9306,CA-2014-128237,6.56,2,0,1.9024,959
9307,CA-2014-128237,14.88,2,0,3.72,1473
9318,US-2017-108343,13.36,2,0,6.4128,584
9330,US-2015-153283,15.56,2,0,7.3132,844
9349,CA-2016-114860,41.96,2,0,10.9096,108
9355,CA-2015-110324,3.64,2,0,1.0192,1073
9356,CA-2015-110324,18.54,2,0,8.7138,1300
9365,US-2014-166828,11.56,2,0,5.6644,1861
9368,CA-2016-154998,37.94,2,0,18.2112,276
9375,CA-2015-126347,50,2,0,10.5,1082
9377,CA-2017-155362,32.56,2,0,8.4656,1596
9437,CA-2017-107853,12.96,2,0,6.2208,1460
9440,CA-2014-100391,14.62,2,0,6.7252,1511
9462,US-2017-109610,701.96,2,0,168.4704,1142
9465,CA-2016-126858,31.96,2,0,1.598,473
9468,CA-2017-102925,12.96,2,0,6.2208,686
9469,CA-2017-102925,110.96,2,0,53.2608,420
9470,CA-2017-102925,99.98,2,0,3.9992,142
9494,CA-2016-105207,11.88,2,0,5.346,1000
9505,CA-2016-113607,111.96,2,0,54.8604,368
9506,CA-2014-149104,26.7,2,0,7.476,825
9520,CA-2016-101189,93.02,2,0,3.7208,245
9530,CA-2017-111759,52.76,2,0,24.2696,820
9534,CA-2016-116596,33.48,2,0,1.3392,1796
9539,US-2017-169488,39.96,2,0,18.7812,371
9545,CA-2014-166590,1.98,2,0,0.891,1450
9546,CA-2014-166590,75.88,2,0,35.6636,68
9564,CA-2015-161242,11.76,2,0,5.7624,1027
9593,CA-2017-108931,8.56,2,0,3.852,1510
9594,CA-2017-108931,11.56,2,0,5.6644,374
9616,CA-2016-140256,5.76,2,0,1.6704,833
9636,CA-2014-124702,137.54,2,0,55.016,574
9638,US-2017-125808,11.56,2,0,5.6644,1861
9651,CA-2016-107104,64.96,2,0,19.488,798
9661,CA-2016-160717,26.96,2,0,3.7744,1581
9664,US-2015-120957,12.96,2,0,6.2208,650
9679,CA-2015-130113,323.1,2,0,61.389,772
9684,CA-2017-122770,12.96,2,0,6.3504,1669
9694,CA-2017-130148,7.3,2,0,2.19,508
9701,CA-2016-105291,3.62,2,0,1.1946,811
9708,CA-2016-161746,19.96,2,0,5.5888,1639
9720,CA-2016-119641,18.96,2,0,7.584,1482
9728,CA-2017-167395,4.36,2,0,0.1744,487
9733,CA-2014-114321,20.12,2,0,9.2552,1631
9736,US-2015-100069,269.98,2,0,72.8946,529
9737,CA-2017-129294,310.12,2,0,80.6312,1469
9749,CA-2016-158358,159.98,2,0,57.5928,431
9753,CA-2017-113705,8.26,2,0,3.7996,1597
9754,CA-2017-113705,17.76,2,0,8.88,215
9756,CA-2017-113705,292.1,2,0,58.42,279
9760,CA-2017-159135,4.3,2,0,1.419,1562
9762,CA-2014-121762,81.96,2,0,22.9488,1377
9763,CA-2014-121762,238.62,2,0,4.7724,1440
9765,CA-2017-101959,9.84,2,0,4.7232,1192
9784,CA-2015-149748,8.28,2,0,2.9808,1396
9827,CA-2017-169999,129.3,2,0,6.465,562
9837,US-2016-125402,29.6,2,0,14.8,432
9841,US-2016-125402,5.76,2,0,1.6704,833
9849,CA-2014-142979,39.68,2,0,16.2688,1598
9850,CA-2016-158155,12.56,2,0,4.0192,550
9852,CA-2016-158155,13.08,2,0,6.0168,1232
9855,CA-2017-138870,24.56,2,0,11.5432,1515
9859,CA-2017-113278,2.52,2,0,0.1008,244
9861,CA-2017-113278,18.76,2,0,5.2528,1201
9865,CA-2017-113278,18.96,2,0,8.532,1194
9875,CA-2015-130855,6.36,2,0,0.0636,1880
9883,CA-2014-112291,11.16,2,0,5.58,410
9885,CA-2014-112291,159.98,2,0,57.5928,1116
9887,CA-2017-169607,9.96,2,0,4.6812,1242
9890,US-2016-115441,20.62,2,0,9.6914,1563
9910,US-2015-129007,209.7,2,0,100.656,929
9914,CA-2017-160927,12.96,2,0,6.2208,1485
9926,CA-2015-159534,199.98,2,0,53.9946,975
9951,CA-2017-121559,17.38,2,0,8.69,851
9958,US-2014-143287,7.3,2,0,2.19,508
9968,CA-2017-153871,735.98,2,0,331.191,1520
9970,CA-2015-103772,119.56,2,0,54.9976,989
9975,US-2016-103674,13.36,2,0,6.4128,584
9983,US-2016-157728,97.98,2,0,27.4344,1720
9990,CA-2017-121258,91.96,2,0,15.6332,1794
9993,CA-2017-119914,243.16,2,0,72.948,168
10,CA-2014-115812,114.9,5,0,34.47,10
1836,CA-2014-141278,21.4,5,0,6.206,19
55,CA-2016-105816,1029.95,5,0,298.6855,54
956,CA-2017-119305,173.8,5,0,43.45,55
57,CA-2016-111682,32.4,5,0,15.552,56
1718,CA-2016-169943,454.9,5,0,0,73
1692,CA-2017-129833,10.4,5,0,5.096,74
82,CA-2014-139451,14.9,5,0,4.172,80
1855,CA-2015-160472,141.4,5,0,38.178,87
1428,US-2015-164448,14.75,5,0,7.08,112
1132,CA-2016-112102,63.9,5,0,28.755,119
151,CA-2016-114489,171.55,5,0,80.6285,143
163,CA-2016-154508,28.4,5,0,13.348,154
184,CA-2014-158274,149.95,5,0,41.986,175
194,CA-2015-102281,19.9,5,0,6.567,183
1711,CA-2017-123491,19.9,5,0,6.567,183
664,CA-2016-123666,459.95,5,0,18.398,198
227,CA-2015-163055,622.45,5,0,136.939,211
639,CA-2016-115917,1049.2,5,0,272.792,222
248,CA-2014-131926,1503.25,5,0,496.0725,229
535,CA-2016-168753,22.75,5,0,11.375,250
811,CA-2014-151995,1298.55,5,0,311.652,259
1029,CA-2014-163552,177.2,5,0,83.284,260
1016,CA-2015-133025,32.4,5,0,15.552,262
299,CA-2016-142545,32.4,5,0,15.552,274
1369,CA-2017-133249,145.9,5,0,62.737,289
358,CA-2016-138520,34.4,5,0,15.824,322
406,CA-2017-117457,179.95,5,0,37.7895,359
408,CA-2017-117457,27.15,5,0,13.3035,364
1118,CA-2015-142755,279.9,5,0,137.151,368
1286,CA-2016-119445,14.9,5,0,1.043,386
434,CA-2016-127369,714.3,5,0,207.147,387
1317,CA-2016-145919,579.3,5,0,28.965,416
1009,US-2017-106705,44.75,5,0,20.585,425
477,CA-2014-144666,94.85,5,0,45.528,426
480,CA-2016-100790,14.7,5,0,6.615,428
1779,CA-2015-105347,14.7,5,0,6.615,428
481,CA-2016-100790,704.25,5,0,84.51,429
492,CA-2014-113362,449.15,5,0,8.983,438
510,CA-2015-145352,6354.95,5,0,3177.475,454
516,CA-2017-127432,2999.95,5,0,1379.977,459
1299,CA-2016-134425,114.95,5,0,2.299,465
526,CA-2015-158792,22.2,5,0,10.434,467
534,CA-2016-168753,979.95,5,0,274.386,474
1586,CA-2015-131338,979.95,5,0,274.386,474
1799,CA-2016-100965,215.65,5,0,73.321,489
559,CA-2016-113243,32.4,5,0,15.552,495
944,CA-2015-120880,32.4,5,0,15.552,516
1717,CA-2016-169943,242.9,5,0,70.441,540
884,CA-2016-165148,31.4,5,0,10.048,550
1627,CA-2015-164539,523.25,5,0,141.2775,554
675,CA-2017-130351,38.9,5,0,17.505,571
989,CA-2017-167899,520.05,5,0,72.807,581
1851,CA-2015-160472,831.2,5,0,124.68,583
694,CA-2015-131534,33.4,5,0,16.032,584
773,CA-2017-104220,32.35,5,0,16.175,631
1554,CA-2017-158386,124.75,5,0,57.385,697
1119,CA-2015-142755,619.95,5,0,111.591,701
890,CA-2017-132934,149.95,5,0,14.995,707
924,CA-2015-111164,406.6,5,0,113.848,729
994,CA-2016-105585,154.9,5,0,69.705,765
999,CA-2015-162537,24.1,5,0,9.158,770
1019,CA-2015-108665,124.95,5,0,2.499,778
1020,CA-2015-108665,601.65,5,0,156.429,779
1033,CA-2014-163552,14.4,5,0,7.056,789
1867,CA-2017-118857,196.45,5,0,70.722,802
1094,CA-2015-165085,28.9,5,0,14.161,827
1292,CA-2016-163384,32.4,5,0,15.552,868
1265,CA-2016-155992,41.85,5,0,10.881,912
1294,CA-2015-101707,114.2,5,0,52.532,934
1323,CA-2017-121804,72.8,5,0,19.656,946
1345,CA-2015-131758,13.05,5,0,6.003,957
1375,CA-2015-120362,912.75,5,0,118.6575,971
1378,CA-2014-126361,16.4,5,0,4.264,974
1380,CA-2014-126361,158.9,5,0,7.945,976
1385,US-2016-108504,9.45,5,0,0.189,978
1435,US-2016-153129,33.9,5,0,15.594,997
1440,CA-2017-122735,29.7,5,0,13.365,1000
1454,CA-2016-133711,33.75,5,0,16.875,1006
1565,CA-2014-116239,354.9,5,0,17.745,1053
1607,US-2016-115819,73.2,5,0,21.228,1074
1691,CA-2017-129833,33.45,5,0,15.387,1080
1704,CA-2014-139857,12.35,5,0,5.8045,1110
1740,CA-2015-130204,129.45,5,0,46.602,1124
1790,CA-2015-154326,139.95,5,0,26.5905,1141
1852,CA-2015-160472,26.4,5,0,11.88,1168
1871,CA-2014-116932,99.2,5,0,25.792,1178
1914,CA-2014-103366,149.95,5,0,65.978,248
1918,CA-2015-105634,11.65,5,0,3.3785,375
1934,CA-2017-161200,15.4,5,0,7.392,51
1935,CA-2017-101245,244.55,5,0,114.9385,1169
1961,CA-2017-110905,296.85,5,0,53.433,1100
1964,CA-2017-110905,24.9,5,0,11.703,1035
1968,CA-2017-165841,69.5,5,0,20.155,1216
1977,CA-2014-110408,1394.95,5,0,362.687,1219
2000,CA-2014-131905,144.95,5,0,42.0355,1140
2001,CA-2017-166128,199.95,5,0,21.9945,98
2004,CA-2017-163510,304.45,5,0,76.1125,65
2030,CA-2015-117961,104.9,5,0,25.176,1233
2056,CA-2017-120376,199.95,5,0,63.984,1238
2061,CA-2014-106439,80.3,5,0,20.878,1240
2077,CA-2017-140676,39.9,5,0,19.95,228
2079,CA-2017-140676,94.85,5,0,45.528,276
2086,CA-2016-140501,18.45,5,0,8.6715,1249
2087,CA-2016-140501,324.9,5,0,38.988,394
2093,CA-2014-145926,479.9,5,0,81.583,1002
2111,CA-2015-164882,17.45,5,0,8.027,205
2150,CA-2017-102771,84.95,5,0,22.087,1271
2183,CA-2016-128818,3999.95,5,0,1159.9855,1161
2184,CA-2016-128818,199.95,5,0,21.9945,98
2196,CA-2016-128412,44.75,5,0,8.5025,1054
2232,CA-2017-157091,526.45,5,0,31.587,800
2238,CA-2016-122322,44.4,5,0,12.432,1293
2277,CA-2014-104283,306.2,5,0,0,861
2289,CA-2017-143343,16.4,5,0,4.756,843
2297,CA-2015-113145,259.7,5,0,106.477,695
2308,CA-2017-116225,390.75,5,0,171.93,480
2316,CA-2017-122035,43,5,0,20.21,485
2324,CA-2015-109470,76.3,5,0,38.15,792
2332,CA-2016-155187,41.7,5,0,20.85,1319
2333,CA-2017-169285,277.4,5,0,133.152,420
2342,US-2014-143231,63.2,5,0,23.384,1322
2379,CA-2015-148628,32.75,5,0,15.065,1266
2397,CA-2015-137897,37,5,0,16.65,965
2401,CA-2017-147361,56.45,5,0,14.677,1021
2403,CA-2017-145877,28.4,5,0,13.348,154
2408,CA-2017-144589,24.2,5,0,7.986,1170
2415,CA-2016-156300,754.45,5,0,60.356,1333
2417,CA-2017-168655,595,5,0,95.2,1211
2441,CA-2016-146934,345,5,0,86.25,304
2444,CA-2016-146934,95.1,5,0,30.432,456
2451,CA-2017-140949,18.75,5,0,9,1361
2469,CA-2017-128755,32.4,5,0,15.552,1363
2475,CA-2016-114972,82.95,5,0,29.0325,1367
2484,CA-2017-126067,1137.75,5,0,250.305,344
2506,CA-2014-143917,8187.65,5,0,327.506,1376
2531,CA-2014-111500,114.2,5,0,52.532,1149
2560,CA-2015-147788,15.75,5,0,7.56,367
2574,CA-2017-145128,526.45,5,0,31.587,800
2576,CA-2014-129091,319.9,5,0,156.751,675
2622,CA-2017-115931,18.45,5,0,8.6715,941
2626,CA-2017-127180,63.9,5,0,28.755,119
2658,CA-2017-112515,14.4,5,0,7.056,789
2674,CA-2014-126403,1325.85,5,0,238.653,1255
2680,CA-2017-127026,14.4,5,0,7.056,620
2681,CA-2017-127026,619.95,5,0,111.591,701
2689,CA-2015-153220,15.7,5,0,7.065,1426
2694,CA-2016-138079,109.9,5,0,37.366,509
2715,CA-2015-103723,13.9,5,0,5.56,1071
2723,CA-2016-164735,81.2,5,0,12.18,726
2724,CA-2014-153479,14.45,5,0,6.7915,266
2756,CA-2015-155306,1447.65,5,0,419.8185,1381
2761,CA-2014-129574,48.4,5,0,23.232,366
2772,CA-2016-163986,54.5,5,0,14.17,379
2800,CA-2017-158743,145.85,5,0,70.008,711
2809,CA-2015-148635,704.9,5,0,56.392,1365
2816,CA-2015-104626,114.6,5,0,51.57,716
2889,CA-2017-102099,32.4,5,0,15.552,736
2890,CA-2017-164049,23.85,5,0,10.7325,1466
2894,CA-2017-139913,26.4,5,0,11.88,220
2897,CA-2014-169033,49.65,5,0,20.853,1078
2908,CA-2017-121615,52.4,5,0,14.148,475
2912,CA-2014-113929,41.4,5,0,19.458,1471
2939,US-2016-169040,189.7,5,0,89.159,68
2949,CA-2017-169859,43.7,5,0,20.539,761
2974,CA-2017-111808,10.8,5,0,5.184,878
2991,CA-2016-139010,449.15,5,0,8.983,438
3003,CA-2015-130610,19,5,0,8.93,1490
3007,CA-2017-116519,904.9,5,0,253.372,1118
3029,CA-2017-116855,504.9,5,0,80.784,940
3038,US-2015-123960,32.4,5,0,15.552,503
3046,CA-2017-125290,13.9,5,0,3.614,1498
3067,CA-2017-106859,214.95,5,0,88.1295,1503
3073,CA-2014-119375,57.75,5,0,26.565,690
3089,US-2017-159205,61,5,0,25.62,1133
3092,CA-2016-112123,479.95,5,0,129.5865,670
3114,CA-2016-150350,135.9,5,0,63.873,114
3117,CA-2016-150350,43.1,5,0,11.206,23
3131,CA-2014-136399,395,5,0,39.5,557
3148,CA-2014-109218,32.4,5,0,10.368,315
3149,CA-2016-120558,32.4,5,0,15.552,495
3163,CA-2014-153969,78.35,5,0,36.8245,1375
3168,CA-2016-146682,67,5,0,32.16,280
3181,CA-2017-105235,254.9,5,0,68.823,478
3207,CA-2014-158372,53.2,5,0,14.896,890
3209,CA-2016-108882,349.95,5,0,118.983,1531
3220,US-2015-137008,94.85,5,0,45.528,1248
3231,CA-2017-131625,114.9,5,0,39.066,944
3242,US-2016-140809,56.45,5,0,14.677,1021
3247,US-2017-140907,324.9,5,0,38.988,394
3281,CA-2014-102988,4164.05,5,0,83.281,470
3290,CA-2015-157770,248.85,5,0,27.3735,101
3341,US-2017-109253,51.75,5,0,24.84,324
3347,CA-2016-145982,29,5,0,13.92,1478
3348,CA-2015-112014,50.8,5,0,13.208,403
3371,CA-2016-134887,1287.45,5,0,244.6155,219
3385,CA-2015-130659,1799.75,5,0,539.925,915
3445,CA-2015-131779,29.9,5,0,5.083,1209
3449,CA-2014-168592,56.65,5,0,24.3595,1212
3475,CA-2016-144911,34.95,5,0,15.378,61
3476,CA-2016-144911,152,5,0,69.92,1009
3482,CA-2014-124688,579.95,5,0,168.1855,1144
3494,CA-2017-142034,655.9,5,0,275.478,1566
3530,US-2016-152835,21.4,5,0,6.206,19
3531,CA-2016-155565,54.9,5,0,15.372,135
3534,CA-2014-110849,10.75,5,0,3.5475,1562
3539,CA-2014-158771,20.65,5,0,9.499,1018
3579,CA-2016-104157,65.5,5,0,32.095,1421
3603,CA-2017-112956,277.4,5,0,133.152,1256
3619,CA-2017-141929,217.85,5,0,65.355,124
3622,CA-2014-159184,142.4,5,0,52.688,1157
3651,CA-2017-109960,34.7,5,0,12.492,932
3705,CA-2015-104941,32.4,5,0,15.552,1564
3711,CA-2017-113670,204.95,5,0,100.4255,1138
3716,CA-2017-144568,23.55,5,0,1.1775,1228
3718,CA-2016-142370,249.95,5,0,107.4785,1146
3719,CA-2016-105900,33.4,5,0,12.358,160
3745,CA-2016-149979,118.25,5,0,34.2925,395
3750,CA-2017-161956,28.4,5,0,8.236,681
3754,CA-2017-161956,354.9,5,0,17.745,1053
3761,CA-2017-104577,87.6,5,0,42.048,1324
3789,US-2016-133508,29.05,5,0,9.0055,197
3827,CA-2017-141733,1458.65,5,0,423.0085,286
3846,CA-2014-101931,141.4,5,0,38.178,87
3849,CA-2017-161053,34.95,5,0,15.378,61
3854,US-2017-131849,26.4,5,0,0,1527
3895,CA-2017-110212,48.9,5,0,18.093,1627
3933,CA-2017-123001,9.4,5,0,2.726,876
3934,CA-2017-123001,74,5,0,37,200
3939,US-2016-143448,1424.9,5,0,356.225,468
3961,CA-2015-113901,149.95,5,0,44.985,1003
3987,CA-2017-112333,41.95,5,0,10.4875,1640
3996,CA-2015-105627,769.95,5,0,223.2855,350
4001,CA-2014-116834,345,5,0,58.65,1643
4015,CA-2015-165624,193.8,5,0,94.962,1432
4016,CA-2015-165624,21.4,5,0,9.63,1128
4032,CA-2016-169957,29.9,5,0,14.651,100
4037,CA-2014-110786,24.9,5,0,8.217,1488
4044,CA-2015-137750,204.85,5,0,57.358,519
4096,CA-2014-116904,32.4,5,0,15.552,984
4097,CA-2014-116904,404.9,5,0,16.196,463
4098,CA-2014-116904,9449.95,5,0,4630.4755,1653
4176,CA-2014-128846,629.95,5,0,163.787,174
4178,CA-2016-148593,46.35,5,0,21.7845,1300
4195,CA-2016-124233,24.7,5,0,10.374,633
4203,CA-2014-145387,49.25,5,0,18.715,33
4208,CA-2014-145387,1604.9,5,0,481.47,1497
4246,CA-2017-117702,1049.2,5,0,272.792,222
4247,CA-2017-117702,20.9,5,0,7.524,1016
4260,CA-2017-164819,13.05,5,0,6.003,715
4279,US-2016-107440,25.3,5,0,11.891,889
4327,CA-2016-153346,18,5,0,8.28,1575
4369,US-2016-165078,104.9,5,0,50.352,547
4371,US-2016-165078,51.75,5,0,24.84,1683
4373,US-2017-169320,159.75,5,0,11.1825,1584
4375,CA-2014-166954,303.25,5,0,63.6825,72
4399,CA-2016-131737,199.9,5,0,89.955,897
4401,CA-2016-131737,971.5,5,0,252.59,628
4416,CA-2014-153983,30.4,5,0,15.2,836
4424,CA-2017-159464,34.75,5,0,15.6375,1102
4432,CA-2016-168893,24.1,5,0,9.158,770
4441,US-2016-111290,965.85,5,0,135.219,1690
4442,US-2016-111290,29.2,5,0,10.512,1691
4443,US-2016-111290,32.4,5,0,15.552,1019
4444,US-2014-147704,78.35,5,0,36.8245,1375
4447,US-2014-147704,169.45,5,0,42.3625,300
4451,CA-2016-147137,25.4,5,0,8.636,539
4457,CA-2017-115175,244.55,5,0,114.9385,1195
4479,CA-2014-147235,24.9,5,0,11.703,1696
4516,US-2016-128678,21.4,5,0,10.058,1699
4526,US-2017-105046,99.9,5,0,47.952,1701
4562,CA-2015-118871,36.4,5,0,13.832,1705
4575,CA-2016-139395,13.9,5,0,3.614,326
4585,US-2017-163790,8.8,5,0,4.224,1286
4598,US-2017-169502,91.6,5,0,26.564,1572
4621,CA-2015-161214,77.55,5,0,21.714,179
4626,CA-2016-101336,77.55,5,0,20.163,172
4628,CA-2016-101336,140.75,5,0,39.41,1494
4631,CA-2017-168396,51.75,5,0,24.84,493
4649,CA-2017-129357,64.4,5,0,1.932,510
4650,CA-2017-150987,244.55,5,0,114.9385,1195
4653,CA-2017-132647,166.45,5,0,39.948,1305
4749,CA-2016-123526,33.4,5,0,16.032,486
4783,US-2017-147984,279.9,5,0,137.151,973
4885,CA-2014-151379,114.2,5,0,52.532,1149
4906,US-2014-146353,269.9,5,0,16.194,401
4929,US-2014-138828,57.75,5,0,16.17,334
4937,CA-2014-157147,1325.85,5,0,238.653,1255
4939,CA-2014-157147,19.9,5,0,6.567,183
4985,CA-2014-125171,14.4,5,0,7.056,789
4999,CA-2016-129238,56.7,5,0,27.783,1742
5001,CA-2016-136126,69.5,5,0,20.155,1216
5005,CA-2015-158659,714.3,5,0,207.147,387
5034,CA-2015-103954,687.4,5,0,48.118,1685
5044,CA-2016-158694,61.4,5,0,28.858,1663
5047,CA-2016-158694,14.7,5,0,3.969,1658
5056,CA-2015-162166,26.4,5,0,11.88,1638
5067,CA-2017-160934,21.4,5,0,6.206,1056
5120,CA-2014-149538,232.55,5,0,9.302,245
5135,CA-2016-151323,17.05,5,0,8.184,265
5139,CA-2017-128335,51.55,5,0,24.2285,1563
5151,CA-2017-169929,39.9,5,0,10.374,869
5170,CA-2016-122903,3504.9,5,0,700.98,488
5192,CA-2014-101560,397.6,5,0,43.736,126
5208,CA-2015-102015,28.9,5,0,14.161,1020
5214,CA-2016-145898,35.4,5,0,13.452,1686
5215,CA-2016-145898,29.9,5,0,13.455,461
5218,CA-2017-167080,8.4,5,0,4.2,60
5222,CA-2017-117401,114.95,5,0,2.299,465
5250,US-2016-169369,249.95,5,0,19.996,968
5258,US-2017-115595,35.2,5,0,16.544,734
5270,CA-2017-144484,406.6,5,0,113.848,729
5276,CA-2017-147333,44.75,5,0,8.5025,1054
5305,US-2016-168410,68.95,5,0,28.959,94
5324,CA-2015-119508,16.9,5,0,6.253,1184
5338,CA-2015-146486,244.55,5,0,4.891,1177
5341,CA-2015-146486,899.95,5,0,53.997,1348
5349,CA-2015-149811,39.9,5,0,19.95,228
5396,US-2016-147340,63.2,5,0,23.384,1322
5413,CA-2016-153157,224.75,5,0,62.93,1539
5423,CA-2017-103009,26.4,5,0,11.88,1768
5425,CA-2016-153598,1649.95,5,0,659.98,1769
5434,CA-2015-160171,1640.7,5,0,459.396,1770
5447,US-2016-127425,249.95,5,0,87.4825,1244
5449,US-2014-119081,57.4,5,0,10.906,1718
5452,CA-2016-140613,86.2,5,0,24.998,616
5456,CA-2017-130631,19.6,5,0,9.604,1774
5476,CA-2017-169691,84.55,5,0,22.8285,1046
5508,CA-2015-168529,145.9,5,0,62.737,289
5545,CA-2017-102967,67.4,5,0,17.524,148
5559,US-2015-114741,1325.85,5,0,238.653,1255
5562,CA-2017-133263,2999.95,5,0,1439.976,308
5582,CA-2016-161158,8,5,0,3.44,910
5587,CA-2015-149993,10.9,5,0,3.597,852
5607,CA-2017-105193,11.05,5,0,2.9835,149
5614,CA-2016-158001,21.3,5,0,8.733,321
5615,CA-2016-158001,1040.8,5,0,281.016,78
5619,US-2016-124163,499.95,5,0,174.9825,297
5634,CA-2015-134943,152.8,5,0,76.4,1007
5645,CA-2017-127117,74.45,5,0,20.1015,952
5648,CA-2017-142342,32.4,5,0,15.552,1538
5649,CA-2017-142342,57.9,5,0,28.95,1790
5684,CA-2014-164315,154.9,5,0,40.274,1284
5691,US-2015-138093,44.75,5,0,20.585,425
5693,US-2015-138093,26.4,5,0,12.672,1743
5714,CA-2017-116939,177.55,5,0,47.9385,848
5715,CA-2015-124107,619.95,5,0,111.591,701
5719,CA-2017-126550,81.4,5,0,21.164,1596
5749,CA-2017-104913,74.95,5,0,36.7255,1262
5752,CA-2016-125850,20.65,5,0,9.499,623
5838,CA-2015-132948,83.7,5,0,3.348,1796
5839,CA-2015-134992,32.4,5,0,15.552,1204
5842,CA-2015-126725,304.9,5,0,6.098,894
5845,CA-2015-126725,32.4,5,0,15.552,998
5866,US-2014-117968,1133.35,5,0,294.671,635
5896,CA-2014-168305,21.4,5,0,9.63,1126
5904,US-2017-153948,26.4,5,0,12.672,1743
5913,US-2015-126977,14.9,5,0,1.043,386
5935,CA-2016-103107,25.4,5,0,8.636,539
5944,CA-2014-104178,95.1,5,0,30.432,456
5947,CA-2015-115924,25.9,5,0,12.691,1521
5953,US-2014-105151,10.5,5,0,2.94,1735
5956,CA-2016-127138,676.55,5,0,6.7655,275
5957,CA-2016-127138,154.9,5,0,40.274,1284
5978,CA-2014-117765,429.9,5,0,111.774,987
5989,CA-2016-163776,504.9,5,0,126.225,1687
6013,CA-2016-159016,14.9,5,0,7.152,1113
6026,CA-2017-136007,8.4,5,0,0.336,1492
6032,CA-2017-104010,54.9,5,0,15.372,135
6050,CA-2015-153878,57.75,5,0,16.17,334
6051,CA-2015-153878,272.4,5,0,76.272,1323
6058,CA-2014-107524,36.4,5,0,17.472,58
6124,CA-2017-145772,44.75,5,0,8.5025,1054
6140,CA-2017-121083,274.8,5,0,134.652,1798
6150,US-2016-106600,354.9,5,0,88.725,1567
6172,US-2014-106299,26.7,5,0,12.549,960
6180,CA-2015-158421,629.95,5,0,176.386,1387
6264,US-2016-115952,28.85,5,0,14.425,69
6268,CA-2015-115392,22.45,5,0,10.327,1383
6271,CA-2017-102379,179.9,5,0,44.975,923
6275,US-2016-139087,24.75,5,0,10.89,1620
6283,CA-2016-100944,304.9,5,0,143.303,1725
6296,CA-2014-141313,704.25,5,0,84.51,429
6324,CA-2015-110289,33.4,5,0,16.032,486
6328,CA-2014-167927,19.05,5,0,8.9535,541
6333,CA-2014-167927,29.7,5,0,13.365,1000
6346,CA-2017-104822,24.55,5,0,12.0295,1134
6379,CA-2017-150623,286.15,5,0,71.5375,1290
6389,CA-2015-147529,311.15,5,0,146.2405,639
6398,CA-2017-151981,824.95,5,0,247.485,1424
6436,US-2017-116897,477.15,5,0,28.629,627
6440,CA-2016-101161,34.7,5,0,12.492,932
6443,CA-2016-101161,24.9,5,0,11.454,1530
6459,US-2017-133361,14.7,5,0,6.615,428
6460,US-2017-133361,37.2,5,0,9.3,1473
6463,US-2017-133361,74,5,0,37,200
6467,CA-2016-163804,2079.4,5,0,582.232,406
6468,CA-2016-163804,629.95,5,0,176.386,1076
6489,US-2017-148866,32.4,5,0,15.552,1454
6508,CA-2017-102197,279.9,5,0,137.151,368
6516,US-2017-116652,529.9,5,0,105.98,1070
6531,US-2017-107384,8.8,5,0,2.552,1049
6533,US-2017-107384,399.95,5,0,143.982,1621
6539,CA-2015-109862,291.1,5,0,75.686,1356
6552,CA-2017-161578,158.9,5,0,7.945,976
6559,CA-2016-160941,419.9,5,0,197.353,980
6585,CA-2017-104731,8.8,5,0,3.872,249
6613,CA-2015-107678,469.95,5,0,131.586,544
6618,US-2017-167402,32.4,5,0,15.552,1363
6620,US-2017-167402,4164.05,5,0,83.281,470
6631,CA-2016-105081,1747.25,5,0,629.01,1121
6663,CA-2017-162173,356.85,5,0,60.6645,725
6666,CA-2017-122175,42.85,5,0,15.426,1713
6669,CA-2017-122175,87.4,5,0,34.96,1590
6676,CA-2015-109337,19.75,5,0,5.135,1711
6720,CA-2017-102974,149.95,5,0,31.4895,638
6727,CA-2017-145443,177.2,5,0,83.284,1763
6746,CA-2017-159156,629.95,5,0,163.787,1463
6755,CA-2017-124205,47.4,5,0,18.96,1482
6769,CA-2017-139787,35.4,5,0,13.452,1686
6816,CA-2014-144414,17.9,5,0,8.95,296
6822,US-2017-115609,168.1,5,0,43.706,737
6826,CA-2016-118689,17499.95,5,0,8399.976,1406
6835,CA-2017-142643,152.65,5,0,70.219,586
6838,CA-2017-107517,1640.7,5,0,459.396,1770
6843,CA-2016-123946,67.9,5,0,0.679,1043
6859,CA-2017-128965,10.9,5,0,3.597,852
6880,CA-2015-137113,32.4,5,0,15.552,1346
6883,CA-2015-137113,114.2,5,0,52.532,396
6896,CA-2017-164756,244.55,5,0,114.9385,1717
6922,CA-2015-134257,491.55,5,0,240.8595,513
6940,CA-2017-107132,28.4,5,0,8.236,681
6956,CA-2016-157588,36.4,5,0,17.108,1360
6962,CA-2016-157161,10.2,5,0,4.794,30
6964,CA-2016-157161,24.1,5,0,11.086,549
6969,CA-2016-163937,24.85,5,0,7.7035,532
6979,CA-2017-149076,154.9,5,0,69.705,1721
6982,CA-2016-116526,24.1,5,0,11.086,549
6987,CA-2016-116526,26.4,5,0,12.672,1096
6991,CA-2015-109386,226.2,5,0,58.812,1428
6994,CA-2015-109386,27.9,5,0,6.975,313
7028,US-2016-157840,33.9,5,0,15.594,997
7076,CA-2016-167416,54.9,5,0,26.901,604
7093,CA-2015-119480,51.55,5,0,24.2285,1563
7112,CA-2016-109666,54.9,5,0,15.372,135
7127,US-2016-117541,16.45,5,0,7.567,1139
7141,CA-2017-128783,135.3,5,0,37.884,1263
7142,CA-2014-122217,111.15,5,0,48.906,1397
7155,US-2015-136749,157.9,5,0,74.213,353
7162,CA-2014-138709,15.6,5,0,7.644,750
7196,CA-2014-116785,21.4,5,0,6.206,1056
7202,CA-2016-120369,756.8,5,0,75.68,1847
7214,CA-2015-103072,16.4,5,0,4.756,1221
7245,CA-2017-145807,354.9,5,0,17.745,1053
7254,CA-2016-152730,47.4,5,0,21.33,1194
7258,CA-2016-152730,14.7,5,0,3.969,136
7310,CA-2015-121699,64.75,5,0,29.1375,935
7319,CA-2017-100097,979.95,5,0,264.5865,1400
7320,CA-2017-100097,135.3,5,0,37.884,1263
7325,US-2017-128447,400.8,5,0,112.224,1332
7350,CA-2017-142125,21.9,5,0,10.512,238
7354,CA-2017-154102,29.9,5,0,13.455,1807
7380,CA-2016-105732,14.4,5,0,7.056,1380
7381,CA-2016-105732,149.95,5,0,41.986,1529
7392,CA-2017-147844,15.7,5,0,7.065,1426
7394,CA-2017-147844,34.4,5,0,15.824,322
7436,CA-2015-148180,99.2,5,0,25.792,1178
7438,CA-2015-145457,46.9,5,0,13.132,1461
7472,CA-2016-139997,1499.95,5,0,449.985,1343
7485,CA-2017-135111,25.9,5,0,12.691,1521
7486,US-2015-134558,29.9,5,0,14.651,1347
7515,US-2017-167920,214.9,5,0,62.321,1448
7517,US-2017-167920,146.45,5,0,48.3285,832
7571,CA-2014-100916,194.7,5,0,9.735,42
7584,CA-2014-163223,14.4,5,0,6.624,1595
7659,CA-2017-146493,53.9,5,0,25.872,835
7662,US-2017-141509,99.2,5,0,25.792,1178
7673,CA-2015-130974,154.9,5,0,69.705,1029
7738,CA-2017-141103,89.95,5,0,43.176,838
7765,US-2017-118941,1779.9,5,0,373.779,409
7766,US-2017-118941,219.9,5,0,59.373,402
7793,CA-2015-127481,32.4,5,0,15.876,331
7796,US-2015-145121,26.9,5,0,13.181,62
7845,CA-2015-125976,154.9,5,0,69.705,1040
7857,CA-2014-103429,464,5,0,134.56,926
7888,CA-2016-113117,32.4,5,0,15.552,718
7891,CA-2016-148684,343.85,5,0,137.54,574
7894,CA-2017-124744,82.4,5,0,40.376,92
7914,CA-2017-165323,3404.5,5,0,1668.205,1862
7956,CA-2017-131807,14.9,5,0,6.854,129
7958,CA-2017-131807,72.9,5,0,26.973,1495
7982,CA-2014-113383,254.9,5,0,76.47,1165
7986,CA-2016-137939,89.95,5,0,43.176,838
7996,US-2017-105998,199.75,5,0,87.89,242
8009,CA-2015-110863,1323.9,5,0,383.931,1835
8045,CA-2016-145611,393.25,5,0,129.7725,1163
8054,CA-2015-121188,892.35,5,0,267.705,523
8060,CA-2015-156013,61.4,5,0,28.858,316
8085,CA-2016-105753,61.1,5,0,18.33,393
8092,CA-2017-143658,109.9,5,0,32.97,949
8096,CA-2017-133046,234.95,5,0,32.893,440
8097,CA-2017-122798,118.25,5,0,34.2925,395
8117,US-2017-113201,204.95,5,0,100.4255,1138
8157,CA-2016-103464,595,5,0,95.2,1211
8159,CA-2016-120803,199.75,5,0,87.89,242
8177,CA-2017-149699,474.95,5,0,142.485,1545
8201,CA-2015-114811,67.15,5,0,16.7875,1706
8232,CA-2014-158225,169.45,5,0,42.3625,300
8257,CA-2017-152310,174.95,5,0,12.2465,1502
8301,US-2017-167318,1649.95,5,0,659.98,1769
8305,CA-2016-128671,32.4,5,0,15.552,686
8323,CA-2016-130778,44.75,5,0,20.585,425
8332,CA-2016-153269,354.9,5,0,88.725,479
8338,CA-2014-153087,498,5,0,184.26,776
8340,CA-2014-161634,32.4,5,0,15.552,1019
8346,US-2015-115238,31.4,5,0,13.188,193
8349,US-2015-115238,24.3,5,0,10.449,1750
8387,CA-2015-149601,77.55,5,0,21.714,179
8393,CA-2016-142594,111.15,5,0,48.906,1397
8405,CA-2017-140480,141.9,5,0,58.179,727
8408,CA-2017-140480,174.95,5,0,45.487,1785
8422,CA-2017-150091,17.9,5,0,8.771,111
8424,CA-2017-150091,2154.9,5,0,129.294,1417
8460,CA-2014-146500,25.3,5,0,11.891,889
8483,CA-2016-126284,83.7,5,0,41.013,1623
8488,CA-2016-158841,8749.95,5,0,2799.984,1657
8562,CA-2016-123540,1454.9,5,0,378.274,1013
8586,CA-2017-162015,1287.45,5,0,244.6155,219
8587,CA-2017-162015,168.1,5,0,43.706,737
8611,CA-2017-123624,82.95,5,0,29.0325,1367
8627,CA-2015-164084,90,5,0,16.2,1565
8635,CA-2014-160094,174.95,5,0,45.487,1785
8636,CA-2014-160094,826,5,0,214.76,551
8638,CA-2017-118346,399.95,5,0,143.982,1116
8650,CA-2014-142769,5.7,5,0,2.679,1734
8664,CA-2017-126634,94.2,5,0,39.564,1166
8665,CA-2016-118500,49.5,5,0,13.365,563
8681,CA-2016-143805,40.7,5,0,11.803,603
8687,CA-2016-144015,17.9,5,0,8.95,296
8693,CA-2016-118311,450,5,0,162,295
8734,CA-2017-116988,1287.45,5,0,244.6155,219
8740,CA-2016-102498,73.2,5,0,21.228,1074
8793,CA-2014-162992,22.55,5,0,8.7945,490
8798,US-2016-150140,1294.75,5,0,336.635,1384
8812,US-2016-140172,13.9,5,0,3.753,1650
8837,US-2017-132675,15.75,5,0,7.56,367
8843,CA-2014-141173,67.15,5,0,16.7875,1706
8927,CA-2015-143616,99.2,5,0,25.792,1178
8931,CA-2017-143252,99.95,5,0,22.9885,1834
8936,CA-2015-134117,204.85,5,0,53.261,902
8938,CA-2015-134117,16.4,5,0,7.052,171
8947,CA-2017-148355,12.3,5,0,6.15,1727
8964,CA-2016-157280,756.8,5,0,75.68,1847
8991,US-2017-139577,104.75,5,0,21.9975,343
9013,CA-2017-143084,13.9,5,0,3.753,1650
9014,CA-2017-143084,19.4,5,0,9.312,783
9045,CA-2017-137463,189.95,5,0,45.588,1316
9046,CA-2017-137463,149.95,5,0,31.4895,638
9047,CA-2017-137463,29.95,5,0,8.6855,764
9073,CA-2016-142524,279.95,5,0,67.188,203
9084,CA-2015-104038,29.9,5,0,13.455,152
9097,US-2014-158365,32.4,5,0,15.552,736
9110,CA-2014-132010,36.4,5,0,17.472,1057
9120,US-2016-155971,99.9,5,0,46.953,1882
9144,US-2017-166688,64.9,5,0,18.821,96
9186,CA-2017-156776,1473.1,5,0,412.468,1229
9203,CA-2016-153836,114.95,5,0,32.186,1254
9215,CA-2016-152646,32.4,5,0,15.552,503
9245,CA-2014-113271,32.4,5,0,15.552,13
9252,CA-2017-102309,199.95,5,0,63.984,1238
9281,US-2017-152898,67.9,5,0,20.37,1858
9305,CA-2015-137603,8.4,5,0,2.184,1670
9336,CA-2017-130715,17.9,5,0,8.771,111
9340,CA-2014-155264,18.75,5,0,9,552
9393,CA-2014-125997,629.95,5,0,157.4875,1574
9422,CA-2014-145254,40.7,5,0,11.803,603
9426,CA-2016-160479,35.4,5,0,13.452,1686
9427,CA-2014-167486,199.9,5,0,39.98,900
9447,CA-2017-136882,477.3,5,0,138.417,36
9473,CA-2017-102925,101.4,5,0,38.532,1789
9507,CA-2014-149104,40.2,5,0,18.09,1243
9513,CA-2016-125220,1649.75,5,0,544.4175,771
9525,CA-2017-156958,199.9,5,0,39.98,900
9538,US-2017-169488,16.9,5,0,7.774,947
9580,CA-2017-152975,29.95,5,0,8.6855,764
9601,CA-2016-117604,239.5,5,0,114.96,1062
9602,CA-2014-130155,34.2,5,0,9.234,1755
9640,CA-2014-104563,20.65,5,0,9.499,106
9641,CA-2014-104563,204.9,5,0,0,358
9659,CA-2014-100860,18.75,5,0,9,1573
9688,US-2017-135986,32.4,5,0,15.552,1504
9696,CA-2014-144281,491.55,5,0,240.8595,513
9703,CA-2017-147032,849.95,5,0,390.977,14
9727,CA-2017-167395,979.95,5,0,284.1855,35
9730,CA-2014-111962,807.75,5,0,153.4725,772
9741,CA-2015-117086,4404.9,5,0,1013.127,27
9742,CA-2017-131303,62.65,5,0,29.4455,302
9757,CA-2017-113705,206.1,5,0,55.647,1816
9767,CA-2017-102659,54.9,5,0,26.901,1055
9782,CA-2015-149748,274.8,5,0,134.652,524
9786,US-2014-114377,149.9,5,0,40.473,1155
9813,CA-2016-117583,204.95,5,0,100.4255,846
9814,CA-2016-117583,79.95,5,0,38.376,1418
9836,US-2016-125402,10.9,5,0,5.123,841
9846,CA-2017-169327,43.1,5,0,11.206,23
9847,CA-2017-169327,511.5,5,0,132.99,749
9853,CA-2016-158155,214.7,5,0,83.733,598
9858,CA-2017-113278,67.4,5,0,17.524,148
9892,US-2016-115441,297.55,5,0,83.314,481
9894,US-2016-115441,95.2,5,0,27.608,287
9908,US-2015-129007,207.35,5,0,24.882,1505
9915,CA-2017-160927,94.85,5,0,45.528,646
9938,CA-2016-169824,60.35,5,0,19.9155,1761
9943,CA-2014-143371,51.15,5,0,13.299,688
9956,US-2014-143287,46.35,5,0,21.7845,1300
9967,CA-2017-153871,40.2,5,0,18.09,1243
9971,CA-2015-103772,140.75,5,0,42.225,1282
9988,CA-2017-163629,206.1,5,0,55.647,1816
7,CA-2014-115812,7.28,4,0,1.9656,7
121,CA-2016-103730,30.84,4,0,13.878,9
1491,CA-2017-151911,62.96,4,0,28.332,37
370,CA-2016-155516,1043.92,4,0,271.4192,38
1556,CA-2017-120761,91.96,4,0,39.5428,44
47,CA-2014-146703,211.96,4,0,8.4784,46
366,CA-2014-123344,211.96,4,0,8.4784,46
1244,US-2016-162859,8.72,4,0,3.5752,53
1505,CA-2015-153388,6.72,4,0,3.36,60
66,CA-2015-135545,79.76,4,0,22.3328,64
1124,US-2014-147627,38.6,4,0,11.58,77
103,CA-2016-129903,23.92,4,0,11.7208,100
209,CA-2017-135860,15.92,4,0,7.4824,123
136,CA-2016-145583,11.52,4,0,3.456,132
155,CA-2015-124919,105.52,4,0,48.5392,147
183,CA-2014-158274,503.96,4,0,131.0296,174
1862,US-2017-121251,119.96,4,0,33.5888,175
1399,CA-2016-124485,88.4,4,0,11.492,178
249,CA-2014-131926,25.92,4,0,12.4416,182
207,CA-2017-135860,83.92,4,0,5.8744,195
572,CA-2017-164826,13.96,4,0,6.4216,205
254,CA-2016-146941,361.92,4,0,162.864,233
271,CA-2017-163979,725.84,4,0,210.4936,247
708,CA-2014-112158,119.96,4,0,52.7824,248
1617,CA-2015-130022,41.4,4,0,19.872,256
302,CA-2016-142545,77.6,4,0,38.024,277
321,CA-2014-164973,360,4,0,129.6,295
340,CA-2015-128167,4.96,4,0,2.3312,312
353,CA-2016-129714,49.12,4,0,23.0864,316
357,CA-2016-138520,17.04,4,0,6.9864,321
367,CA-2016-155516,23.2,4,0,10.44,328
928,CA-2015-115091,46.2,4,0,12.936,334
649,CA-2016-160745,14.8,4,0,6.068,347
398,CA-2015-122259,70.12,4,0,21.036,356
780,CA-2015-144267,23.92,4,0,11.7208,360
795,CA-2014-156433,21.72,4,0,10.6428,364
1192,CA-2017-117212,223.92,4,0,109.7208,368
420,CA-2017-110478,9.32,4,0,2.7028,375
423,CA-2017-125388,56.56,4,0,14.7056,378
425,CA-2017-155705,866.4,4,0,225.264,380
789,CA-2015-115938,143.96,4,0,69.1008,382
1589,CA-2015-131338,247.8,4,0,34.692,389
444,CA-2016-115756,91.36,4,0,42.0256,396
453,CA-2016-166674,35.12,4,0,9.1312,405
456,CA-2016-100153,63.88,4,0,24.9132,407
460,CA-2015-109638,103.92,4,0,36.372,411
1883,CA-2015-109512,563.4,4,0,67.608,429
748,CA-2014-124429,359.32,4,0,7.1864,438
498,CA-2016-126158,255.76,4,0,81.8432,444
1590,CA-2016-109911,10.96,4,0,2.9592,451
683,CA-2016-164511,68.6,4,0,18.522,460
644,CA-2017-106103,132.52,4,0,54.3332,466
1654,US-2017-132444,132.52,4,0,54.3332,466
540,CA-2015-134894,283.92,4,0,70.98,479
1413,CA-2016-136329,165.28,4,0,14.8752,484
1517,CA-2017-148446,1669.6,4,0,116.872,494
577,CA-2015-149713,19.92,4,0,9.7608,507
581,CA-2015-132906,51.52,4,0,1.5456,510
625,CA-2015-138009,523.48,4,0,130.87,538
758,CA-2014-106803,119.8,4,0,47.92,543
651,CA-2016-160745,316,4,0,31.6,557
755,CA-2015-135272,79.92,4,0,28.7712,566
760,CA-2017-133333,22.72,4,0,10.224,568
1609,US-2016-115819,22.72,4,0,10.224,568
1189,CA-2017-117212,81.92,4,0,22.1184,570
883,US-2017-123463,13.48,4,0,5.9312,587
1187,CA-2014-127131,25.92,4,0,12.4416,591
1041,CA-2016-127670,697.16,4,0,146.4036,622
810,CA-2014-151995,11.52,4,0,3.2256,655
812,CA-2014-151995,213.92,4,0,62.0368,656
825,US-2014-102071,67.8,4,0,4.068,664
828,CA-2017-126956,37.24,4,0,10.7996,666
841,CA-2015-100454,11.52,4,0,3.3408,677
1166,CA-2014-117709,46.8,4,0,21.06,679
893,CA-2017-133256,15.92,4,0,5.4128,709
910,CA-2017-137596,1199.8,4,0,323.946,722
940,CA-2015-148250,134.48,4,0,34.9648,737
1545,CA-2014-107181,34.24,4,0,16.0928,738
968,CA-2017-135279,191.6,4,0,91.968,754
1011,CA-2014-158540,151.72,4,0,27.3096,774
1081,CA-2015-110016,19.92,4,0,9.3624,818
1099,CA-2016-107216,7.04,4,0,2.0416,831
1130,CA-2016-112102,343.92,4,0,75.6624,845
1143,CA-2014-146969,8.72,4,0,2.8776,852
1171,CA-2017-145226,31.92,4,0,8.2992,869
1177,CA-2014-120243,11.56,4,0,5.4332,873
1193,CA-2017-117212,23.12,4,0,11.3288,882
1226,CA-2016-126004,40.56,4,0,19.8744,893
1242,CA-2016-128727,22,4,0,5.5,903
1253,CA-2015-154956,1099.96,4,0,285.9896,911
1280,CA-2014-163293,83.88,4,0,30.1968,925
1313,CA-2016-141082,122.12,4,0,56.1752,942
1329,CA-2017-106033,87.92,4,0,26.376,949
1336,CA-2016-122133,552.56,4,0,0,951
1441,CA-2017-122735,39.96,4,0,17.982,1001
1480,US-2016-108455,25.92,4,0,12.4416,1019
1508,CA-2016-134208,396,4,0,190.08,1032
1729,CA-2016-106894,100,4,0,21,1082
1784,CA-2017-166317,219.84,4,0,107.7216,1093
1695,CA-2015-156335,63.96,4,0,19.8276,1108
1719,CA-2016-169943,35.92,4,0,15.0864,1115
1793,CA-2014-120474,46.64,4,0,12.5928,1143
1909,CA-2015-157959,136.92,4,0,41.076,1193
1958,CA-2017-157987,17.12,4,0,7.704,1128
1970,CA-2017-117485,291.96,4,0,102.186,173
1983,CA-2014-122749,479.96,4,0,134.3888,1222
1986,CA-2014-164721,26.76,4,0,12.3096,1080
1998,CA-2014-131905,15,4,0,7.2,552
2016,CA-2016-145905,900.08,4,0,117.0104,914
2019,CA-2015-113110,33.36,4,0,8.6736,1069
2024,CA-2016-168354,872.32,4,0,244.2496,641
2031,CA-2015-117961,61.04,4,0,30.52,792
2065,CA-2014-106439,405.64,4,0,12.1692,542
2069,CA-2015-133452,199.96,4,0,69.986,1244
2085,CA-2016-140501,122.12,4,0,56.1752,586
2097,US-2016-146570,91.96,4,0,25.7488,1254
2104,CA-2017-167101,221.92,4,0,106.5216,1256
2130,US-2014-114188,33.28,4,0,9.3184,1264
2194,CA-2016-128412,123.92,4,0,55.764,1040
2209,CA-2015-129854,16.52,4,0,7.5992,106
2279,CA-2014-104283,223.96,4,0,53.7504,203
2296,CA-2015-113145,13.52,4,0,6.2192,947
2300,CA-2015-113145,503.96,4,0,125.99,483
2302,CA-2014-162362,11.52,4,0,5.6448,620
2303,CA-2016-106558,316,4,0,31.6,557
2304,CA-2017-157931,723.92,4,0,188.2192,325
2320,CA-2015-117828,194.32,4,0,56.3528,540
2323,CA-2015-109470,60.64,4,0,27.8944,282
2338,CA-2014-110639,25.92,4,0,12.4416,1321
2339,CA-2014-110639,45.92,4,0,22.5008,501
2362,US-2014-148838,155.04,4,0,75.9696,1330
2366,US-2016-108637,46,4,0,20.7,1033
2368,CA-2017-123659,23.12,4,0,11.3288,1020
2371,CA-2017-155152,252,4,0,93.24,731
2383,US-2017-117534,176.04,4,0,45.7704,1340
2393,US-2015-127040,113.92,4,0,42.1504,1157
2443,CA-2016-146934,662.84,4,0,172.3384,192
2468,CA-2017-128755,571.44,4,0,165.7176,387
2477,CA-2016-114972,1101.48,4,0,429.5772,1357
2490,CA-2015-141040,631.96,4,0,303.3408,1373
2491,CA-2015-141040,23.92,4,0,10.764,1374
2505,CA-2014-143917,53.72,4,0,15.0416,232
2511,CA-2016-136812,1117.92,4,0,55.896,1379
2524,CA-2016-124352,121.6,4,0,55.936,1009
2532,CA-2014-111500,17.96,4,0,8.2616,1383
2534,CA-2014-111500,339.96,4,0,122.3856,107
2536,CA-2015-143238,46.32,4,0,18.0648,104
2545,US-2016-114174,14.76,4,0,6.9372,1249
2546,CA-2017-108070,205.92,4,0,2.0592,234
2554,CA-2016-155439,25.92,4,0,12.4416,822
2566,CA-2017-109589,71,4,0,27.69,945
2605,CA-2016-165848,61.12,4,0,20.7808,683
2623,CA-2014-164861,25.92,4,0,12.4416,1204
2638,CA-2017-108441,19.04,4,0,9.3296,1411
2670,US-2015-139759,105.96,4,0,29.6688,1289
2682,CA-2017-127026,89.52,4,0,42.0744,1422
2708,CA-2017-155873,192.16,4,0,92.2368,1434
2731,CA-2017-104801,799.96,4,0,343.9828,657
2735,CA-2015-129770,49.12,4,0,23.0864,34
2740,CA-2017-122707,477.24,4,0,9.5448,1440
2759,CA-2016-146171,76.92,4,0,31.5372,1413
2760,CA-2016-146171,481.32,4,0,125.1432,779
2781,CA-2017-167668,59.2,4,0,29.6,200
2798,CA-2017-158743,13.36,4,0,4.1416,1227
2814,CA-2015-135685,999.96,4,0,229.9908,1301
2841,US-2014-125521,1139.92,4,0,284.98,468
2852,CA-2017-107342,28.16,4,0,13.2352,734
2854,CA-2016-136371,20.32,4,0,6.9088,539
2859,CA-2017-138975,67.8,4,0,4.068,664
2867,US-2017-103828,31.92,4,0,9.2568,1464
2884,CA-2016-130799,6.96,4,0,2.2272,859
2901,CA-2015-166464,12.6,4,0,6.048,398
2913,CA-2014-113929,35,4,0,10.5,1472
2917,CA-2015-134747,263.96,4,0,71.2692,994
2930,CA-2017-143434,19.76,4,0,8.2992,633
2960,CA-2015-158456,45.92,4,0,21.5824,273
2986,CA-2016-139269,24.96,4,0,6.24,1486
2994,CA-2017-147291,895.92,4,0,421.0824,1199
3031,CA-2015-168480,194.32,4,0,31.0912,1206
3050,CA-2017-121419,360,4,0,129.6,295
3052,US-2017-148054,227.84,4,0,66.0736,1061
3118,CA-2016-150350,15.88,4,0,0.1588,170
3128,CA-2017-147564,49.12,4,0,23.0864,1515
3221,US-2015-137008,51.12,4,0,23.004,119
3335,US-2017-109253,17.12,4,0,4.9648,793
3337,US-2017-109253,129.92,4,0,10.3936,1547
3346,CA-2016-145982,11.68,4,0,5.256,855
3361,US-2015-142020,30.44,4,0,14.3068,231
3376,CA-2015-161718,39.96,4,0,10.3896,436
3396,US-2017-148362,443.92,4,0,13.3176,1459
3398,US-2017-148362,25.92,4,0,12.4416,495
3412,CA-2016-100244,11.76,4,0,3.1752,136
3425,CA-2015-153381,15.24,4,0,6.858,32
3453,CA-2015-153325,58.72,4,0,27.0112,916
3483,CA-2014-124688,29.12,4,0,12.5216,1037
3485,CA-2016-151169,7.92,4,0,3.564,930
3493,CA-2017-142034,72,4,0,12.96,1565
3495,CA-2017-142034,603.92,4,0,181.176,668
3504,CA-2016-150945,900.08,4,0,117.0104,914
3533,CA-2014-110849,13.12,4,0,3.8048,843
3559,CA-2017-152737,439.8,4,0,145.134,999
3570,CA-2017-168109,1687.8,4,0,742.632,1083
3605,CA-2017-112956,91.92,4,0,31.2528,944
3647,CA-2014-146528,15.52,4,0,4.5008,1589
3652,CA-2017-109960,33.72,4,0,15.5112,680
3677,CA-2015-132626,15.8,4,0,5.056,1452
3682,CA-2015-132626,79.36,4,0,32.5376,1598
3699,CA-2017-160416,163.96,4,0,70.5028,377
3720,CA-2016-151155,18.92,4,0,7.3788,285
3733,CA-2015-109575,65.08,4,0,31.8892,1548
3741,CA-2016-137848,16.52,4,0,7.5992,320
3748,CA-2017-161956,321.92,4,0,96.576,1449
3796,US-2014-117163,36.44,4,0,12.0252,1610
3848,CA-2017-161053,691.96,4,0,318.3016,1619
3863,CA-2017-123246,10.64,4,0,2.7664,1624
3871,CA-2015-132486,11.8,4,0,5.664,112
3919,US-2015-148817,61.68,4,0,16.6536,424
3920,US-2015-148817,63.96,4,0,30.7008,1418
3955,CA-2014-133228,79.36,4,0,23.808,1051
3966,CA-2016-149902,88.04,4,0,22.8904,672
3971,CA-2015-132374,79.36,4,0,20.6336,1522
3976,US-2016-116400,39.92,4,0,11.1776,1639
3986,CA-2017-112333,2591.56,4,0,621.9744,491
4006,US-2015-168732,25.92,4,0,12.4416,1460
4012,CA-2015-153612,17.12,4,0,4.9648,793
4030,CA-2017-124296,232.88,4,0,60.5488,1356
4033,CA-2016-169957,100,4,0,21,1082
4038,CA-2014-110786,21.12,4,0,9.504,1168
4077,CA-2015-100685,5.04,4,0,0.2016,244
4094,CA-2015-102491,79.96,4,0,18.3908,1246
4129,CA-2015-121272,73.28,4,0,21.2512,1572
4162,CA-2015-163587,16.52,4,0,7.5992,623
4167,CA-2014-157924,31.92,4,0,8.2992,869
4181,US-2017-136868,319.96,4,0,115.1856,1621
4215,CA-2014-103590,62.28,4,0,29.2716,1665
4226,CA-2017-120327,45.92,4,0,21.5824,273
4240,CA-2014-133704,43.92,4,0,11.8584,1672
4249,CA-2016-157336,751.92,4,0,150.384,504
4261,CA-2017-158344,63.96,4,0,19.8276,1108
4269,US-2017-124821,871.4,4,0,148.138,567
4271,CA-2016-123806,207.76,4,0,85.1816,695
4296,CA-2017-117261,54.32,4,0,0.5432,1043
4304,CA-2014-162278,63.92,4,0,3.196,473
4345,CA-2017-105410,199.96,4,0,85.9828,1146
4363,CA-2017-111332,25.92,4,0,8.2944,315
4364,CA-2017-111332,704.76,4,0,162.0948,724
4386,CA-2016-156811,43.92,4,0,11.8584,1672
4430,CA-2016-168893,20,4,0,9.6,665
4446,US-2014-147704,29.12,4,0,14.2688,25
4454,CA-2016-147137,27.92,4,0,0.5584,706
4515,US-2017-111920,36.44,4,0,12.0252,1610
4518,CA-2016-101385,16.56,4,0,6.9552,156
4521,CA-2014-109491,20.32,4,0,6.9088,539
4527,US-2017-105046,39.08,4,0,14.4596,1339
4538,CA-2017-138464,13.12,4,0,4.3296,348
4555,CA-2015-130218,31.56,4,0,14.202,555
4556,CA-2015-130218,27.92,4,0,0.5584,706
4574,CA-2016-139395,33.48,4,0,8.7048,912
4601,CA-2015-146948,11.52,4,0,5.4144,1606
4611,CA-2016-109407,31.36,4,0,15.68,464
4636,CA-2017-168228,123.92,4,0,33.4584,292
4651,CA-2017-150987,195.76,4,0,97.88,1458
4666,CA-2016-116547,79.92,4,0,34.3656,899
4672,CA-2016-133550,635.96,4,0,165.3496,564
4694,US-2015-138121,29.52,4,0,14.4648,784
4706,CA-2016-158435,173.24,4,0,17.324,791
4726,CA-2014-119151,1117.92,4,0,55.896,1379
4744,CA-2017-168123,221.16,4,0,57.5016,1136
4758,CA-2014-121573,783.96,4,0,219.5088,474
4764,CA-2017-123701,27.76,4,0,9.9936,932
4775,CA-2017-108091,23.36,4,0,6.0736,816
4793,US-2015-141684,24.96,4,0,11.232,918
4809,CA-2015-151589,195.64,4,0,91.9508,1717
4843,US-2016-139388,14.96,4,0,0.2992,1038
4857,CA-2015-137526,77.6,4,0,38.024,277
4880,CA-2017-143567,975.92,4,0,292.776,2
4882,CA-2017-143567,59.92,4,0,16.7776,357
4896,CA-2016-135776,1117.92,4,0,55.896,1379
4900,CA-2017-120936,481.32,4,0,125.1432,779
4905,US-2014-146353,22.92,4,0,11.0016,1570
4941,CA-2015-156482,283.92,4,0,82.3368,1553
4947,CA-2014-102085,29.24,4,0,13.7428,150
5002,CA-2016-136126,191.6,4,0,91.968,138
5023,CA-2016-133795,39.92,4,0,11.1776,1639
5042,CA-2016-158694,129.92,4,0,38.976,798
5045,CA-2016-158694,720.76,4,0,187.3976,740
5052,US-2017-120607,195.64,4,0,91.9508,1169
5073,CA-2015-145485,62.8,4,0,15.7,962
5084,CA-2016-108350,105.52,4,0,48.5392,786
5106,CA-2015-147102,66.36,4,0,23.226,1367
5126,CA-2014-160766,2799.96,4,0,1371.9804,821
5137,CA-2016-128972,30.36,4,0,13.0548,565
5145,CA-2017-161333,139.04,4,0,38.9312,1167
5146,CA-2017-161333,46.8,4,0,16.38,1279
5154,US-2015-124219,28.4,4,0,13.064,21
5187,CA-2015-115567,199.96,4,0,15.9968,968
5194,CA-2014-101560,13.12,4,0,4.3296,348
5251,US-2016-169369,49.12,4,0,23.0864,1515
5268,US-2017-114657,52.44,4,0,24.1224,1757
5269,CA-2017-144484,32.36,4,0,11.6496,75
5271,CA-2017-125913,27.92,4,0,8.0968,6
5275,CA-2017-147333,159.8,4,0,70.312,242
5278,CA-2014-159681,105.52,4,0,48.5392,963
5288,US-2017-136784,163.96,4,0,80.3404,1138
5314,CA-2017-137876,30.56,4,0,14.9744,594
5332,CA-2016-123120,22.72,4,0,6.5888,681
5333,CA-2014-103331,10.68,4,0,4.0584,1592
5345,CA-2017-108539,725.84,4,0,210.4936,247
5367,CA-2017-158071,11.56,4,0,5.4332,266
5407,CA-2017-108854,87.92,4,0,40.4432,1765
5482,CA-2017-105487,239.96,4,0,115.1808,609
5493,CA-2014-105249,41.4,4,0,19.872,256
5507,CA-2016-150000,17.92,4,0,8.6016,1359
5516,US-2016-138408,1319.96,4,0,527.984,1769
5523,CA-2016-110982,58.24,4,0,15.7248,946
5530,CA-2017-160885,2479.96,4,0,743.988,653
5563,CA-2017-133263,64.12,4,0,30.7776,28
5584,CA-2017-105333,83.56,4,0,1.6712,1783
5618,CA-2015-101154,443.92,4,0,8.8784,17
5623,CA-2016-121748,100,4,0,21,1082
5641,CA-2017-106355,11.12,4,0,2.8912,22
5642,CA-2016-127985,7.04,4,0,3.0976,249
5670,CA-2015-141012,355.36,4,0,92.3936,1771
5676,CA-2014-135993,27.6,4,0,2.208,1719
5730,CA-2017-117324,459.92,4,0,41.3928,1132
5731,CA-2017-117324,27.52,4,0,12.6592,322
5742,US-2017-147886,26.72,4,0,12.8256,658
5753,CA-2016-118514,866.4,4,0,225.264,380
5759,US-2016-111528,481.32,4,0,125.1432,779
5762,CA-2017-158169,54.92,4,0,19.7712,1011
5769,CA-2015-154900,22.72,4,0,10.224,568
5771,CA-2015-103835,1158.12,4,0,335.8548,1381
5782,CA-2015-155586,15.52,4,0,7.4496,783
5783,CA-2015-155586,36.44,4,0,16.398,1362
5796,CA-2014-124856,117.36,4,0,36.3816,140
5810,US-2015-163279,105.52,4,0,48.5392,820
5815,CA-2014-124730,279.96,4,0,78.3888,605
5819,CA-2014-124730,11.52,4,0,5.6448,751
5825,CA-2017-161067,419.4,4,0,201.312,986
5831,CA-2015-111206,519.96,4,0,176.7864,1315
5843,CA-2015-126725,80.96,4,0,29.1456,1731
5879,CA-2016-133319,192.16,4,0,92.2368,1434
5897,CA-2016-167682,71.12,4,0,22.0472,91
5898,CA-2016-167682,259.96,4,0,124.7808,1437
5903,US-2017-153948,45.36,4,0,22.2264,1742
5905,US-2017-153948,41.4,4,0,19.872,1683
5916,US-2015-126977,94.6,4,0,27.434,395
5922,US-2015-126977,67.8,4,0,1.356,1059
5928,CA-2014-114314,8.92,4,0,3.9248,1364
5945,CA-2014-104178,25.92,4,0,12.4416,1363
5946,CA-2014-104178,48.84,4,0,13.1868,769
5948,CA-2017-161046,42.68,4,0,19.6328,768
5958,CA-2016-127138,30.56,4,0,14.9744,667
5960,CA-2017-150602,21.12,4,0,6.5472,1237
5963,CA-2014-140732,123.92,4,0,55.764,765
5970,CA-2014-141726,19.92,4,0,9.7608,391
5986,CA-2016-163776,87.92,4,0,0.8792,212
5999,US-2014-112991,25.92,4,0,12.4416,718
6000,US-2014-112991,91.36,4,0,42.0256,396
6004,CA-2017-107244,19.76,4,0,8.2992,633
6031,CA-2016-101168,21.12,4,0,6.5472,1237
6038,CA-2016-131205,129.92,4,0,5.1968,577
6060,CA-2015-134201,142.04,4,0,38.3508,848
6094,CA-2017-100111,45.4,4,0,12.712,76
6116,US-2016-113677,2279.96,4,0,592.7896,1806
6134,CA-2016-146766,192.8,4,0,55.912,283
6141,CA-2017-121083,195.64,4,0,3.9128,1177
6145,CA-2014-133543,11.76,4,0,3.1752,506
6146,CA-2017-105130,11.76,4,0,3.1752,506
6152,CA-2017-139437,87.92,4,0,0.8792,212
6159,CA-2016-161025,772.68,4,0,108.1752,1690
6175,CA-2015-158421,1690.04,4,0,422.51,781
6178,CA-2015-158421,23.92,4,0,11.7208,1809
6230,CA-2017-127656,30.32,4,0,11.8248,780
6259,CA-2015-150441,11.36,4,0,5.5664,805
6261,CA-2017-103506,41.4,4,0,19.872,324
6297,CA-2014-141313,141.76,4,0,66.6272,1763
6314,CA-2014-100762,151.92,4,0,45.576,109
6325,CA-2015-110289,210.84,4,0,103.3116,442
6334,CA-2014-133305,49.12,4,0,23.0864,316
6336,CA-2016-165995,47.04,4,0,15.9936,1552
6338,CA-2017-143112,87.8,4,0,43.9,1535
6340,CA-2017-143112,5199.96,4,0,1351.9896,1674
6357,CA-2017-139080,25.92,4,0,12.4416,753
6371,CA-2017-143035,83.92,4,0,21.8192,108
6394,CA-2016-129126,396.92,4,0,198.46,1081
6435,US-2017-116897,35,4,0,14.7,1477
6485,CA-2017-113908,45.36,4,0,22.2264,758
6512,CA-2017-167640,11.52,4,0,5.6448,1380
6520,CA-2017-138289,5443.96,4,0,2504.2216,318
6527,CA-2016-157791,1999.96,4,0,899.982,621
6528,CA-2014-146864,216.4,4,0,56.264,1822
6565,CA-2014-166086,872.32,4,0,244.2496,641
6573,CA-2016-160535,563.4,4,0,67.608,429
6584,CA-2017-104731,271.96,4,0,67.99,710
6617,CA-2016-123512,219.84,4,0,107.7216,1798
6626,CA-2014-145541,6999.96,4,0,2239.9872,1657
6673,CA-2015-135510,67.96,4,0,12.2328,1826
6680,CA-2017-145037,79.92,4,0,37.5624,371
6687,CA-2015-165162,1117.92,4,0,55.896,1379
6688,CA-2017-140494,111.96,4,0,21.2724,1141
6690,US-2017-165869,17.52,4,0,8.4096,238
6717,CA-2016-134789,25.92,4,0,12.7008,553
6718,CA-2016-134789,159.92,4,0,31.984,900
6754,CA-2016-154767,275.24,4,0,121.1056,15
6756,CA-2017-124205,512.96,4,0,143.6288,1611
6775,CA-2015-105361,17.64,4,0,8.1144,251
6831,US-2017-123204,17.48,4,0,4.5448,1312
6837,CA-2015-116260,11.12,4,0,2.8912,326
6844,CA-2016-123946,1059.12,4,0,307.1448,1835
6846,US-2016-159093,32.04,4,0,14.418,1821
6849,CA-2014-101462,59.92,4,0,27.5632,1462
6852,US-2017-162670,62.04,4,0,17.3712,179
6854,US-2017-162670,367.96,4,0,14.7184,198
6892,CA-2017-164756,25.92,4,0,12.4416,1485
6893,CA-2017-164756,20.32,4,0,6.9088,1546
6912,US-2017-128398,159.56,4,0,59.0372,691
6927,CA-2016-140382,93.68,4,0,25.2936,1259
6938,CA-2016-125094,479.72,4,0,52.7692,1839
6941,CA-2017-107132,713.88,4,0,214.164,523
6944,CA-2014-148369,11.12,4,0,5.4488,1004
6980,CA-2014-146990,5.92,4,0,2.8416,1095
6985,CA-2016-116526,29.52,4,0,14.4648,784
6995,CA-2015-166800,31.08,4,0,8.3916,1047
7047,CA-2014-150581,399.96,4,0,139.986,297
7053,CA-2016-165330,119.96,4,0,25.1916,638
7088,CA-2015-105844,79.36,4,0,23.808,1051
7109,CA-2016-109666,459.88,4,0,13.7964,158
7128,US-2016-117541,19.92,4,0,6.5736,1488
7132,CA-2017-141439,1879.96,4,0,545.1884,1158
7140,CA-2017-128783,113.52,4,0,46.5432,727
7157,CA-2016-131380,87.92,4,0,0.8792,212
7166,CA-2014-117464,11.52,4,0,3.2256,655
7194,CA-2016-110492,15.92,4,0,7.4824,123
7215,CA-2015-103072,25.92,4,0,12.4416,868
7218,CA-2015-150770,339.96,4,0,122.3856,107
7225,CA-2016-109953,30.8,4,0,10.164,445
7232,CA-2017-153843,27.12,4,0,12.4752,997
7255,CA-2016-152730,49.76,4,0,13.9328,255
7271,CA-2016-123337,17.48,4,0,4.5448,1312
7285,CA-2017-151183,46.36,4,0,15.2988,573
7306,CA-2016-144092,72,4,0,12.96,1565
7402,CA-2017-168172,70.12,4,0,21.036,356
7430,US-2014-164763,16,4,0,7.68,1762
7467,CA-2017-148985,34.92,4,0,11.8728,704
7478,CA-2014-167199,755.96,4,0,204.1092,875
7479,CA-2014-167199,31.12,4,0,0.3112,1528
7497,CA-2017-121048,4.96,4,0,2.3312,312
7498,CA-2017-121048,71.92,4,0,20.8568,31
7516,US-2017-167920,15.92,4,0,7.4824,123
7553,CA-2014-140396,25.92,4,0,12.4416,1415
7569,CA-2014-133830,49.12,4,0,23.0864,1663
7572,CA-2014-100916,591.32,4,0,112.3508,1127
7575,CA-2015-129532,236,4,0,40.12,1023
7586,CA-2014-163223,9.32,4,0,2.7028,375
7595,CA-2017-119655,36.56,4,0,18.28,630
7608,CA-2017-163209,25.92,4,0,12.4416,785
7653,CA-2015-121552,19.56,4,0,5.4768,1689
7654,CA-2015-107685,80.96,4,0,29.1456,1731
7655,CA-2015-107685,25.92,4,0,12.4416,1485
7657,US-2014-120740,187.76,4,0,76.9816,269
7664,CA-2014-151967,129.92,4,0,10.3936,1547
7677,CA-2014-133592,195.64,4,0,91.9508,1717
7679,CA-2014-133592,1687.8,4,0,742.632,1083
7704,CA-2016-114601,447.84,4,0,98.5248,830
7718,US-2017-146213,159.96,4,0,51.1872,1238
7742,CA-2017-105326,25.92,4,0,12.4416,998
7757,CA-2017-112844,43.6,4,0,12.208,48
7779,CA-2016-139381,203.92,4,0,55.0584,478
7780,CA-2016-139381,29.56,4,0,7.9812,1190
7840,US-2014-137869,1184.72,4,0,106.6248,1245
7854,CA-2017-135587,320.64,4,0,89.7792,1332
7855,CA-2017-135587,52,4,0,23.4,199
7859,CA-2014-103429,39.96,4,0,17.982,1001
7924,CA-2016-125843,22.32,4,0,10.7136,79
7952,CA-2015-145814,861.76,4,0,249.9104,1514
7953,CA-2014-138359,66.96,4,0,2.6784,1796
7957,CA-2017-131807,15.8,4,0,4.108,1711
7966,CA-2015-138219,33.36,4,0,16.68,1319
7981,CA-2014-113383,81.92,4,0,22.1184,570
7987,US-2016-117793,25.2,4,0,11.592,1649
7999,US-2014-148194,57.68,4,0,19.0344,338
8000,US-2015-151407,263.96,4,0,76.5484,788
8007,CA-2015-110863,541.24,4,0,5.4124,275
8028,CA-2015-132465,772.68,4,0,108.1752,1690
8042,US-2017-133081,63.88,4,0,24.9132,407
8062,CA-2016-132997,263.96,4,0,71.2692,511
8094,CA-2017-133046,26.2,4,0,12.052,1266
8131,CA-2014-127866,13.12,4,0,3.8048,1637
8147,US-2017-146822,49.12,4,0,23.0864,34
8153,CA-2017-140151,13999.96,4,0,6719.9808,1406
8174,CA-2014-114125,23.92,4,0,4.0664,1209
8191,US-2017-155866,187.76,4,0,76.9816,269
8204,CA-2015-114811,4643.8,4,0,2229.024,1744
8254,CA-2017-152310,192.16,4,0,92.2368,1712
8261,CA-2016-118101,171.04,4,0,44.4704,1371
8311,US-2017-105935,62.72,4,0,24.4608,117
8330,CA-2017-113572,7.88,4,0,2.5216,1870
8334,CA-2016-153269,51.8,4,0,23.31,935
8337,CA-2014-153087,23.92,4,0,11.7208,1846
8366,CA-2014-109918,27.36,4,0,7.3872,1872
8403,CA-2016-154067,105.52,4,0,48.5392,147
8404,CA-2017-140480,83.92,4,0,5.8744,1499
8419,CA-2017-118199,66.96,4,0,2.6784,1796
8446,CA-2017-125451,35,4,0,14.7,1477
8477,CA-2015-145758,1035.8,4,0,269.308,1873
8530,CA-2016-156748,33.36,4,0,16.68,1319
8545,CA-2016-119074,39.92,4,0,11.1776,1639
8548,CA-2015-149566,12.6,4,0,6.048,823
8608,CA-2014-151946,15.56,4,0,4.0456,1044
8619,CA-2017-132437,65.12,4,0,16.9312,1596
8630,CA-2015-164084,7.24,4,0,2.3892,811
8654,CA-2014-142769,144.96,4,0,60.8832,1541
8669,CA-2015-158918,17.12,4,0,7.704,1126
8725,CA-2017-148145,46.2,4,0,21.252,690
8735,US-2014-169390,64.96,4,0,9.744,726
8744,CA-2015-162376,17.12,4,0,4.9648,19
8810,CA-2017-120614,37.52,4,0,18.0096,954
8816,CA-2015-144274,13.12,4,0,5.6416,171
8835,US-2017-132675,14.28,4,0,3.7128,1773
8852,CA-2014-119977,123.92,4,0,55.764,1029
8861,CA-2015-125934,8.92,4,0,3.9248,1364
8862,CA-2015-125934,209.6,4,0,96.416,272
8863,CA-2015-125934,111.04,4,0,29.9808,1120
8871,CA-2017-101805,541.24,4,0,5.4124,275
8877,CA-2017-126928,480,4,0,225.6,1878
8897,CA-2016-167241,37.52,4,0,18.0096,954
9010,CA-2017-127803,26.16,4,0,12.8184,1526
9025,CA-2016-102127,139.96,4,0,9.7972,1502
9030,CA-2017-128041,314.6,4,0,103.818,1163
9031,CA-2017-128041,283.56,4,0,45.3696,225
9036,CA-2015-166492,25.92,4,0,12.4416,1019
9061,CA-2015-136420,50.12,4,0,23.5564,50
9078,CA-2016-108105,318.08,4,0,34.9888,126
9112,CA-2014-132010,315.2,4,0,6.304,1852
9141,CA-2016-139409,43.6,4,0,12.208,48
9149,US-2014-157070,138.56,4,0,66.5088,1012
9182,CA-2017-156776,55.76,4,0,7.8064,1808
9221,CA-2017-103212,1504.52,4,0,346.0396,217
9222,CA-2017-103212,25.92,4,0,12.4416,1125
9228,CA-2014-153619,6.72,4,0,3.36,60
9272,CA-2016-100510,631.96,4,0,303.3408,1373
9308,CA-2014-128237,45.48,4,0,15.918,1591
9320,US-2017-108343,183.92,4,0,31.2664,1794
9326,US-2017-130687,80.96,4,0,34.8128,1681
9329,CA-2015-164497,45.28,4,0,15.3952,1654
9332,CA-2017-127726,195.68,4,0,50.8768,417
9333,CA-2017-127726,14.2,4,0,6.674,1063
9364,CA-2017-111591,359.32,4,0,7.1864,438
9384,CA-2017-100433,25.92,4,0,12.4416,495
9386,US-2017-127292,79.92,4,0,37.5624,371
9400,CA-2015-167696,31.12,4,0,14.6264,844
9448,US-2016-148957,12.32,4,0,5.9136,1048
9519,US-2017-104451,81.08,4,0,22.7024,1278
9552,CA-2015-163923,151.96,4,0,36.4704,1316
9568,CA-2017-104388,79.96,4,0,22.3888,127
9584,CA-2017-132584,53.72,4,0,13.9672,1041
9604,CA-2015-138625,197.72,4,0,55.3616,1892
9609,CA-2016-130638,282.84,4,0,19.7988,1474
9611,CA-2017-144365,11.68,4,0,5.256,855
9637,CA-2014-124702,730.2,4,0,94.926,971
9647,CA-2014-150518,221.16,4,0,57.5016,1136
9657,CA-2014-156160,13.04,4,0,5.7376,1760
9675,CA-2016-137393,41.6,4,0,14.144,1174
9689,US-2017-135986,503.96,4,0,125.99,1439
9690,CA-2017-140536,7.04,4,0,2.0416,831
9699,CA-2017-154116,54.32,4,0,16.296,1858
9758,CA-2017-113705,17.64,4,0,8.1144,251
9811,CA-2016-117583,25.92,4,0,12.4416,1433
9854,CA-2017-138870,50.32,4,0,21.1344,1626
9860,CA-2017-113278,67.8,4,0,1.356,1059
9862,CA-2017-113278,12.12,4,0,2.5452,430
9864,CA-2017-113278,159.8,4,0,70.312,242
9893,US-2016-115441,403.56,4,0,96.8544,1748
9927,CA-2015-159534,83.92,4,0,20.1408,1233
9939,CA-2016-169824,35.52,4,0,9.9456,1293
9957,US-2014-143287,223.92,4,0,109.7208,1583
9985,CA-2015-100251,55.6,4,0,16.124,1216
9992,CA-2017-121258,29.6,4,0,13.32,965
774,CA-2017-104220,7.71,1,0,3.4695,9
691,US-2014-117135,284.82,1,0,74.0532,12
53,CA-2015-115742,89.99,1,0,17.0981,52
62,CA-2016-111682,1.68,1,0,0.84,60
80,CA-2016-127208,208.16,1,0,56.2032,78
83,CA-2014-139451,21.39,1,0,6.2031,81
87,CA-2017-155558,19.99,1,0,6.7966,85
1295,CA-2015-101707,3.08,1,0,1.4784,86
92,CA-2016-109806,6.48,1,0,3.1104,89
322,CA-2014-164973,43.57,1,0,13.071,124
135,CA-2016-145583,35.44,1,0,16.6568,131
161,CA-2016-162733,5.98,1,0,2.691,152
180,CA-2015-137225,3.28,1,0,1.4104,171
211,CA-2017-135860,91.99,1,0,3.6796,198
226,CA-2015-163055,2.2,1,0,0.968,210
228,CA-2015-163055,21.98,1,0,0.2198,212
1781,CA-2016-124667,83.36,1,0,20.84,227
251,CA-2016-145625,7.61,1,0,3.5767,231
859,CA-2017-161984,7.61,1,0,3.5767,231
350,CA-2016-129714,6.79,1,0,2.3086,236
877,CA-2016-116736,29.99,1,0,13.1956,248
276,CA-2017-118136,5.98,1,0,1.5548,252
914,CA-2017-102519,46.94,1,0,19.2454,269
1144,CA-2014-146969,6.48,1,0,3.1104,274
303,CA-2016-142545,14.28,1,0,6.5688,278
309,CA-2017-126774,4.89,1,0,2.0049,284
565,CA-2015-130736,2.61,1,0,1.2006,288
325,CA-2016-162138,99.99,1,0,34.9965,297
1562,CA-2017-107293,2.78,1,0,0.7228,326
938,US-2017-111745,159.99,1,0,54.3966,333
410,CA-2017-117457,9.68,1,0,4.6464,366
412,CA-2017-117457,55.98,1,0,27.4302,368
587,CA-2015-128139,70.98,1,0,4.9686,370
419,CA-2017-154816,5.78,1,0,2.8322,374
421,CA-2017-110478,15.25,1,0,7.015,376
428,CA-2014-101476,69.99,1,0,30.0957,383
1267,US-2014-167738,142.86,1,0,41.4294,387
441,CA-2016-115756,12.22,1,0,3.666,393
447,CA-2017-154214,2.91,1,0,1.3677,399
1128,CA-2015-105970,10.16,1,0,2.6416,403
471,CA-2015-154144,55.48,1,0,26.6304,420
711,CA-2014-113887,55.48,1,0,26.6304,420
790,CA-2015-115938,15.42,1,0,4.1634,424
507,CA-2015-145352,2.74,1,0,0.7398,451
1224,CA-2016-126004,78.15,1,0,34.386,480
1433,CA-2014-120768,7.27,1,0,1.9629,520
620,CA-2017-117947,37.91,1,0,10.9939,534
1616,CA-2015-130022,3.75,1,0,1.8,552
645,US-2017-127719,6.48,1,0,3.1752,553
690,US-2014-117135,104.01,1,0,14.5614,581
693,CA-2015-131534,166.24,1,0,24.936,583
1050,CA-2014-139192,99.99,1,0,37.9962,596
1791,CA-2014-102008,48.94,1,0,24.47,599
1207,CA-2016-137050,11.21,1,0,3.363,608
737,CA-2017-131954,84.98,1,0,18.6956,610
753,CA-2017-126074,2.88,1,0,1.4112,620
1765,CA-2016-110254,4.13,1,0,1.8998,623
781,CA-2015-144267,4.28,1,0,1.926,636
1683,US-2016-101497,18.97,1,0,9.1056,646
801,CA-2017-105809,22.23,1,0,7.3359,648
833,CA-2017-129462,65.99,1,0,17.1574,671
866,CA-2014-149020,2.89,1,0,1.3583,694
867,CA-2014-149020,51.94,1,0,21.2954,695
1230,CA-2017-100013,8.73,1,0,2.9682,704
892,CA-2017-133256,4.54,1,0,2.043,708
1870,CA-2016-148201,6.48,1,0,3.1104,718
923,CA-2015-111164,21.99,1,0,10.5552,728
1832,CA-2017-145884,262.11,1,0,62.9064,742
1328,CA-2016-128258,11.34,1,0,5.5566,758
997,CA-2015-162537,10.67,1,0,4.9082,768
1013,CA-2017-118437,14.03,1,0,4.0687,775
1015,US-2015-126214,99.6,1,0,36.852,776
1084,US-2016-143819,26.38,1,0,12.1348,820
1087,CA-2016-167584,6.48,1,0,3.1104,822
1089,CA-2016-166163,3.15,1,0,1.512,823
1777,CA-2014-118976,3.15,1,0,1.512,823
1146,CA-2014-146969,62.18,1,0,16.7886,828
1101,CA-2016-107216,29.29,1,0,9.6657,832
1131,CA-2016-112102,40.99,1,0,20.0851,846
1150,CA-2015-112452,10.95,1,0,0.438,857
1163,CA-2014-127964,9.99,1,0,4.5954,865
1383,US-2016-108504,80.98,1,0,1.6196,879
1538,CA-2017-121888,39.99,1,0,11.5971,892
1239,CA-2014-127012,12.35,1,0,5.434,901
1240,CA-2014-127012,40.97,1,0,10.6522,902
1304,US-2017-126179,23.99,1,0,5.5177,937
1312,CA-2016-141082,3.69,1,0,1.7343,941
1400,CA-2016-124485,6.48,1,0,3.1104,984
1802,CA-2016-149461,4.18,1,0,1.5048,1016
1492,CA-2017-166436,5.88,1,0,2.8812,1027
1573,US-2014-157385,29.99,1,0,6.2979,1058
1578,CA-2016-154403,4.98,1,0,2.4402,1060
1620,US-2016-118780,6.69,1,0,3.0774,1080
1842,CA-2016-157763,140.81,1,0,39.4268,1164
1850,CA-2015-160472,34.76,1,0,9.7328,1167
1860,CA-2015-121608,100.49,1,0,25.1225,1172
1874,CA-2017-142888,70.98,1,0,20.5842,1180
1892,CA-2014-157623,3.38,1,0,1.2506,1184
1929,US-2017-101539,6.48,1,0,3.1104,1204
1930,US-2017-101539,46.51,1,0,1.8604,245
1950,CA-2017-157987,12.98,1,0,3.7642,96
1999,CA-2014-131905,161.61,1,0,42.0186,299
2014,CA-2016-145905,350.98,1,0,84.2352,1142
2048,CA-2016-131835,55.48,1,0,26.6304,420
2058,CA-2017-120376,84.99,1,0,30.5964,107
2094,CA-2015-149678,12.88,1,0,0.3864,510
2108,CA-2015-164882,19.98,1,0,9.3906,371
2119,CA-2017-155460,5.28,1,0,2.376,220
2149,CA-2014-141607,43.31,1,0,4.331,791
2162,CA-2016-101938,34.58,1,0,10.0282,1273
2213,CA-2017-107874,27.42,1,0,11.2422,913
2220,CA-2017-130841,14.98,1,0,4.1944,357
2246,CA-2017-103380,8.62,1,0,2.2412,23
2260,CA-2015-117611,5,1,0,2.4,665
2262,US-2015-137960,166.24,1,0,24.936,583
2265,CA-2016-131065,5.28,1,0,2.376,220
2269,CA-2017-105480,6.48,1,0,3.1104,1304
2278,CA-2014-104283,85.98,1,0,22.3548,987
2294,CA-2015-130995,4.95,1,0,1.3365,505
2298,CA-2015-113145,42.95,1,0,1.2885,1314
2334,CA-2017-169285,5.78,1,0,2.8322,615
2356,CA-2015-111514,36.51,1,0,15.6993,1327
2390,US-2015-127040,6.48,1,0,3.1104,1346
2421,CA-2017-159597,99.99,1,0,43.9956,1352
2457,CA-2017-140949,7.31,1,0,3.4357,682
2465,CA-2017-148691,136.99,1,0,36.9873,826
2466,CA-2017-148691,3.15,1,0,1.512,398
2467,CA-2017-128755,9.11,1,0,4.0995,1362
2470,CA-2017-128755,16.91,1,0,4.5657,1046
2523,CA-2016-124352,5.5,1,0,1.375,903
2564,CA-2015-110632,15.02,1,0,2.7036,1391
2588,CA-2017-131695,22.23,1,0,9.7812,1397
2589,CA-2016-137729,5.98,1,0,1.0166,1209
2607,CA-2016-154053,16.99,1,0,4.9271,1403
2627,CA-2017-127180,52.99,1,0,0.5299,514
2642,CA-2015-169740,29.99,1,0,2.999,707
2684,CA-2017-127026,164.99,1,0,49.497,1424
2732,CA-2017-104801,107.53,1,0,21.506,218
2734,CA-2014-107594,5.58,1,0,2.1762,803
2762,CA-2017-126536,0.99,1,0,0.4356,1445
2793,CA-2014-125514,6.48,1,0,3.1104,822
2817,CA-2015-104626,60.74,1,0,15.185,165
2836,CA-2017-110842,10.89,1,0,2.8314,939
2840,US-2015-104185,120.33,1,0,31.2858,779
2853,CA-2016-136371,14.98,1,0,6.8908,1462
2873,CA-2017-135167,4.26,1,0,1.7466,321
2924,CA-2014-156993,6.08,1,0,3.04,836
2925,CA-2014-157721,19.9,1,0,8.955,950
2926,CA-2014-157721,70.71,1,0,4.9497,1474
2936,US-2016-169040,35.89,1,0,16.1505,82
2941,CA-2017-155880,90.99,1,0,14.5584,1475
2945,CA-2017-126242,18.7,1,0,7.106,1476
2956,CA-2016-153353,39.99,1,0,11.5971,892
2989,CA-2016-139010,12.99,1,0,0.7794,1441
3005,CA-2016-131499,207.48,1,0,62.244,1491
3032,CA-2015-168480,25.99,1,0,7.5371,1072
3047,CA-2017-125290,26.38,1,0,12.1348,820
3103,CA-2017-119578,220.98,1,0,50.8254,1508
3110,CA-2016-121671,7.64,1,0,3.7436,834
3112,CA-2016-121671,265.17,1,0,47.7306,1255
3189,US-2017-146416,3.75,1,0,1.8,1182
3192,CA-2017-123981,65.99,1,0,17.1574,810
3204,CA-2014-158372,10.99,1,0,4.2861,924
3222,US-2015-137008,90,1,0,32.4,295
3230,CA-2014-154641,375.34,1,0,18.767,462
3269,CA-2014-143840,44.95,1,0,12.586,1539
3278,CA-2014-102988,28.99,1,0,8.4071,1140
3291,CA-2015-157770,36.24,1,0,15.2208,1541
3357,US-2014-150434,3.81,1,0,1.8288,317
3397,US-2017-148362,169.99,1,0,78.1954,14
3399,CA-2014-102274,36.99,1,0,9.9873,693
3415,CA-2016-116540,1.81,1,0,0.6516,1099
3450,CA-2014-168592,14.97,1,0,4.1916,330
3473,CA-2017-111815,180.98,1,0,47.0548,325
3548,CA-2017-155292,33.94,1,0,9.1638,1285
3577,CA-2016-103163,4.73,1,0,2.3177,206
3578,CA-2016-104157,7.89,1,0,0.3156,1579
3581,CA-2017-117807,104.85,1,0,50.328,929
3585,CA-2015-121650,2.61,1,0,1.2006,715
3589,CA-2017-146535,2.88,1,0,1.4112,620
3626,CA-2017-113530,5.58,1,0,1.395,313
3627,CA-2017-113530,36.32,1,0,10.896,482
3644,CA-2014-156594,4.13,1,0,1.1564,1586
3646,CA-2014-146528,6.48,1,0,3.1752,1588
3700,CA-2017-169411,37.93,1,0,6.8274,774
3712,CA-2017-166198,11.54,1,0,3.462,1602
3731,CA-2015-109575,499.99,1,0,129.9974,1604
3734,CA-2017-168193,26.38,1,0,12.1348,147
3738,CA-2016-133340,10.9,1,0,3.052,48
3794,US-2014-117163,57.23,1,0,14.3075,1290
3828,CA-2017-141733,26.64,1,0,7.4592,1409
3853,US-2017-131849,4.95,1,0,2.178,1620
3954,CA-2014-133228,5.47,1,0,2.3521,498
3984,CA-2016-135265,48.94,1,0,24.47,1458
3997,CA-2015-105627,14.98,1,0,4.494,1642
4005,US-2015-168732,1.78,1,0,0.4984,1341
4110,CA-2015-153717,160.98,1,0,20.9274,1655
4112,CA-2015-153717,3.28,1,0,0.9512,843
4184,CA-2016-143749,81.94,1,0,20.485,1660
4189,CA-2016-157714,9.99,1,0,4.4955,1661
4199,CA-2015-143105,7.31,1,0,3.4357,682
4228,CA-2016-113803,22.48,1,0,10.3408,1145
4238,CA-2017-147144,19.83,1,0,5.949,1671
4245,CA-2017-117702,1.64,1,0,0.738,1210
4262,CA-2017-123351,80.48,1,0,24.144,1449
4273,US-2017-158505,25.99,1,0,7.5371,1072
4282,CA-2014-103100,3.69,1,0,1.7343,1675
4292,CA-2017-102407,189,1,0,68.04,1152
4320,CA-2014-152345,33.29,1,0,7.9896,1305
4331,CA-2017-107909,19.99,1,0,6.7966,85
4408,CA-2016-100041,4.91,1,0,2.3077,187
4414,CA-2017-132339,387.99,1,0,182.3553,766
4433,CA-2016-168893,8.75,1,0,2.625,1472
4440,US-2016-111290,109.95,1,0,36.2835,999
4449,CA-2015-121965,6.48,1,0,3.1104,1125
4507,US-2014-138247,20.34,1,0,0.2034,1534
4508,US-2014-138247,23.99,1,0,5.5177,937
4514,CA-2016-120873,290.98,1,0,75.6548,1013
4599,CA-2015-146948,150.98,1,0,43.7842,536
4606,CA-2015-135020,45.99,1,0,13.3371,41
4634,CA-2015-130456,80.98,1,0,3.2392,463
4640,CA-2016-102162,11.09,1,0,5.4341,1496
4654,CA-2017-159107,2.88,1,0,1.3536,1606
4673,CA-2016-133550,118.99,1,0,33.3172,1283
4677,CA-2014-114510,80.98,1,0,3.2392,463
4722,US-2017-135230,7.58,1,0,2.9562,780
4765,CA-2015-118227,25.99,1,0,7.5371,1072
4794,CA-2015-144722,43.13,1,0,18.1146,1646
4894,CA-2016-135776,47.9,1,0,22.992,138
4901,CA-2017-120936,13.98,1,0,3.6348,1369
4943,CA-2017-106782,375.34,1,0,18.767,462
4952,CA-2017-117926,69.48,1,0,20.844,1739
4960,CA-2016-166226,67.84,1,0,18.3168,1549
4969,CA-2015-122406,110.98,1,0,15.5372,921
5000,CA-2017-159688,79.99,1,0,28.7964,1116
5030,CA-2017-139304,8.57,1,0,2.2282,1269
5033,CA-2016-155166,26.49,1,0,7.4172,1289
5068,CA-2014-124478,549.99,1,0,274.995,1599
5080,US-2017-133312,10.48,1,0,2.8296,475
5116,CA-2017-154137,35.48,1,0,0,1042
5128,CA-2014-160766,16.99,1,0,4.4174,1271
5206,CA-2015-102015,1.24,1,0,0.5828,312
5209,CA-2015-102015,27.18,1,0,12.7746,114
5231,CA-2017-124436,30.93,1,0,12.6813,1455
5243,CA-2016-149454,10.44,1,0,4.8024,872
5267,CA-2017-147452,3.89,1,0,1.0114,1044
5279,US-2017-104094,13.48,1,0,1.8872,1581
5296,CA-2017-108791,14.89,1,0,4.0203,952
5330,CA-2016-123120,63.94,1,0,24.9366,1280
5335,CA-2014-103331,3.38,1,0,1.5548,947
5344,CA-2015-112053,31.95,1,0,2.2365,1584
5357,CA-2014-150490,16.36,1,0,1.636,969
5368,CA-2017-158071,15.58,1,0,3.895,453
5405,US-2016-143280,36.24,1,0,15.2208,1541
5410,CA-2017-108854,42.76,1,0,11.1176,1371
5442,CA-2015-148712,99.6,1,0,36.852,776
5526,CA-2017-166933,1.81,1,0,0.6516,1099
5558,US-2015-114741,6.48,1,0,3.1104,1779
5561,CA-2017-133263,34.54,1,0,17.27,305
5581,CA-2017-163818,19.98,1,0,8.5914,899
5592,CA-2014-164742,18.94,1,0,9.47,93
5620,US-2016-124163,3.04,1,0,1.0336,1292
5652,CA-2017-109099,40.99,1,0,20.0851,1544
5653,US-2014-134187,2.94,1,0,0.7938,136
5680,CA-2016-141551,6.38,1,0,2.9348,1217
5681,CA-2016-141551,6.48,1,0,3.1104,56
5692,US-2015-138093,134.99,1,0,36.4473,529
5740,US-2017-147886,26.48,1,0,10.0624,756
5768,CA-2015-154900,3.15,1,0,1.512,1052
5772,CA-2015-158939,599.99,1,0,233.9961,351
5777,CA-2016-112060,104.85,1,0,50.328,929
5781,CA-2015-155586,2.21,1,0,0.5967,149
5793,CA-2017-140186,51.75,1,0,15.525,29
5821,CA-2017-117632,7.77,1,0,2.0979,1047
5830,CA-2016-122063,29.98,1,0,8.0946,1155
5850,CA-2015-121783,549.99,1,0,274.995,1599
5872,CA-2017-129910,59.76,1,0,16.7328,43
5887,CA-2017-151596,42.76,1,0,11.1176,1371
5893,CA-2017-159954,2.78,1,0,1.3622,1004
5899,CA-2017-108000,9.78,1,0,4.89,1181
5906,US-2017-153948,16.95,1,0,1.017,664
5927,CA-2014-114314,7.31,1,0,3.4357,3
5943,CA-2014-104178,6.28,1,0,2.6376,1468
5968,CA-2014-141726,104.85,1,0,50.328,986
5988,CA-2016-163776,8.6,1,0,4.042,485
6018,CA-2014-102652,55.48,1,0,26.6304,1507
6068,CA-2017-166695,6.98,1,0,3.3504,777
6088,CA-2015-137281,6.48,1,0,3.1104,686
6214,CA-2014-128538,7.64,1,0,3.7436,594
6247,CA-2017-121580,43.41,1,0,19.9686,1326
6250,CA-2017-121580,7.98,1,0,3.99,228
6304,CA-2017-107552,6.68,1,0,3.2064,717
6313,CA-2017-120019,14.99,1,0,7.3451,1262
6326,CA-2014-167927,13.98,1,0,4.0542,5
6353,US-2015-109015,8.39,1,0,2.0975,1640
6358,CA-2017-139080,6.48,1,0,3.1104,1019
6365,CA-2017-144848,41.22,1,0,11.1294,1816
6366,CA-2017-144848,240.37,1,0,7.2111,264
6378,CA-2017-150623,99.99,1,0,41.9958,412
6395,CA-2016-129126,17.15,1,0,4.6305,460
6402,CA-2017-125472,3.89,1,0,1.8672,1075
6451,CA-2015-156510,6.7,1,0,2.211,88
6456,CA-2014-110065,135.99,1,0,36.7173,1247
6532,US-2017-107384,142.8,1,0,29.988,1812
6538,CA-2015-109862,158.99,1,0,41.3374,564
6543,US-2017-107888,33.29,1,0,7.9896,1305
6560,CA-2016-160941,3.15,1,0,1.512,367
6579,CA-2016-169887,6.68,1,0,3.2064,1094
6632,US-2016-146857,54.48,1,0,15.2544,1323
6633,CA-2016-166275,199.99,1,0,85.9957,657
6679,CA-2017-145037,10.9,1,0,2.834,379
6697,US-2016-155103,54.96,1,0,26.9304,1416
6791,CA-2016-162348,9.98,1,0,2.7944,1639
6836,CA-2017-142643,22.72,1,0,9.3152,207
6872,CA-2015-162544,4.98,1,0,2.3406,1696
6905,US-2017-149006,10.68,1,0,2.8836,689
6921,CA-2017-109211,16.98,1,0,8.49,624
6930,CA-2016-140382,19.98,1,0,9.3906,687
6957,CA-2016-157588,51.75,1,0,15.525,29
6958,CA-2015-167255,15.51,1,0,4.3428,179
6983,CA-2016-116526,8.78,1,0,2.2828,405
7012,US-2014-135881,208.16,1,0,56.2032,78
7052,CA-2016-165330,30.98,1,0,13.941,1185
7069,CA-2014-141901,5.98,1,0,2.691,461
7156,CA-2017-126718,4.91,1,0,2.4059,752
7158,CA-2016-131380,5.98,1,0,2.9302,1846
7260,CA-2016-152730,125.99,1,0,35.2772,1076
7286,CA-2016-149965,6.9,1,0,0.552,1719
7294,CA-2015-148964,20.24,1,0,7.8936,531
7337,CA-2017-165155,15.51,1,0,3.8775,1554
7374,US-2017-123862,7.89,1,0,3.5505,555
7400,CA-2016-110009,43.13,1,0,14.6642,489
7457,CA-2015-137974,9.14,1,0,4.57,630
7480,CA-2014-167199,6.54,1,0,3.0084,790
7481,CA-2016-124583,12.78,1,0,5.751,119
7484,CA-2017-135111,2.48,1,0,0.868,1853
7518,US-2017-167920,15.14,1,0,0.6056,469
7565,US-2016-166660,48.58,1,0,7.7728,1206
7573,CA-2014-100916,2.84,1,0,0.8804,896
7612,US-2015-130491,5.81,1,0,1.8011,197
7623,CA-2014-124464,39.48,1,0,11.0544,649
7633,US-2017-158526,12.53,1,0,5.8891,1106
7634,US-2017-158526,34.58,1,0,10.0282,1273
7635,US-2017-158526,300.98,1,0,87.2842,1518
7665,US-2016-140158,30.4,1,0,13.984,1009
7671,CA-2015-130974,170.98,1,0,32.4862,1550
7685,CA-2015-116876,625.99,1,0,187.797,1747
7687,CA-2016-169838,17.3,1,0,8.304,155
7698,CA-2017-151799,73.85,1,0,2.2155,237
7740,CA-2014-154781,94.99,1,0,28.497,1545
7775,CA-2014-166961,10.98,1,0,2.9646,1672
7798,CA-2017-166184,469.99,1,0,136.2971,1158
7810,CA-2016-134334,4.77,1,0,2.1465,1466
7927,CA-2017-120404,569.99,1,0,170.997,435
7989,US-2016-117793,14.97,1,0,4.1916,330
8014,CA-2017-120168,3.29,1,0,1.4805,1336
8026,CA-2015-132465,78.8,1,0,1.576,1852
8027,CA-2015-132465,19.99,1,0,6.7966,85
8043,US-2017-133081,26.72,1,0,11.7568,1864
8077,CA-2015-106187,165.98,1,0,74.691,904
8098,CA-2017-122798,4.28,1,0,1.926,1453
8116,CA-2017-105543,33.29,1,0,7.9896,1305
8172,CA-2014-114125,2.88,1,0,1.4112,1380
8189,CA-2015-140375,7.38,1,0,3.6162,784
8226,CA-2017-104136,40.99,1,0,20.0851,1544
8253,CA-2017-152310,299.99,1,0,89.997,1343
8260,CA-2016-118101,8.02,1,0,3.7694,388
8319,CA-2017-133620,11.21,1,0,3.363,608
8329,CA-2017-118577,6.48,1,0,3.1104,984
8331,CA-2016-153269,11.21,1,0,3.363,608
8347,US-2015-115238,9.48,1,0,3.792,1482
8350,US-2015-115238,6.48,1,0,3.1104,1087
8373,CA-2016-152940,29.74,1,0,4.461,1079
8386,CA-2015-149601,16.24,1,0,2.436,726
8418,CA-2017-118199,286.85,1,0,63.107,744
8450,CA-2017-125451,2.22,1,0,0.666,1119
8509,CA-2015-135853,125.99,1,0,31.4975,1439
8518,CA-2017-118003,12.99,1,0,1.5588,1856
8522,US-2016-160206,12.99,1,0,0.2598,787
8544,CA-2016-119074,20.24,1,0,8.7032,1681
8576,CA-2017-106747,102.3,1,0,26.598,749
8579,CA-2016-111605,2.61,1,0,1.2006,1829
8596,CA-2014-111934,35.44,1,0,16.6568,260
8656,CA-2014-142769,48.94,1,0,24.47,1458
8705,US-2014-132745,4.71,1,0,0,1868
8760,CA-2016-159891,1270.99,1,0,635.495,454
8762,CA-2016-112578,14.03,1,0,4.0687,775
8833,US-2017-132675,15.51,1,0,3.8775,1554
8904,US-2016-126431,30.53,1,0,14.0438,942
8948,CA-2014-132913,13.97,1,0,3.6322,1836
9001,CA-2014-103807,5.95,1,0,0.833,1656
9006,CA-2017-107825,37.76,1,0,10.5728,118
9079,CA-2016-108105,5.8,1,0,2.61,328
9122,CA-2017-162250,7.78,1,0,3.501,571
9166,CA-2016-100300,104.85,1,0,50.328,986
9171,US-2016-155768,47.9,1,0,22.992,1062
9178,CA-2016-166618,23.65,1,0,6.149,1585
9184,CA-2017-156776,51.75,1,0,15.525,29
9200,CA-2016-152688,120.98,1,0,12.098,433
9201,CA-2016-152688,315.98,1,0,148.5106,385
9208,CA-2017-141747,16.06,1,0,4.1756,1240
9209,CA-2017-142776,7.28,1,0,3.4944,1057
9247,CA-2017-130106,2.78,1,0,0.7228,326
9254,CA-2014-168368,60.89,1,0,15.2225,65
9289,CA-2014-111857,48.91,1,0,22.9877,1195
9328,US-2017-130687,25.98,1,0,7.2744,1524
9359,CA-2016-168046,45.98,1,0,7.8166,1794
9387,US-2017-127292,12.28,1,0,5.7716,316
9389,US-2017-127292,2.04,1,0,0.9588,30
9397,CA-2014-125997,30.98,1,0,8.0548,1284
9408,CA-2017-162789,12.07,1,0,3.9831,1761
9496,US-2016-123610,8.67,1,0,2.3409,1309
9497,CA-2017-118213,4.41,1,0,2.0286,251
9503,CA-2016-101329,2.88,1,0,0.8064,655
9579,CA-2017-152975,70.98,1,0,3.549,1053
9613,CA-2014-128524,22.98,1,0,6.894,10
9678,CA-2016-144785,6.84,1,0,1.8468,1872
9685,CA-2017-118668,16.59,1,0,5.8065,1367
9702,CA-2017-147032,11.54,1,0,5.5392,97
9734,CA-2014-114321,896.99,1,0,421.5853,1187
9766,CA-2017-101959,7.78,1,0,3.501,571
9773,CA-2016-160234,135.95,1,0,39.4255,1651
9783,CA-2015-149748,62.18,1,0,16.7886,828
9803,CA-2015-122973,135.99,1,0,36.7173,1247
9804,CA-2015-122973,7.38,1,0,2.1402,1268
9838,US-2016-125402,4.98,1,0,2.2908,1151
9863,CA-2017-113278,11.34,1,0,5.5566,758
9873,CA-2016-100587,6.48,1,0,3.1104,1538
9888,CA-2015-127544,79.99,1,0,28.7964,1116
9916,CA-2017-160927,13.48,1,0,3.5048,148
9918,CA-2015-105508,39.98,1,0,17.991,897
9924,CA-2015-159534,23.99,1,0,11.995,246
9950,CA-2017-121559,39.89,1,0,14.7593,691
9953,CA-2015-141593,6.48,1,0,3.1104,1363
9960,CA-2017-141446,18,1,0,3.24,1565
9964,CA-2016-146374,13.4,1,0,6.432,280
9965,CA-2016-146374,4.98,1,0,2.3406,818
9980,US-2015-151435,85.98,1,0,22.3548,987
9986,CA-2016-125794,36.24,1,0,15.2208,1541
9987,CA-2017-163629,79.99,1,0,28.7964,1621
6,CA-2014-115812,48.86,7,0,14.1694,6
22,CA-2016-137330,19.46,7,0,5.0596,22
23,CA-2016-137330,60.34,7,0,15.6884,23
195,CA-2015-131457,14.28,7,0,6.7116,30
54,CA-2016-105816,15.26,7,0,6.2566,53
888,CA-2017-150707,37.66,7,0,18.4534,62
1393,US-2016-108504,342.37,7,0,160.9139,63
146,CA-2015-110744,671.93,7,0,20.1579,83
97,CA-2017-161018,96.53,7,0,40.5426,94
124,CA-2016-103730,68.04,7,0,19.7316,120
245,CA-2014-131926,2001.86,7,0,580.5394,121
1812,CA-2014-132612,1441.3,7,0,245.021,122
1209,CA-2016-137050,14.07,7,0,6.8943,133
154,CA-2015-124919,58.38,7,0,26.271,146
160,CA-2016-114104,944.93,7,0,236.2325,151
1837,CA-2017-122693,1245.86,7,0,361.2994,161
847,CA-2015-114300,83.72,7,0,23.4416,181
272,CA-2015-155334,209.93,7,0,92.3692,248
1000,CA-2015-162537,33.11,7,0,12.9129,285
1071,CA-2015-144652,19.46,7,0,5.0596,326
369,CA-2016-155516,104.79,7,0,29.3412,330
895,CA-2016-105494,155.82,7,0,42.0714,332
382,CA-2016-134775,50.96,7,0,25.48,341
752,CA-2017-126074,56.98,7,0,22.792,361
415,CA-2017-142636,139.86,7,0,65.7342,371
1853,CA-2015-160472,106.75,7,0,49.105,376
1614,CA-2017-138380,1000.02,7,0,290.0058,387
446,CA-2016-115756,22.05,7,0,10.584,398
476,CA-2014-144666,62.65,7,0,28.819,425
898,CA-2014-144407,103.6,7,0,51.8,432
975,US-2017-103247,160.93,7,0,3.2186,465
1808,US-2016-116729,254.24,7,0,76.272,482
1307,CA-2016-141397,46.76,7,0,22.4448,486
571,CA-2017-164826,72.45,7,0,34.776,493
1140,CA-2016-152170,20.58,7,0,5.5566,506
1807,US-2016-116729,45.36,7,0,21.7728,515
1658,CA-2014-127159,34.79,7,0,10.7849,532
627,CA-2017-163020,35.56,7,0,12.0904,539
643,CA-2017-167913,26.25,7,0,12.6,552
796,CA-2017-151428,20.16,7,0,9.8784,620
776,CA-2017-104220,34.58,7,0,14.5236,633
797,CA-2015-124653,132.79,7,0,63.7392,646
799,CA-2015-124653,21.56,7,0,10.3488,647
815,CA-2017-143686,1399.93,7,0,601.9699,657
827,CA-2017-126956,35,7,0,16.8,665
850,CA-2014-107755,115.36,7,0,49.6048,684
908,CA-2017-143259,90.93,7,0,2.7279,720
911,CA-2017-137596,1928.78,7,0,829.3754,723
995,CA-2014-117639,2715.93,7,0,1276.4871,766
1002,CA-2015-124891,2309.65,7,0,762.1845,771
1077,CA-2016-161781,40.88,7,0,10.6288,816
1086,US-2016-143819,4899.93,7,0,2400.9657,821
1122,US-2014-147627,699.93,7,0,181.9818,842
1123,US-2014-147627,22.96,7,0,6.6584,843
1156,CA-2014-136567,2244.48,7,0,493.7856,862
1181,CA-2014-128146,1322.93,7,0,357.1911,875
1210,CA-2016-137050,41.86,7,0,10.465,887
1452,CA-2016-133711,70.98,7,0,34.7802,893
1347,CA-2014-118339,47.18,7,0,23.59,958
1541,CA-2017-121888,242.48,7,0,116.3904,1012
1477,US-2017-104955,28.91,7,0,13.2986,1018
1481,US-2016-108455,40.46,7,0,19.8254,1020
1529,CA-2015-148432,26.18,7,0,0.5236,1038
1553,CA-2014-130274,21.56,7,0,10.3488,1048
1645,CA-2015-111829,3149.93,7,0,1480.4671,1088
1699,CA-2015-148376,21.56,7,0,10.3488,1109
1809,CA-2016-164938,69.93,7,0,0.6993,1147
1989,CA-2015-127509,1024.38,7,0,215.1198,1224
2002,CA-2017-166128,41.86,7,0,14.2324,1064
2006,CA-2014-111150,29.68,7,0,11.5752,759
2007,CA-2014-111150,47.53,7,0,16.1602,236
2057,CA-2017-120376,1586.69,7,0,412.5394,635
2078,CA-2017-140676,90.86,7,0,26.3494,96
2118,CA-2016-130267,159.88,7,0,73.5448,396
2132,US-2014-114188,139.86,7,0,60.1398,899
2152,CA-2014-167360,111.79,7,0,43.5981,407
2202,US-2014-165659,881.93,7,0,229.3018,204
2210,CA-2014-125556,832.93,7,0,233.2204,1283
2235,CA-2017-104066,205.03,7,0,67.6599,832
2273,CA-2015-142944,435.26,7,0,95.7572,1306
2283,CA-2016-132143,48.16,7,0,22.1536,322
2285,CA-2015-153108,60.69,7,0,16.3863,1309
2299,CA-2015-113145,1399.93,7,0,601.9699,657
2318,CA-2017-122035,60.83,7,0,30.415,851
2321,CA-2017-165491,265.93,7,0,63.8232,1316
2337,CA-2017-152695,426.79,7,0,123.7691,1320
2341,CA-2016-137736,41.86,7,0,10.465,887
2361,US-2014-148838,34.86,7,0,16.3842,1329
2391,US-2015-127040,41.86,7,0,20.5114,1347
2400,CA-2017-147361,628.81,7,0,12.5762,438
2476,CA-2016-114972,87.71,7,0,41.2237,1368
2493,CA-2014-144624,4548.81,7,0,1228.1787,1159
2519,CA-2016-124352,20.16,7,0,9.8784,1380
2533,CA-2014-111500,12.67,7,0,4.5612,1099
2559,CA-2015-147788,1406.86,7,0,140.686,1390
2587,CA-2017-131695,248.57,7,0,67.1139,848
2601,CA-2017-108553,122.71,7,0,36.813,356
2709,CA-2015-121797,227.36,7,0,81.8496,1435
2737,CA-2015-115798,42.28,7,0,19.8716,676
2834,CA-2017-134649,15.47,7,0,4.1769,149
2856,CA-2017-169810,20.23,7,0,9.5081,1405
2862,CA-2017-138975,286.93,7,0,140.5957,846
2865,US-2017-103828,83.79,7,0,22.6233,362
2902,CA-2017-124898,184.66,7,0,84.9436,786
2938,US-2016-169040,248.08,7,0,116.5976,131
2942,CA-2017-155880,1526.56,7,0,427.4368,641
2946,CA-2016-166443,38.29,7,0,16.4647,498
3036,US-2015-123960,36.26,7,0,16.6796,1493
3068,CA-2017-106859,45.36,7,0,21.7728,1504
3071,CA-2014-119375,2934.33,7,0,792.2691,1085
3090,US-2017-159205,671.93,7,0,188.1404,1506
3091,CA-2016-112123,447.86,7,0,219.4514,675
3175,CA-2017-157483,181.86,7,0,50.9208,1524
3188,CA-2017-159352,69.93,7,0,32.1678,865
3251,CA-2016-157868,24.85,7,0,11.6795,1063
3263,CA-2014-140662,733.95,7,0,352.296,662
3277,CA-2014-102988,22.96,7,0,7.5768,348
3280,CA-2014-102988,22.96,7,0,6.6584,1221
3312,CA-2016-162747,86.45,7,0,38.038,901
3422,CA-2016-134803,131.6,7,0,7.896,1213
3443,CA-2017-168858,2504.74,7,0,626.185,854
3462,CA-2015-152611,286.79,7,0,74.5654,902
3479,CA-2016-131289,45.36,7,0,21.7728,1564
3521,CA-2016-114482,40.46,7,0,19.8254,374
3540,CA-2014-158771,45.36,7,0,21.7728,1087
3546,CA-2017-155292,105.98,7,0,4.2392,469
3556,CA-2017-118542,45.36,7,0,21.7728,839
3685,CA-2015-132626,98.21,7,0,28.4809,775
3694,CA-2016-142097,232.96,7,0,116.48,1208
3730,CA-2015-109575,636.86,7,0,0,73
3732,CA-2015-109575,1259.93,7,0,327.5818,1160
3786,CA-2016-144218,1085.42,7,0,282.2092,1469
3818,CA-2015-102582,1056.86,7,0,306.4894,536
3850,CA-2015-142377,85.96,7,0,40.4012,316
3943,US-2016-142685,835.17,7,0,16.7034,1440
3995,CA-2015-105627,860.93,7,0,189.4046,1277
4093,CA-2015-102491,3080,7,0,1416.8,202
4118,CA-2015-153416,454.86,7,0,54.5832,394
4136,CA-2017-105914,1575.14,7,0,204.7682,914
4137,CA-2017-110926,25.06,7,0,12.53,296
4143,CA-2017-112725,12.74,7,0,5.733,860
4171,CA-2017-100601,48.86,7,0,0.9772,706
4202,CA-2015-143105,184.66,7,0,84.9436,147
4277,US-2016-107440,9099.93,7,0,2365.9818,1674
4388,CA-2017-111556,46.76,7,0,22.4448,658
4480,CA-2016-109365,15.26,7,0,5.0358,852
4523,CA-2014-107454,34.86,7,0,16.0356,645
4573,CA-2016-139395,657.93,7,0,184.2204,544
4584,US-2017-163790,76.58,7,0,38.29,471
4589,US-2017-163790,452.55,7,0,22.6275,562
4609,CA-2015-135020,45.36,7,0,21.7728,1346
4704,CA-2016-158435,65.17,7,0,18.8993,666
4718,CA-2015-109736,45.36,7,0,21.7728,516
4719,CA-2015-142601,947.17,7,0,9.4717,275
4778,CA-2017-132346,100.94,7,0,33.3102,338
4936,CA-2017-150931,33.74,7,0,15.5204,549
4954,CA-2014-160262,18.06,7,0,4.6956,685
5040,CA-2015-136469,221.06,7,0,103.8982,353
5118,CA-2015-127173,629.93,7,0,296.0671,1571
5125,CA-2014-160766,68.46,7,0,31.4916,712
5133,CA-2017-155607,58.73,7,0,14.6825,1640
5181,CA-2017-108749,45.36,7,0,21.7728,1752
5184,CA-2017-163335,38.71,7,0,17.8066,560
5188,CA-2015-115567,1516.2,7,0,394.212,380
5193,CA-2014-101560,85.96,7,0,40.4012,1663
5202,CA-2015-142454,104.23,7,0,28.1421,952
5219,CA-2017-145653,498.26,7,0,134.5302,1479
5221,CA-2017-117401,706.86,7,0,197.9208,1754
5223,CA-2017-117401,43.19,7,0,20.7312,1509
5393,US-2014-123183,213.08,7,0,102.2784,476
5395,CA-2014-104829,21.98,7,0,9.891,1426
5549,CA-2014-159800,139.93,7,0,34.9825,815
5678,CA-2016-143924,20.44,7,0,9.198,855
5683,CA-2014-164315,1049.93,7,0,293.9804,1543
5717,CA-2015-124107,57.96,7,0,27.2412,1471
5744,US-2017-147886,795.48,7,0,7.9548,421
5745,US-2017-147886,21.56,7,0,6.8992,1410
5790,CA-2017-140186,35,7,0,16.8,665
5844,CA-2015-126725,777.21,7,0,54.4047,1695
5873,CA-2017-133095,108.08,7,0,54.04,1098
5876,CA-2014-152443,447.86,7,0,219.4514,675
5914,US-2015-126977,87.71,7,0,41.2237,50
5924,CA-2017-146458,22.96,7,0,6.6584,1252
6016,CA-2014-102652,33.11,7,0,12.9129,285
6176,CA-2015-158421,85.96,7,0,24.0688,582
6197,CA-2015-149909,63.77,7,0,28.6965,1362
6210,CA-2017-119809,1000.02,7,0,290.0058,387
6220,CA-2016-160220,20.86,7,0,1.4602,386
6276,US-2016-139087,87.71,7,0,41.2237,302
6406,CA-2017-154074,149.73,7,0,43.4217,81
6422,CA-2014-159121,111.93,7,0,34.6983,1108
6455,CA-2017-161102,36.96,7,0,11.4576,1237
6457,CA-2014-110065,15.96,7,0,7.0224,1633
6466,CA-2017-153080,68.46,7,0,25.3302,1627
6471,CA-2015-108532,114.52,7,0,11.452,969
6513,CA-2017-167640,286.93,7,0,140.5957,1544
6522,CA-2017-138289,56.07,7,0,25.2315,1821
6594,CA-2015-146290,125.93,7,0,35.2604,652
6605,CA-2016-148852,45.36,7,0,21.7728,1014
6662,CA-2015-129322,447.86,7,0,210.4942,1253
6664,CA-2017-162173,251.58,7,0,113.211,849
6672,CA-2015-153794,265.86,7,0,79.758,109
6768,CA-2014-109302,196.21,7,0,98.105,920
6788,CA-2015-118843,69.93,7,0,31.4685,1001
6828,CA-2016-118689,34.37,7,0,16.8413,702
6851,US-2016-100461,106.05,7,0,49.8435,59
6890,CA-2017-164756,50.96,7,0,24.4608,253
6900,CA-2015-140557,559.93,7,0,167.979,663
6920,CA-2017-121706,356.79,7,0,99.9012,548
6924,CA-2015-137925,23.66,7,0,10.8836,947
6993,CA-2015-109386,265.86,7,0,79.758,109
7002,CA-2014-133158,289.24,7,0,26.0316,484
7018,US-2016-154256,25.83,7,0,12.1401,1675
7065,CA-2014-106726,1261.33,7,0,327.9458,740
7121,CA-2017-166926,41.86,7,0,18.837,1807
7224,CA-2016-109953,151.62,7,0,50.0346,1684
7238,CA-2016-101651,43.96,7,0,18.4632,1468
7239,CA-2016-101651,39.76,7,0,18.6872,154
7240,CA-2017-136651,66.36,7,0,26.544,1482
7244,US-2017-151127,49.56,7,0,18.8328,1686
7259,CA-2016-152730,45.36,7,0,21.7728,984
7261,CA-2017-137001,14.7,7,0,4.116,1735
7264,CA-2017-122056,181.86,7,0,50.9208,1524
7275,CA-2015-144519,63.98,7,0,21.7532,651
7293,CA-2016-113656,59.99,7,0,21.5964,1713
7329,US-2014-131275,1856.19,7,0,334.1142,1255
7351,CA-2017-141138,111.79,7,0,43.5981,407
7373,US-2017-123862,110.11,7,0,31.9319,1832
7401,CA-2016-110009,30.87,7,0,14.2002,251
7458,CA-2015-137974,1196.86,7,0,119.686,1318
7583,CA-2014-163223,3499.93,7,0,909.9818,1604
7594,CA-2017-119655,146.86,7,0,70.4928,547
7609,CA-2017-163209,22.96,7,0,6.6584,281
7638,CA-2017-104885,57.96,7,0,27.2412,1471
7925,CA-2016-125843,103.6,7,0,51.8,432
7998,US-2014-148194,12.18,7,0,3.8976,859
8002,CA-2015-110870,25.76,7,0,0.5152,329
8048,CA-2016-168543,706.86,7,0,197.9208,1754
8090,CA-2014-101392,269.36,7,0,70.0336,1444
8103,CA-2015-149846,104.79,7,0,29.3412,330
8135,CA-2015-121776,87.71,7,0,41.2237,50
8148,US-2016-131058,20.16,7,0,9.8784,751
8168,CA-2017-107174,2036.86,7,0,366.6348,311
8171,CA-2016-146150,264.18,7,0,68.6868,988
8231,CA-2016-162355,1266.86,7,0,291.3778,201
8274,CA-2017-164112,1085.42,7,0,282.2092,1469
8306,CA-2016-128671,41.86,7,0,19.2556,576
8312,US-2017-105935,2939.93,7,0,764.3818,1481
8342,CA-2016-132549,73.36,7,0,19.8072,475
8357,CA-2014-110555,87.08,7,0,24.3824,255
8407,CA-2017-140480,28.91,7,0,8.673,1034
8411,CA-2016-159765,27.86,7,0,9.1938,183
8490,CA-2016-158841,18.69,7,0,7.1022,1592
8523,CA-2017-133074,55.86,7,0,27.93,228
8532,CA-2016-156748,496.86,7,0,24.843,1053
8554,CA-2016-102092,1056.86,7,0,158.529,1010
8637,CA-2017-151281,139.58,7,0,39.0824,64
8680,CA-2016-143805,2104.55,7,0,694.5015,229
8684,CA-2016-155446,21.21,7,0,4.4541,430
8890,CA-2016-147256,1927.59,7,0,751.7601,1357
8990,US-2015-128587,4899.93,7,0,2302.9671,1307
9012,CA-2016-121447,135.8,7,0,66.542,277
9057,CA-2015-149097,74.76,7,0,23.9232,1708
9059,CA-2016-132304,1115.17,7,0,334.551,906
9096,US-2015-132836,28.91,7,0,13.2986,1751
9119,US-2016-155971,22.05,7,0,10.584,823
9121,CA-2017-122007,90.86,7,0,26.3494,96
9161,CA-2016-160108,405.86,7,0,32.4688,1385
9227,CA-2017-140515,381.36,7,0,106.7808,1323
9235,CA-2016-126732,18.69,7,0,5.2332,1137
9249,CA-2016-127761,881.93,7,0,220.4825,1439
9274,US-2014-134054,255.85,7,0,112.574,1866
9313,CA-2015-111948,418.32,7,0,117.1296,43
9360,CA-2016-168046,428.68,7,0,0,861
9362,CA-2017-111591,13.02,7,0,0.3906,809
9489,US-2016-102232,197.05,7,0,59.115,1282
9493,CA-2016-105207,1592.85,7,0,350.427,344
9504,CA-2016-113607,1091.93,7,0,272.9825,1840
9533,CA-2016-116596,40.67,7,0,12.6077,197
9556,CA-2015-156853,184.66,7,0,84.9436,786
9614,CA-2014-128524,102.13,7,0,15.3195,1218
9634,CA-2014-151330,79.45,7,0,22.246,76
9726,CA-2017-167395,286.86,7,0,80.3208,1377
9801,CA-2017-137918,97.3,7,0,28.217,1216
9866,US-2015-116981,1085.42,7,0,282.2092,1469
9891,US-2016-115441,124.25,7,0,48.4575,945
9905,US-2015-129007,131.88,7,0,55.3896,1166
9911,US-2014-157231,115.36,7,0,56.5264,92
9932,CA-2015-104948,29.96,7,0,13.482,1555
9940,CA-2016-169824,11.2,7,0,4.816,910
9966,CA-2016-146374,109.69,7,0,51.5543,1375
9969,CA-2017-153871,22.75,7,0,6.5975,191
9974,US-2016-103674,18.69,7,0,5.2332,1137
9977,US-2016-103674,13.86,7,0,0,499
9982,US-2016-157728,35.56,7,0,16.7132,733
17,CA-2014-105893,665.88,6,0,13.3176,17
1301,CA-2016-137043,572.76,6,0,166.1004,36
320,CA-2014-164973,275.94,6,0,80.0226,41
50,CA-2015-115742,38.22,6,0,17.9634,49
51,CA-2015-115742,75.18,6,0,35.3346,50
56,CA-2016-111682,208.56,6,0,52.14,55
1653,US-2017-132444,169.68,6,0,45.8136,87
99,CA-2016-149223,77.88,6,0,22.5852,96
113,CA-2016-128867,27.24,6,0,13.3476,110
122,CA-2016-103730,226.56,6,0,63.4368,118
1846,US-2017-158512,40.08,6,0,19.2384,130
139,CA-2016-145583,65.88,6,0,18.4464,135
156,CA-2015-124919,80.88,6,0,21.0288,148
218,CA-2016-130162,93.06,6,0,26.0568,179
191,CA-2015-102281,71.76,6,0,20.0928,181
247,CA-2014-131926,47.88,6,0,23.94,228
253,CA-2016-146941,80.58,6,0,22.5624,232
268,CA-2016-111010,7.56,6,0,0.3024,244
308,CA-2014-111003,289.2,6,0,83.868,283
853,CA-2016-113747,185.88,6,0,50.1876,292
913,CA-2015-133627,22.2,6,0,9.102,347
889,CA-2014-104976,34.68,6,0,16.9932,374
720,CA-2014-104472,73.32,6,0,21.996,393
450,CA-2016-166674,263.88,6,0,71.2476,402
475,CA-2014-144666,92.52,6,0,24.9804,424
541,CA-2014-140795,468.9,6,0,206.316,480
713,US-2017-100048,281.34,6,0,109.7226,595
1129,CA-2015-105970,101.88,6,0,50.94,624
766,CA-2014-162775,646.74,6,0,258.696,625
768,CA-2014-162775,572.58,6,0,34.3548,627
852,CA-2016-152534,38.88,6,0,18.6624,686
1829,US-2015-140851,38.88,6,0,18.6624,718
1700,CA-2014-135657,515.88,6,0,113.4936,845
1628,CA-2015-143119,517.5,6,0,155.25,874
1186,CA-2014-127131,485.88,6,0,9.7176,879
1249,CA-2017-115602,38.82,6,0,17.469,908
1315,CA-2016-145919,38.88,6,0,18.6624,943
1348,CA-2014-118339,19.68,6,0,5.7072,959
1350,CA-2014-118339,35.88,6,0,17.2224,961
1785,CA-2017-166317,98.16,6,0,9.816,969
1432,CA-2014-120768,152.76,6,0,74.8524,996
1475,CA-2016-113138,17.28,6,0,5.0112,1017
1534,CA-2016-139885,212.88,6,0,0,1042
1561,CA-2014-105172,18.9,6,0,9.072,1052
1604,CA-2017-116645,155.94,6,0,45.2226,1072
1707,CA-2017-123491,43.86,6,0,20.6142,1111
1901,CA-2016-140543,191.88,6,0,19.188,919
1953,CA-2017-157987,18.9,6,0,9.072,1052
1962,CA-2017-110905,112.8,6,0,6.768,1213
1978,CA-2014-110408,545.88,6,0,70.9644,1220
1984,CA-2014-164721,320.88,6,0,93.0552,656
2020,CA-2015-113110,40.14,6,0,19.6686,188
2083,CA-2017-104647,37.44,6,0,16.848,918
2156,CA-2016-111115,21.48,6,0,10.74,296
2188,CA-2017-143063,70.08,6,0,35.04,1050
2201,US-2014-165659,22.2,6,0,9.102,347
2251,CA-2015-116092,541.44,6,0,157.0176,1297
2272,CA-2015-102036,199.74,6,0,47.9376,1305
2292,CA-2015-149342,595.38,6,0,297.69,1081
2353,CA-2017-109701,10.08,6,0,5.04,60
2399,CA-2017-169264,16.68,6,0,4.3368,22
2402,CA-2017-145877,94.2,6,0,23.55,962
2445,CA-2016-146934,26.88,6,0,12.9024,1359
2452,CA-2017-140949,119.7,6,0,31.122,427
2458,CA-2017-140949,59.1,6,0,22.458,33
2482,CA-2017-147956,1003.62,6,0,0,755
2492,CA-2014-113579,90.24,6,0,41.5104,1122
2510,CA-2017-163902,479.94,6,0,52.7934,922
2512,CA-2015-102722,106.5,6,0,41.535,945
2520,CA-2016-124352,29.46,6,0,14.4354,613
2552,CA-2017-101042,821.88,6,0,213.6888,1386
2649,CA-2014-131002,821.88,6,0,213.6888,1386
2672,CA-2014-126403,785.88,6,0,212.1876,1420
2705,CA-2017-156818,132.6,6,0,17.238,178
2744,CA-2015-140144,257.64,6,0,100.4796,598
2805,CA-2015-159380,25.68,6,0,11.556,1453
2812,CA-2015-135685,185.58,6,0,76.0878,1455
2819,CA-2015-104626,1088.76,6,0,315.7404,247
2848,CA-2017-157854,56.28,6,0,15.7584,1461
2881,CA-2016-102932,25.44,6,0,12.72,16
2979,CA-2014-109232,545.94,6,0,87.3504,1475
3035,US-2015-123960,53.7,6,0,10.203,1054
3069,CA-2017-106859,288.24,6,0,138.3552,1434
3102,CA-2017-119578,695.16,6,0,34.758,416
3105,US-2017-140074,25.68,6,0,11.556,1510
3115,CA-2016-150350,34.68,6,0,16.9932,1226
3171,CA-2017-107461,23.88,6,0,11.2236,1425
3216,CA-2017-150189,75.18,6,0,35.3346,50
3276,CA-2017-116358,27.78,6,0,9.1674,184
3400,CA-2014-102274,629.1,6,0,301.968,1089
3468,CA-2016-146143,133.38,6,0,58.6872,1397
3497,CA-2016-107328,487.92,6,0,136.6176,729
3650,CA-2017-109960,104.88,6,0,41.952,1590
3684,CA-2015-132626,43.68,6,0,21.4032,25
3695,CA-2016-142097,66.54,6,0,32.6046,1496
3702,CA-2015-104941,24.78,6,0,6.9384,1586
3777,CA-2015-107937,665.88,6,0,106.5408,1334
3823,CA-2015-140984,991.2,6,0,257.712,551
3866,CA-2017-146360,155.34,6,0,55.9224,1124
3960,CA-2015-113901,38.28,6,0,17.6088,1217
3998,CA-2015-105627,373.08,6,0,82.0776,1306
4007,US-2015-168732,101.94,6,0,21.4074,1645
4031,CA-2016-169957,236.88,6,0,66.3264,649
4043,CA-2014-110786,70.56,6,0,23.9904,1552
4073,US-2015-164308,821.94,6,0,213.7044,1569
4121,CA-2017-133823,37.44,6,0,16.848,918
4126,CA-2017-156769,54.66,6,0,18.0378,1610
4185,CA-2016-111493,98.16,6,0,9.816,969
4201,CA-2015-143105,41.28,6,0,18.9888,322
4248,CA-2016-157336,88.08,6,0,40.5168,916
4318,US-2017-136189,82.38,6,0,25.5378,1677
4410,US-2014-154879,107.94,6,0,30.2232,652
4425,CA-2017-159464,113.94,6,0,54.6912,415
4428,CA-2017-119452,1805.88,6,0,523.7052,1518
4445,US-2014-147704,31.68,6,0,14.256,1456
4496,CA-2017-112753,38.88,6,0,19.0512,331
4524,CA-2014-107454,89.34,6,0,24.1218,952
4580,CA-2015-164427,239.7,6,0,105.468,242
4730,US-2015-103996,212.64,6,0,99.9408,131
4830,CA-2014-120278,245.88,6,0,68.8464,1377
4852,CA-2014-107818,485.88,6,0,19.4352,463
4887,CA-2016-163167,101.7,6,0,6.102,664
4889,CA-2016-163167,1263.3,6,0,315.825,1700
4923,CA-2017-114055,629.1,6,0,301.968,929
4978,CA-2015-165050,773.94,6,0,224.4426,966
5057,CA-2015-162166,41.88,6,0,0.8376,706
5071,CA-2014-124478,53.88,6,0,22.6296,1115
5233,CA-2014-115084,605.34,6,0,145.2816,1748
5257,US-2017-114034,38.88,6,0,18.6624,839
5301,CA-2016-113831,1979.7,6,0,653.301,771
5302,CA-2016-113831,62.1,6,0,29.808,493
5325,CA-2015-119508,25.08,6,0,9.0288,1016
5339,CA-2015-146486,12.24,6,0,5.7528,30
5362,CA-2016-122017,70.56,6,0,23.9904,1552
5375,CA-2017-134152,98.16,6,0,9.816,969
5391,US-2014-123183,22.5,6,0,10.8,552
5394,US-2014-123183,1025.88,6,0,235.9524,1067
5426,CA-2016-153598,111.9,6,0,51.474,1636
5446,US-2016-127425,33,6,0,8.25,903
5531,US-2016-167472,179.94,6,0,75.5748,1026
5576,CA-2016-136686,383.64,6,0,122.7648,444
5616,CA-2016-158001,29.34,6,0,7.9218,569
5631,CA-2014-127614,1256.22,6,0,75.3732,1031
5699,CA-2017-148320,35.88,6,0,17.5812,1693
5764,CA-2015-117772,353.88,6,0,17.694,1787
5878,CA-2014-152443,245.88,6,0,68.8464,1377
5951,CA-2017-161046,234.36,6,0,112.4928,1801
5965,CA-2017-119011,226.56,6,0,63.4368,118
5984,CA-2016-163776,185.58,6,0,76.0878,1455
5987,CA-2016-163776,245.94,6,0,120.5106,1544
6037,CA-2016-131205,113.94,6,0,54.6912,415
6076,CA-2016-151561,468.9,6,0,206.316,480
6143,CA-2017-121083,119.04,6,0,48.8064,1598
6188,CA-2015-138954,119.04,6,0,35.712,1051
6218,CA-2016-160220,125.7,6,0,35.196,1030
6244,CA-2015-112305,119.04,6,0,30.9504,1178
6295,CA-2014-141313,1737.18,6,0,503.7822,1381
6319,CA-2017-161459,34.08,6,0,15.336,568
6393,CA-2016-129126,21.48,6,0,10.5252,111
6400,CA-2017-151981,227.88,6,0,68.364,109
6413,CA-2017-151211,98.16,6,0,9.816,969
6469,CA-2016-163804,72.42,6,0,23.8986,1761
6484,CA-2017-113908,78.66,6,0,36.1836,1757
6500,CA-2015-103135,90.06,6,0,41.4276,496
6511,CA-2017-167640,23.88,6,0,8.1192,709
6540,US-2017-107888,73.68,6,0,34.6296,1663
6549,US-2015-164966,155.88,6,0,38.97,799
6577,CA-2015-153752,173.94,6,0,50.4426,1140
6583,CA-2017-104731,101.94,6,0,29.5626,1403
6586,CA-2017-104731,19.68,6,0,5.7072,959
6602,CA-2014-154095,15.66,6,0,7.2036,288
6609,US-2015-118906,89.82,6,0,25.1496,330
6616,CA-2016-123512,22.5,6,0,10.8,1361
6619,US-2017-167402,209.94,6,0,54.5844,1785
6622,CA-2014-130449,41.88,6,0,12.1452,6
6640,CA-2017-128328,125.88,6,0,60.4224,547
6674,CA-2015-109337,10.92,6,0,4.914,860
6683,CA-2014-109134,20.04,6,0,8.8176,1556
6691,US-2017-165869,155.88,6,0,54.558,411
6716,CA-2016-134789,30,6,0,14.4,665
6723,US-2017-166394,14.82,6,0,6.9654,1110
6743,CA-2015-156923,35.88,6,0,16.146,152
6757,CA-2017-124205,395.94,6,0,102.9444,810
6774,CA-2016-119018,38.88,6,0,18.6624,1831
6850,US-2016-100461,1565.88,6,0,407.1288,38
7025,US-2017-101840,227.46,6,0,65.9634,534
7066,CA-2016-147473,38.88,6,0,18.6624,1454
7099,CA-2015-124933,212.64,6,0,99.9408,1763
7114,US-2016-102239,1685.88,6,0,320.3172,1688
7154,US-2015-136749,275.88,6,0,46.8996,1794
7193,CA-2016-110492,1350.12,6,0,175.5156,914
7257,CA-2016-152730,629.1,6,0,301.968,929
7343,CA-2014-168473,191.88,6,0,19.188,919
7349,CA-2017-142125,38.82,6,0,19.41,631
7377,CA-2014-132787,92.52,6,0,24.9804,424
7386,CA-2016-105732,373.08,6,0,100.7316,828
7490,CA-2015-108672,106.68,6,0,33.0708,91
7491,US-2017-118598,119.94,6,0,5.997,1759
7526,US-2017-106145,71.88,6,0,33.0648,1634
7528,US-2017-106145,35.88,6,0,16.146,1374
7551,CA-2014-140396,833.94,6,0,216.8244,880
7556,CA-2017-159506,158.28,6,0,72.8088,963
7560,US-2014-137155,31.68,6,0,9.8208,1237
7640,CA-2017-104885,68.04,6,0,33.3396,1742
7668,CA-2015-130974,40.08,6,0,19.2384,584
7681,CA-2014-133592,605.88,6,0,151.47,39
7692,CA-2014-102330,88.8,6,0,44.4,432
7700,CA-2017-151799,17.28,6,0,8.1216,1606
7714,CA-2014-150203,250.26,6,0,72.5754,592
7747,CA-2015-156153,7.56,6,0,0.3024,244
7813,CA-2016-134334,10.56,6,0,4.6464,249
7817,CA-2016-138478,35.88,6,0,17.5812,1809
7820,CA-2017-152436,592.74,6,0,160.0398,601
8001,CA-2015-110870,299.94,6,0,128.9742,1146
8036,CA-2015-153738,37.68,6,0,16.956,1392
8040,CA-2017-121489,572.58,6,0,34.3548,627
8068,US-2015-160563,16.02,6,0,6.0876,1592
8145,US-2014-112949,471.9,6,0,155.727,1163
8161,CA-2015-120915,293.52,6,0,76.3152,417
8163,CA-2015-168207,96.96,6,0,33.936,1389
8176,CA-2016-135965,128.34,6,0,37.2186,81
8190,US-2017-155866,38.88,6,0,18.6624,839
8223,CA-2016-104633,185.88,6,0,83.646,1185
8359,CA-2014-110555,217.44,6,0,91.3248,1541
8374,CA-2015-158701,87.36,6,0,23.5872,946
8468,US-2016-164196,2678.94,6,0,241.1046,1313
8685,CA-2017-137323,96.36,6,0,25.0536,1240
8773,CA-2015-132276,26.88,6,0,6.72,572
8815,CA-2015-144274,44.1,6,0,20.727,1876
8818,CA-2015-144274,38.88,6,0,18.6624,495
8856,CA-2017-135909,209.94,6,0,39.8886,345
8864,CA-2015-125934,38.88,6,0,18.6624,1678
9003,CA-2015-102855,239.94,6,0,26.3934,98
9005,CA-2017-107825,92.52,6,0,24.9804,424
9020,CA-2014-100706,29.46,6,0,9.7218,883
9062,CA-2016-101623,36.48,6,0,18.24,836
9074,CA-2014-136336,828.84,6,0,0,951
9094,US-2015-132836,403.68,6,0,181.656,1091
9147,US-2016-165505,8.04,6,0,2.7336,1883
9155,CA-2014-102645,40.08,6,0,19.2384,130
9198,CA-2014-103310,41.04,6,0,11.0808,1755
9293,US-2017-116505,43.8,6,0,20.586,349
9309,CA-2014-128237,25.44,6,0,9.9216,759
9367,CA-2014-108147,1676.88,6,0,83.844,1379
9374,CA-2016-149671,61.38,6,0,15.9588,688
9396,CA-2014-125997,75.18,6,0,35.3346,50
9403,CA-2016-105459,1591.02,6,0,286.3836,1255
9446,CA-2016-158617,35.88,6,0,16.146,1374
9464,CA-2014-109127,17.28,6,0,7.9488,1595
9483,CA-2014-122679,19.68,6,0,6.4944,348
9495,US-2016-123610,120,6,0,46.8,1857
9509,CA-2014-149104,689.82,6,0,20.6946,158
9607,CA-2017-117128,21.6,6,0,9.936,1575
9631,CA-2016-168844,179.7,6,0,88.053,1648
9652,CA-2016-107104,595.38,6,0,297.69,1081
9676,US-2014-120175,64.02,6,0,29.4492,768
9682,CA-2017-122770,38.88,6,0,18.6624,868
9686,CA-2017-116498,35.1,6,0,10.179,634
9693,CA-2017-130148,31.08,6,0,15.2292,1274
9768,CA-2017-142328,50.04,6,0,25.02,1319
9856,CA-2014-120950,43.68,6,0,20.9664,58
9947,CA-2017-121559,1925.88,6,0,539.2464,629
1221,CA-2014-110184,249.75,9,0,44.955,18
626,CA-2015-138009,161.82,9,0,46.9278,31
1032,CA-2014-163552,124.11,9,0,52.1262,94
1167,CA-2015-125416,447.93,9,0,49.2723,101
123,CA-2016-103730,115.02,9,0,51.759,119
1512,CA-2017-100384,35.82,9,0,11.8206,183
210,CA-2017-135860,52.29,9,0,16.2099,197
1458,CA-2015-111297,52.2,9,0,23.49,328
411,CA-2017-117457,28.35,9,0,13.608,367
915,CA-2017-102519,143.73,9,0,56.0547,407
461,CA-2015-109638,899.91,9,0,377.9622,412
500,CA-2016-126158,69.3,9,0,22.869,445
761,CA-2015-112319,58.32,9,0,27.9936,495
803,CA-2016-136133,355.32,9,0,99.4896,649
1082,CA-2015-110016,1106.91,9,0,121.7601,819
1092,CA-2015-143490,120.15,9,0,33.642,825
1753,CA-2017-116715,559.62,9,0,151.0974,828
1245,CA-2017-133641,48.69,9,0,23.8581,905
1384,US-2016-108504,348.84,9,0,170.9316,977
1766,CA-2016-110254,109.8,9,0,46.116,1133
1775,CA-2014-118976,497.61,9,0,129.3786,1136
1778,CA-2015-105347,368.91,9,0,180.7659,1138
2021,CA-2016-168354,1606.23,9,0,481.869,523
2067,CA-2014-106439,251.91,9,0,47.8629,1141
2124,CA-2017-167381,27.72,9,0,13.3056,86
2131,US-2014-114188,38.52,9,0,11.9412,1265
2177,CA-2016-125738,60.12,9,0,28.8576,1094
2190,CA-2017-143063,1454.49,9,0,378.1674,299
2345,CA-2016-119025,490.32,9,0,137.2896,1323
2384,US-2017-117534,16.02,9,0,4.4856,1341
2392,US-2015-127040,1619.91,9,0,97.1946,1348
2405,CA-2017-108574,1115.91,9,0,200.8638,701
2437,CA-2017-140053,545.85,9,0,114.6285,72
2568,CA-2017-123967,2665.62,9,0,239.9058,1245
2713,CA-2017-146031,60.12,9,0,22.2444,160
2811,CA-2015-135685,179.82,9,0,84.5154,371
2861,CA-2017-138975,1628.82,9,0,374.6286,201
2944,CA-2017-126242,305.01,9,0,76.2525,300
2988,CA-2016-139269,1267.65,9,0,152.118,429
3165,CA-2014-153969,38.52,9,0,17.334,1470
3184,CA-2017-152912,1633.14,9,0,473.6106,247
3318,CA-2015-165057,181.35,9,0,48.9645,632
3345,CA-2016-145982,81.54,9,0,36.693,189
3410,CA-2016-100244,65.79,9,0,30.2634,1511
3432,CA-2017-148264,60.12,9,0,28.8576,658
3467,US-2015-147242,278.82,9,0,125.469,336
3477,CA-2014-143385,92.52,9,0,18.504,1404
3501,CA-2016-108616,25.92,9,0,7.776,132
3654,CA-2017-133004,638.73,9,0,166.0698,559
3683,CA-2015-132626,153.36,9,0,70.5456,829
3742,CA-2016-137848,60.12,9,0,28.8576,1296
3839,CA-2014-126760,134.01,9,0,36.1827,952
3867,CA-2015-132486,148.32,9,0,63.7776,684
3970,CA-2014-135090,53.82,9,0,24.219,1374
4018,CA-2015-165624,251.91,9,0,47.8629,1141
4042,CA-2014-110786,274.77,9,0,126.3942,942
4088,US-2014-156559,638.82,9,0,172.4814,1652
4133,CA-2014-128839,45,9,0,21.6,665
4142,US-2014-107699,57.42,9,0,26.4132,1217
4328,CA-2017-118360,42.93,9,0,19.3185,1466
4466,CA-2017-168641,16.38,9,0,7.371,860
4600,CA-2015-146948,137.25,9,0,63.135,376
4648,CA-2017-129357,440.19,9,0,206.8893,1717
4681,CA-2016-169215,29.61,9,0,13.3245,1336
4687,CA-2016-101987,440.91,9,0,123.4548,1720
4697,US-2015-138121,546.66,9,0,136.665,165
4858,CA-2015-137526,464.85,9,0,92.97,1733
4881,CA-2017-143567,2249.91,9,0,517.4793,1301
4940,CA-2015-156482,1268.82,9,0,266.4522,909
5043,CA-2016-158694,467.46,9,0,191.6586,695
5060,CA-2016-109722,584.82,9,0,70.1784,394
5130,CA-2014-160766,44.82,9,0,21.0654,1483
5386,CA-2017-152786,40.41,9,0,18.5886,1383
5580,CA-2017-137498,47.52,9,0,22.8096,1743
5612,CA-2017-121027,1496.16,9,0,224.424,583
5626,CA-2014-126683,2348.82,9,0,399.2994,981
5690,US-2015-138093,27.36,9,0,9.3024,1292
5725,CA-2015-103933,899.91,9,0,395.9604,1352
5732,CA-2017-143574,638.82,9,0,185.2578,1553
5795,CA-2014-124856,1395.54,9,0,362.8404,1469
5818,CA-2014-124730,93.15,9,0,44.712,324
5881,CA-2016-133935,368.91,9,0,180.7659,846
6092,CA-2017-100111,38.52,9,0,18.1044,1699
6190,CA-2016-157259,799.56,9,0,207.8856,1771
6221,US-2017-157224,56.7,9,0,26.082,927
6252,CA-2014-165806,58.32,9,0,27.9936,495
6498,CA-2015-103135,135.09,9,0,62.1414,496
6642,CA-2017-128328,133.2,9,0,66.6,1792
6737,CA-2016-123358,150.66,9,0,6.0264,1796
6777,US-2017-166037,449.91,9,0,157.4685,1244
6823,CA-2015-154291,98.46,9,0,49.23,471
6870,US-2016-126452,47.52,9,0,21.384,1638
6881,CA-2015-137113,1913.4,9,0,401.814,216
6967,CA-2016-157161,60.12,9,0,28.8576,1632
6978,CA-2017-155159,48.87,9,0,23.9463,364
7098,CA-2017-144596,318.96,9,0,149.9112,1763
7183,CA-2017-128853,908.82,9,0,227.205,39
7289,CA-2016-153661,305.01,9,0,76.2525,300
7291,CA-2016-153661,26.01,9,0,12.2247,266
7459,CA-2015-137974,523.26,9,0,125.5824,678
7462,CA-2015-138485,538.92,9,0,80.838,335
7474,CA-2014-167199,2573.82,9,0,746.4078,121
7487,US-2015-134558,2249.91,9,0,517.4793,1301
7568,CA-2014-133830,26.46,9,0,11.907,428
7625,CA-2015-136805,75.33,9,0,19.5858,912
7666,US-2016-140158,5399.91,9,0,2591.9568,308
7686,CA-2016-169838,1568.61,9,0,329.4081,622
7763,CA-2015-103093,74.52,9,0,35.0244,1471
7889,CA-2016-148684,19.89,9,0,5.3703,457
7937,CA-2017-166093,2518.29,9,0,654.7554,139
8056,CA-2015-121188,728.82,9,0,29.1528,463
8089,US-2015-117492,77.58,9,0,20.1708,23
8137,CA-2014-103219,56.52,9,0,21.4776,979
8187,CA-2016-127194,62.82,9,0,29.5254,163
8259,CA-2016-118101,368.91,9,0,180.7659,450
8295,CA-2016-166380,26.55,9,0,12.744,112
8308,CA-2016-149335,37.17,9,0,11.151,1034
8335,CA-2017-161655,299.52,9,0,149.76,1208
8790,CA-2015-169572,46.62,9,0,21.4452,1493
8888,CA-2017-103968,629.64,9,0,107.0388,589
8906,US-2016-126431,75.06,9,0,33.777,146
9158,CA-2014-134215,255.42,9,0,104.7222,727
9230,CA-2017-133718,58.32,9,0,27.9936,1087
9232,CA-2016-126732,94.68,9,0,31.2444,1183
9398,CA-2014-125997,1349.91,9,0,661.4559,1350
9407,CA-2017-162789,1071,9,0,171.36,1211
9450,CA-2017-145506,136.26,9,0,5.4504,469
9492,CA-2017-163188,38.16,9,0,19.08,16
9502,CA-2016-101329,32.13,9,0,8.3538,1773
9510,CA-2016-105263,38.34,9,0,15.7194,321
9610,CA-2016-130638,27.72,9,0,13.3056,1048
9635,CA-2014-151330,1628.82,9,0,260.6112,1716
9650,CA-2016-107104,37.17,9,0,10.4076,1586
9942,CA-2014-143371,998.82,9,0,29.9646,1459
150,CA-2016-114489,1951.84,8,0,585.552,2
187,CA-2014-123260,176.8,8,0,22.984,178
192,CA-2015-102281,51.84,8,0,24.8832,182
816,CA-2015-106565,51.84,8,0,24.8832,182
300,CA-2016-142545,1082.48,8,0,10.8248,275
1511,CA-2017-100384,385.6,8,0,111.824,283
360,CA-2017-155698,647.84,8,0,168.4384,323
365,CA-2017-144904,47.12,8,0,20.7328,327
417,CA-2017-122105,95.92,8,0,25.8984,372
427,CA-2017-149160,287.92,8,0,138.2016,382
567,CA-2017-156951,91.84,8,0,45.0016,501
1622,CA-2017-108560,786.48,8,0,385.3752,513
598,CA-2014-131450,327.76,8,0,91.7728,519
1720,CA-2016-169943,39.76,8,0,12.3256,532
654,CA-2017-140844,103.12,8,0,10.312,558
728,US-2016-150861,182.72,8,0,84.0512,606
791,CA-2015-115938,43.04,8,0,21.0896,642
894,CA-2017-133256,543.92,8,0,135.98,710
899,CA-2017-160983,46.96,8,0,22.5408,713
1023,CA-2015-124450,1379.92,8,0,648.5624,782
1137,CA-2016-152170,287.52,8,0,129.384,849
1796,US-2017-139465,63.84,8,0,16.5984,869
1786,CA-2017-166317,33.04,8,0,15.5288,871
1316,CA-2016-145919,183.84,8,0,62.5056,944
1340,CA-2017-100524,75.04,8,0,36.0192,954
1741,CA-2014-110527,20.88,8,0,9.6048,957
1377,CA-2014-126361,447.84,8,0,219.4416,973
1455,CA-2016-133711,3040,8,0,1459.2,1008
1792,CA-2014-120474,2807.84,8,0,673.8816,1142
1831,CA-2017-145884,1439.92,8,0,374.3792,1160
1906,CA-2017-154410,909.12,8,0,9.0912,421
1936,CA-2017-101245,166.16,8,0,59.8176,1207
2096,US-2016-146570,511.84,8,0,240.5648,1253
2179,CA-2016-125738,71.6,8,0,32.936,425
2185,CA-2016-128818,63.68,8,0,28.0192,746
2237,CA-2015-145849,24.32,8,0,8.2688,1292
2410,CA-2017-155985,211.84,8,0,76.2624,1103
2431,CA-2017-100748,58.48,8,0,27.4856,3
2455,CA-2017-140949,71.6,8,0,13.604,1054
2456,CA-2017-140949,107.44,8,0,27.9344,1041
2496,CA-2014-136644,647.84,8,0,32.392,408
2507,CA-2014-143917,77.92,8,0,34.2848,223
2569,CA-2017-148929,478.08,8,0,133.8624,43
2580,US-2014-155502,489.92,8,0,0,861
2594,CA-2017-128300,327.84,8,0,157.3632,807
2625,CA-2017-127180,2399.6,8,0,647.892,722
2874,CA-2017-137022,811.28,8,0,24.3384,542
2962,CA-2017-143665,39.28,8,0,19.2472,1134
3065,CA-2017-106859,90.8,8,0,25.424,76
3079,CA-2014-104780,31.84,8,0,10.5072,183
3111,CA-2016-121671,51.84,8,0,25.4016,553
3206,CA-2014-158372,62.24,8,0,28.008,571
3208,CA-2014-158372,39.84,8,0,18.3264,1530
3272,CA-2015-155145,7.92,8,0,3.4848,1445
3421,CA-2016-134803,182.72,8,0,84.0512,1287
3523,CA-2016-137673,116,8,0,29,176
3527,CA-2017-148922,45.84,8,0,22.0032,1570
3549,CA-2017-155292,30,8,0,14.4,1573
3580,CA-2016-104157,2430.08,8,0,388.8128,337
3632,CA-2017-132178,763.44,8,0,45.8064,627
3892,US-2016-163881,559.92,8,0,190.3728,1531
3974,CA-2016-167556,414,8,0,124.2,29
4417,CA-2017-112900,478.24,8,0,219.9904,989
4596,CA-2016-140564,33.92,8,0,13.2288,759
4610,US-2017-141852,47.12,8,0,20.7328,327
4639,CA-2016-102162,1599.92,8,0,751.9624,1715
4851,CA-2014-107818,303.84,8,0,91.152,109
5131,CA-2017-146626,101.12,8,0,37.4144,1322
5142,CA-2016-111213,63.84,8,0,18.5136,1464
5161,CA-2014-111192,1367.84,8,0,259.8896,1550
5294,CA-2017-144883,50.4,8,0,23.184,1758
5297,CA-2017-108791,543.92,8,0,135.98,710
5353,US-2016-101616,87.28,8,0,41.0216,640
5926,US-2014-118997,1215.92,8,0,316.1392,1778
6183,CA-2015-158421,887.84,8,0,17.7568,17
6216,CA-2015-161711,62.24,8,0,29.2528,844
6241,CA-2017-141572,247.44,8,0,101.4504,1455
6254,CA-2015-151624,21.36,8,0,8.1168,1592
6290,US-2015-139675,327.76,8,0,91.7728,519
6364,CA-2017-110443,51.84,8,0,24.8832,1752
6399,CA-2017-151981,24.64,8,0,11.8272,1048
6574,CA-2016-160535,319.92,8,0,118.3704,1824
6575,CA-2017-123085,1049.44,8,0,440.7648,1566
6601,CA-2014-154095,239.84,8,0,64.7568,1155
6623,CA-2014-130449,58.48,8,0,27.4856,579
6781,US-2016-147711,58.48,8,0,27.4856,682
6861,CA-2017-128965,23.04,8,0,11.2896,1197
6884,CA-2015-120677,2567.84,8,0,770.352,1497
6889,CA-2017-164756,95.68,8,0,26.7904,181
7163,CA-2014-122070,247.84,8,0,121.4416,1525
7233,CA-2016-137337,113.6,8,0,44.304,381
7355,CA-2015-139780,116.4,8,0,52.38,948
7408,CA-2016-129728,167.84,8,0,11.7488,1499
7464,CA-2016-103709,34.24,8,0,15.408,1555
7466,CA-2016-138282,87.84,8,0,23.7168,1672
7579,CA-2015-123113,2625.12,8,0,735.0336,1770
7632,US-2017-158526,1207.84,8,0,314.0384,293
7688,CA-2016-169838,160,8,0,62.4,1857
7819,CA-2017-150469,11.84,8,0,5.6832,1095
7896,CA-2017-124744,447.84,8,0,219.4416,368
7909,CA-2016-149762,21.92,8,0,5.9184,451
8013,CA-2017-120168,120,8,0,13.2,47
8449,CA-2017-125451,43.44,8,0,21.2856,364
8489,CA-2016-158841,36.4,8,0,18.2,250
8553,US-2017-102904,239.92,8,0,23.992,707
8757,CA-2016-114307,51.84,8,0,24.8832,262
8761,CA-2016-159891,125.36,8,0,58.9192,1375
8908,CA-2015-109603,182.72,8,0,84.0512,1287
9004,CA-2015-102855,23.84,8,0,6.4368,1730
9090,US-2017-148831,348.56,8,0,104.568,124
9204,CA-2016-104689,23.04,8,0,6.912,132
9206,CA-2016-146423,51.84,8,0,24.8832,1752
9250,CA-2016-105354,115.84,8,0,54.4448,502
9323,CA-2017-121853,211.04,8,0,97.0784,963
9348,CA-2016-114860,842.72,8,0,202.2528,1838
9632,CA-2017-154809,90.64,8,0,38.9752,1212
9683,CA-2017-122770,201.04,8,0,54.2808,1281
9731,CA-2017-124261,34.24,8,0,9.9296,1056
9857,CA-2015-164301,3393.68,8,0,610.8624,414
9948,CA-2017-121559,2405.2,8,0,793.716,229
140,CA-2016-145583,43.12,14,0,20.6976,51
652,CA-2016-132661,379.4,10,0,178.318,68
1434,CA-2014-120768,1819.86,14,0,163.7874,71
148,CA-2016-114489,384.45,11,0,103.8015,141
1251,CA-2017-115602,1704.56,13,0,511.368,166
1712,CA-2017-123491,1702.12,14,0,510.636,168
1014,US-2015-126214,1618.37,13,0,356.0414,211
252,CA-2016-145625,3347.37,13,0,636.0003,219
1597,CA-2017-132234,547.3,13,0,175.136,455
576,CA-2015-149713,160.72,14,0,78.7528,501
1430,US-2015-164448,427.42,14,0,196.6132,586
751,CA-2017-126074,157.74,11,0,56.7864,619
857,CA-2014-125612,102.3,10,0,26.598,688
887,CA-2017-115364,83.76,12,0,1.6752,706
1349,CA-2014-118339,53.4,10,0,25.098,960
2063,CA-2014-106439,64.74,13,0,30.4278,1242
2211,CA-2014-125556,43.8,10,0,21.024,238
2325,CA-2015-109470,364.8,12,0,167.808,1009
2583,US-2014-155502,155.35,13,0,0,1395
2661,CA-2017-123372,1979.89,11,0,494.9725,1419
2751,CA-2014-154669,423.28,11,0,110.0528,1444
2782,CA-2017-146724,22,10,0,9.68,210
2895,CA-2017-139913,69.08,11,0,29.0136,1468
3058,CA-2017-131492,31.5,10,0,15.12,1052
3213,CA-2014-142314,207.24,11,0,58.0272,556
3296,CA-2017-113418,1704.89,11,0,767.2005,1542
3426,CA-2015-153381,1408.1,10,0,394.268,1164
3441,CA-2014-158337,108.92,14,0,49.014,571
3574,CA-2017-117023,104.8,10,0,26.2,1578
3590,CA-2017-146535,1443.96,12,0,375.4296,779
3662,US-2017-129777,258.9,10,0,93.204,1124
3902,US-2015-119312,270.34,14,0,75.6952,1231
4000,CA-2014-116834,63.47,11,0,19.041,1148
4009,CA-2017-144463,474.43,11,0,199.2606,1646
4048,US-2015-166520,599.9,10,0,191.968,884
4366,CA-2017-111332,21.5,10,0,7.095,1562
4579,US-2014-150126,65.78,11,0,32.2322,1707
4678,CA-2014-114510,82.8,12,0,6.624,1719
4806,CA-2015-137708,42.8,10,0,19.26,1470
5300,CA-2016-113831,2275.5,10,0,386.835,1353
5397,CA-2016-145492,39,12,0,11.31,191
5524,CA-2016-147123,80.28,12,0,36.9288,1080
5622,US-2016-124163,68.64,11,0,17.16,1486
5646,CA-2015-104241,192.22,14,0,69.1992,1011
5925,CA-2017-150420,1099.5,10,0,362.835,999
5940,CA-2017-112431,435.84,12,0,130.752,482
6158,CA-2016-104150,167.28,12,0,23.4192,1808
6233,US-2017-142188,71.28,11,0,34.2144,516
6499,CA-2015-103135,279.86,14,0,64.3678,1246
6517,US-2017-116652,99.3,10,0,41.706,1078
6628,CA-2015-135489,279.86,14,0,134.3328,224
6692,CA-2017-160899,477.51,11,0,219.6546,1326
6860,CA-2017-128965,274.89,11,0,46.7313,612
7168,CA-2014-117464,236.5,10,0,68.585,395
7341,CA-2014-116190,162.89,13,0,76.5583,50
7371,US-2017-123862,153.78,11,0,44.5962,5
7387,CA-2016-105732,1336.44,14,0,387.5676,36
7843,CA-2014-158470,71.28,11,0,34.2144,56
7846,CA-2015-125976,1871.88,12,0,561.564,500
7941,CA-2016-146325,134.8,10,0,35.048,148
8006,CA-2016-139808,93.36,12,0,0.9336,1528
8019,CA-2017-167227,83.9,10,0,20.975,1640
8225,CA-2017-104136,189.7,10,0,91.056,276
8348,US-2015-115238,209.5,10,0,58.66,1030
8431,CA-2017-155621,274.2,10,0,112.422,913
8484,CA-2017-142391,199.8,10,0,71.928,566
8508,CA-2015-135853,175.23,11,0,61.3305,795
8515,CA-2015-122168,35.76,12,0,10.0128,80
8870,CA-2017-101805,70.68,12,0,31.0992,327
8879,US-2015-107944,192.72,11,0,92.5056,1324
9039,CA-2016-117121,9892.74,13,0,4946.37,698
9148,US-2016-165505,1564.29,13,0,406.7154,779
9157,CA-2014-134215,259.74,13,0,124.6752,1701
9168,CA-2016-140571,319.76,14,0,147.0896,606
9499,CA-2017-118213,67.8,10,0,31.188,997
9692,CA-2015-107902,470.36,11,0,122.2936,1371
9732,CA-2014-114321,500.24,13,0,145.0696,1484
9882,CA-2014-153927,272.61,13,0,98.1396,925
9941,CA-2017-164028,223.58,14,0,87.1962,407
9984,CA-2015-100251,31.5,10,0,15.12,367
1049,CA-2014-139192,1113.504,12,0.2,125.2692,40
114,CA-2014-115259,40.096,14,0.2,14.5348,111
343,CA-2014-122336,30.992,13,0.2,10.0724,129
1247,CA-2014-168494,3610.848,12,0.2,135.4068,217
747,CA-2014-124429,567.12,10,0.2,-28.356,225
330,US-2016-141544,100.24,10,0.2,33.831,302
376,US-2014-119137,479.04,10,0.2,-29.94,335
661,CA-2015-146563,724.08,14,0.2,-135.765,562
1296,CA-2015-138898,845.728,13,0.2,84.5728,729
1109,US-2016-110156,58.368,12,0.2,21.888,836
1756,CA-2015-135622,360.712,11,0.2,130.7581,846
1357,US-2014-160444,281.424,11,0.2,-35.178,919
2215,CA-2017-129378,61.776,13,0.2,20.8494,307
2407,CA-2017-108574,79.92,10,0.2,26.973,314
2419,CA-2016-107202,2396.4,10,0.2,179.73,1351
2427,US-2017-147669,39.312,13,0.2,12.7764,1239
2618,CA-2017-147942,121.68,13,0.2,38.025,679
2794,CA-2014-154599,1075.088,14,0.2,94.0702,670
2948,CA-2017-169859,64.96,14,0.2,22.736,1478
3025,CA-2015-164441,52.272,11,0.2,17.6418,307
3170,CA-2016-138695,62.192,13,0.2,19.435,461
3624,CA-2017-113530,681.408,12,0.2,42.588,479
3668,CA-2014-129364,103.92,10,0.2,-18.186,1441
3826,CA-2014-132801,107.44,10,0.2,10.744,232
3969,US-2015-163685,42.24,10,0.2,13.2,1638
4053,CA-2014-122931,55.44,11,0.2,18.018,1649
4067,CA-2014-102673,47.808,12,0.2,15.5376,1151
4270,CA-2015-166975,692.472,11,0.2,190.4298,1668
4297,CA-2017-129021,4367.896,13,0.2,327.5922,1481
4482,CA-2016-109365,43.584,12,0.2,15.7992,110
4847,CA-2014-164469,71.632,11,0.2,17.908,361
4866,CA-2017-122490,563.024,11,0.2,190.0206,1253
5443,CA-2015-148712,62.296,13,0.2,21.0249,1131
5668,CA-2016-142405,53.984,14,0.2,17.5448,549
5977,CA-2017-116953,552,10,0.2,34.5,304
6185,CA-2015-138331,106.8,10,0.2,10.68,825
6472,CA-2014-151897,100.24,10,0.2,33.831,302
6488,CA-2015-120621,295.456,14,0.2,96.0232,147
6535,CA-2014-128209,4007.84,10,0.2,-50.098,1260
6925,CA-2015-137925,681.408,12,0.2,42.588,1567
7206,CA-2017-137414,369.16,11,0.2,32.3015,1827
7211,US-2016-119046,51.648,12,0.2,18.7224,62
7276,CA-2014-120670,799.92,10,0.2,239.976,1352
7602,CA-2014-131947,55.92,10,0.2,16.776,61
7997,US-2017-105998,1673.184,12,0.2,20.9148,622
8084,CA-2015-150714,718.64,10,0.2,-161.694,438
8121,CA-2016-116722,31.504,11,0.2,11.0264,177
8139,CA-2016-102561,284.08,10,0.2,24.857,848
8413,CA-2016-147109,51.84,10,0.2,18.144,1204
8436,CA-2015-151470,45.584,11,0.2,16.5242,1521
8521,CA-2016-141887,54.992,14,0.2,8.9362,883
8569,CA-2016-162390,222.352,13,0.2,77.8232,95
8642,CA-2015-108259,31.504,11,0.2,11.814,296
8830,CA-2016-167983,33.44,10,0.2,11.704,814
8849,CA-2015-140718,159.84,10,0.2,45.954,899
8935,CA-2017-130036,1119.888,14,0.2,209.979,297
9063,US-2014-151015,322.192,13,0.2,100.685,1338
9515,CA-2014-154165,54.208,14,0.2,8.8088,1170
9723,CA-2014-101364,296.712,13,0.2,100.1403,703
9820,CA-2015-162201,42.24,10,0.2,13.2,1768
9895,CA-2014-115049,153.824,11,0.2,38.456,1590
9979,US-2016-103674,437.472,14,0.2,153.1152,1801
11,CA-2014-115812,1706.184,9,0.2,85.3092,11
38,CA-2015-117415,113.328,9,0.2,35.415,37
549,CA-2015-113173,250.272,9,0.2,15.642,55
133,US-2017-164147,21.456,9,0.2,6.9732,129
543,US-2015-120161,646.776,9,0.2,-145.5246,438
609,US-2014-105767,21.168,9,0.2,2.3814,458
619,CA-2017-117947,107.424,9,0.2,33.57,533
1560,CA-2016-126809,35.352,9,0.2,12.8151,702
1053,US-2015-153500,282.888,9,0.2,56.5776,802
1198,CA-2016-130946,431.928,9,0.2,64.7892,884
1445,CA-2016-133725,1979.928,9,0.2,148.4946,911
1501,CA-2017-130386,223.06,9,0.2,69.705,1029
1923,CA-2016-156685,863.64,9,0.2,107.955,1202
2140,CA-2014-159520,149.544,9,0.2,50.4711,352
2374,CA-2016-159940,23.688,9,0.2,7.6986,1139
2517,CA-2014-128888,604.656,9,0.2,204.0714,980
2525,CA-2015-124541,42.048,9,0.2,5.256,517
2685,CA-2017-137085,312.552,9,0.2,101.5794,1326
3210,CA-2016-108882,377.928,9,0.2,141.723,67
3339,US-2017-109253,117.144,9,0.2,42.4647,1548
3358,CA-2017-100335,73.008,9,0.2,26.4654,893
3378,CA-2016-100671,111.672,9,0.2,6.9795,1554
3381,CA-2017-103156,24.048,9,0.2,7.2144,1556
3516,US-2016-113649,30.816,9,0.2,9.63,1022
3600,CA-2017-138310,431.928,9,0.2,64.7892,884
3768,CA-2014-153913,1013.832,9,0.2,101.3832,1164
3825,CA-2015-140984,12.96,9,0.2,4.536,757
4063,US-2014-130358,20.016,9,0.2,1.7514,1650
4068,CA-2014-102673,978.84,9,0.2,110.1195,1651
4080,CA-2016-140417,60.048,9,0.2,22.518,1319
4165,US-2017-106131,168.624,9,0.2,14.7546,1259
4179,US-2017-119039,14.976,9,0.2,5.4288,74
4235,CA-2014-168823,20.808,9,0.2,7.0227,873
4272,US-2017-158505,71.928,9,0.2,6.2937,1582
4291,CA-2017-102407,896.328,9,0.2,22.4082,211
4488,CA-2015-162621,69.12,9,0.2,-14.688,1533
4615,CA-2016-144540,28.44,9,0.2,4.266,1452
4682,CA-2016-127698,863.928,9,0.2,86.3928,1222
4788,CA-2015-104346,52.416,9,0.2,15.0696,1037
4804,CA-2017-136364,91.008,9,0.2,19.3392,1322
4958,CA-2015-127607,18.864,9,0.2,6.1308,1740
4975,CA-2015-142202,717.12,9,0.2,152.388,776
5107,CA-2017-132213,42.048,9,0.2,5.256,517
5119,CA-2015-127173,79.056,9,0.2,28.6578,1055
5285,CA-2017-105991,21.24,9,0.2,7.434,112
5315,CA-2016-154060,187.056,9,0.2,11.691,799
5350,US-2017-103814,143.856,9,0.2,48.5514,687
5640,CA-2014-147900,28.8,9,0.2,10.08,1762
5662,CA-2016-108875,511.056,9,0.2,-95.823,1053
5882,CA-2016-133935,885.528,9,0.2,-99.6219,819
5900,CA-2015-146465,24.192,9,0.2,7.56,477
5961,CA-2014-140732,575.928,9,0.2,57.5928,521
6080,CA-2017-154676,151.056,9,0.2,7.5528,1233
6083,US-2016-132577,23.616,9,0.2,2.6568,1637
6209,CA-2017-119809,2793.528,9,0.2,942.8157,766
6266,CA-2014-146731,143.856,9,0.2,48.5514,687
6270,CA-2017-102379,1159.056,9,0.2,43.4646,1605
6868,US-2016-126452,2887.056,9,0.2,180.441,1399
7022,CA-2014-124737,143.64,9,0.2,10.773,427
7024,CA-2014-124737,223.056,9,0.2,69.705,1040
7056,CA-2016-165330,122.688,9,0.2,39.8736,829
7068,CA-2016-114209,82.656,9,0.2,30.996,699
7078,CA-2016-106950,309.456,9,0.2,34.8138,1448
7084,CA-2017-118724,1626.192,9,0.2,121.9644,953
7106,CA-2017-128944,122.328,9,0.2,1.5291,1645
7398,CA-2014-124807,35.856,9,0.2,12.9978,1060
7590,CA-2016-158778,58.248,9,0.2,11.6496,75
7606,CA-2016-101791,1297.368,9,0.2,97.3026,740
7684,CA-2015-116876,26.424,9,0.2,9.5787,1845
7737,CA-2017-108287,12.672,9,0.2,1.4256,1049
7821,CA-2016-169334,111.672,9,0.2,6.9795,1554
8017,US-2014-131870,30.816,9,0.2,2.6964,1015
8044,CA-2017-165008,295.056,9,0.2,106.9578,103
8275,CA-2015-143882,43.056,9,0.2,15.6078,100
8556,CA-2015-117884,150.408,9,0.2,-33.8418,1783
8558,CA-2016-132829,45.36,9,0.2,14.742,1649
8721,CA-2016-120824,67.536,9,0.2,6.7536,1201
8892,CA-2015-111038,2676.672,9,0.2,267.6672,881
8911,CA-2017-102610,143.928,9,0.2,-32.3838,1810
8969,CA-2017-157469,19.728,9,0.2,1.7262,451
9143,US-2017-166688,1123.128,9,0.2,70.1955,1840
9485,CA-2016-164770,30.816,9,0.2,9.63,1128
9660,CA-2016-160717,3023.928,9,0.2,226.7946,1481
9680,CA-2015-130113,668.16,9,0.2,75.168,926
9777,CA-2014-169019,431.136,9,0.2,-26.946,335
68,CA-2014-106376,1113.024,8,0.2,111.3024,66
73,US-2015-134026,831.936,8,0.2,-114.3912,71
818,CA-2014-140858,41.472,8,0.2,14.5152,89
107,CA-2017-119004,74.112,8,0.2,17.6016,104
230,US-2015-145436,389.696,8,0.2,43.8408,214
1260,US-2016-168620,255.68,8,0.2,76.704,242
291,CA-2016-110772,18.496,8,0.2,6.2424,266
294,CA-2014-111451,300.416,8,0.2,78.8592,269
695,CA-2015-119291,198.272,8,0.2,17.3488,292
374,US-2014-119137,1023.936,8,0.2,179.1888,333
1524,CA-2015-144806,198.272,8,0.2,61.96,336
710,CA-2014-112158,46.72,8,0.2,15.768,349
439,CA-2017-130043,31.872,8,0.2,11.5536,391
497,CA-2016-126158,119.616,8,0.2,40.3704,443
542,CA-2016-136924,380.864,8,0.2,38.0864,481
672,US-2017-106663,36.352,8,0.2,11.36,568
1335,CA-2014-121664,140.736,8,0.2,52.776,721
934,CA-2016-140081,45.056,8,0.2,15.2064,734
1190,CA-2017-117212,889.536,8,0.2,66.7152,880
1222,CA-2014-110184,255.936,8,0.2,28.7928,892
1731,CA-2014-125136,96.256,8,0.2,31.2832,1122
1951,CA-2017-157987,26.432,8,0.2,8.9208,933
2223,CA-2015-131884,37.376,8,0.2,4.672,517
2281,CA-2017-142622,614.272,8,0.2,-23.0352,1002
2471,US-2016-135923,14.272,8,0.2,4.2816,1364
2550,US-2015-128090,313.024,8,0.2,105.6456,1195
2645,CA-2016-149111,18.624,8,0.2,6.2856,399
2768,CA-2017-167752,1924.16,8,0.2,312.676,229
2779,CA-2017-108322,23.68,8,0.2,6.216,347
2825,US-2014-112914,33.792,8,0.2,10.56,1456
3017,US-2016-160528,727.296,8,0.2,-172.7328,421
3044,CA-2017-149559,2054.272,8,0.2,256.784,1497
3062,CA-2017-127621,26.88,8,0.2,9.744,801
3066,CA-2017-106859,140.736,8,0.2,49.2576,728
3096,CA-2015-114468,12.032,8,0.2,2.256,1024
3169,CA-2016-138695,390.272,8,0.2,-24.392,1236
3203,CA-2014-158372,601.536,8,0.2,60.1536,544
3329,CA-2014-165309,262.336,8,0.2,95.0968,1544
3544,CA-2017-121216,28.672,8,0.2,10.3936,1066
3552,CA-2016-152555,812.736,8,0.2,60.9552,145
3621,CA-2016-109743,63.936,8,0.2,5.5944,1582
3722,CA-2017-144036,35.712,8,0.2,2.232,313
4102,US-2017-102288,146.176,8,0.2,47.5072,1276
4119,CA-2015-153416,91.392,8,0.2,29.7024,278
4349,CA-2017-169894,415.872,8,0.2,-41.5872,394
4519,CA-2017-107167,1347.52,8,0.2,84.22,1700
4582,CA-2016-121993,23.616,8,0.2,7.9704,1675
4771,US-2014-167262,742.336,8,0.2,83.5128,40
4992,CA-2015-153038,55.936,8,0.2,18.8784,761
4993,CA-2015-153038,18.432,8,0.2,5.9904,1251
5031,CA-2017-139304,119.616,8,0.2,40.3704,443
5360,US-2017-126060,198.272,8,0.2,-32.2192,936
5382,CA-2016-149195,15.808,8,0.2,5.3352,1110
5459,CA-2017-116680,1478.272,8,0.2,92.392,1775
6014,CA-2016-159016,4158.912,8,0.2,363.9048,1159
6024,CA-2017-139717,646.272,8,0.2,64.6272,1754
6056,CA-2016-113551,83.84,8,0.2,30.392,1421
6066,CA-2015-151547,88.96,8,0.2,10.008,1216
6067,CA-2017-166695,518.272,8,0.2,-97.176,408
6120,CA-2017-143378,409.216,8,0.2,61.3824,444
6309,CA-2016-163328,629.184,8,0.2,228.0792,513
6380,US-2014-163797,49.792,8,0.2,-11.8256,1528
6385,US-2017-104661,62.592,8,0.2,13.3008,1627
6423,CA-2015-149650,454.272,8,0.2,-73.8192,370
6710,CA-2016-149503,273.92,8,0.2,99.296,1171
6813,CA-2017-156237,127.936,8,0.2,4.7976,1834
7192,CA-2016-116918,30.976,8,0.2,5.0336,1170
7248,US-2014-127978,44.672,8,0.2,-10.0512,706
7269,CA-2016-133368,315.776,8,0.2,31.5776,1850
7313,CA-2015-162761,37.376,8,0.2,7.4752,1691
7364,CA-2016-127243,12.672,8,0.2,2.6928,1250
7789,US-2016-117037,30.528,8,0.2,9.54,1466
7882,CA-2017-118017,102.336,8,0.2,14.0712,1108
7939,CA-2017-166093,221.056,8,0.2,77.3696,661
7965,CA-2017-104864,41.472,8,0.2,14.5152,1176
8079,US-2016-164945,134.272,8,0.2,46.9952,303
8138,CA-2016-102561,11.264,8,0.2,1.2672,831
8243,CA-2014-109897,806.336,8,0.2,50.396,1439
8255,CA-2017-152310,242.624,8,0.2,27.2952,534
8284,CA-2015-154284,637.44,8,0.2,135.456,776
8318,CA-2017-130904,20.992,8,0.2,2.3616,1221
8492,CA-2015-109190,60.736,8,0.2,20.4984,1614
8699,CA-2017-119284,2239.936,8,0.2,223.9936,760
8700,CA-2017-119284,76.608,8,0.2,6.7032,362
8704,CA-2016-111318,115.136,8,0.2,11.5136,1795
8718,CA-2016-120824,11.264,8,0.2,3.9424,1286
8777,CA-2016-102813,41.472,8,0.2,14.5152,1460
9310,US-2016-102141,146.688,8,0.2,45.84,716
9385,CA-2017-163097,120.576,8,0.2,33.1584,1166
9392,CA-2015-130848,582.336,8,0.2,-29.1168,1475
9490,CA-2017-111738,2022.272,8,0.2,682.5168,385
9600,CA-2017-107797,41.472,8,0.2,14.5152,1485
9840,US-2016-125402,44.736,8,0.2,4.4736,1738
9925,CA-2015-159534,1087.936,8,0.2,353.5792,14
36,CA-2016-117590,1097.544,7,0.2,123.4737,35
84,CA-2015-149734,200.984,7,0.2,62.8075,82
697,CA-2015-119291,200.984,7,0.2,62.8075,82
89,CA-2016-159695,158.368,7,0.2,13.8572,87
100,CA-2016-158568,64.624,7,0.2,22.6184,97
128,US-2017-107272,243.992,7,0.2,30.499,124
174,CA-2014-118962,340.144,7,0.2,21.259,165
182,CA-2014-166191,408.744,7,0.2,76.6395,173
431,US-2016-123750,408.744,7,0.2,76.6395,173
1546,CA-2014-150245,1573.488,7,0.2,196.686,180
205,CA-2017-126382,35.168,7,0.2,9.6712,193
282,US-2015-161991,1114.4,7,0.2,376.11,258
290,CA-2016-110772,19.096,7,0.2,6.6836,265
573,CA-2017-164826,33.264,7,0.2,11.2266,307
409,CA-2017-117457,1004.024,7,0.2,-112.9527,365
438,CA-2016-147375,313.488,7,0.2,113.6394,368
874,CA-2014-148488,106.344,7,0.2,37.2204,415
1804,CA-2017-158379,4663.736,7,0.2,-1049.3406,470
561,CA-2017-118731,84.056,7,0.2,27.3182,496
568,CA-2017-156951,81.088,7,0.2,27.3672,502
660,CA-2015-146563,999.432,7,0.2,124.929,523
1745,CA-2017-152807,442.4,7,0.2,-55.3,557
725,CA-2016-114713,45.584,7,0.2,5.1282,603
777,CA-2014-165974,32.76,7,0.2,3.6855,634
1478,CA-2016-121958,52.136,7,0.2,5.8653,666
1361,CA-2017-125199,123.256,7,0.2,9.2442,672
1154,CA-2017-160395,159.768,7,0.2,53.9217,703
1520,CA-2017-116204,21.336,7,0.2,7.7343,739
948,US-2017-110576,516.488,7,0.2,-12.9122,743
1039,CA-2017-121818,23.968,7,0.2,2.6964,793
1063,CA-2015-161263,10.416,7,0.2,-2.2134,809
1096,CA-2017-160423,348.208,7,0.2,30.4682,828
1496,CA-2017-152485,10.192,7,0.2,3.185,860
1185,CA-2014-127131,12.096,7,0.2,4.2336,878
1806,US-2016-116729,2575.944,7,0.2,257.5944,891
1306,CA-2016-101966,419.944,7,0.2,52.493,938
1884,CA-2016-118570,217.056,7,0.2,78.6828,977
1414,CA-2014-146640,334.768,7,0.2,108.7996,989
1417,CA-2015-126697,946.344,7,0.2,118.293,991
1487,CA-2015-140410,1212.848,7,0.2,106.1242,1025
1591,US-2016-132423,33.488,7,0.2,5.8604,1064
1835,CA-2017-162691,36.288,7,0.2,12.7008,1162
1912,CA-2017-121503,273.896,7,0.2,92.4399,1195
1939,CA-2016-112109,33.488,7,0.2,-1.2558,1209
1972,CA-2017-140242,408.744,7,0.2,76.6395,173
2044,US-2017-158946,38.864,7,0.2,7.7728,932
2049,CA-2015-142237,289.8,7,0.2,36.225,29
2075,CA-2017-122504,761.544,7,0.2,66.6351,1247
2080,CA-2015-120103,106.232,7,0.2,37.1812,1248
2100,CA-2017-124401,279.944,7,0.2,80.4839,1146
2135,CA-2015-122210,10.584,7,0.2,-2.3814,978
2145,CA-2016-155481,16.688,7,0.2,5.4236,129
2180,CA-2016-128818,85.232,7,0.2,30.8966,340
2241,CA-2016-146633,38.136,7,0.2,13.3476,1295
2258,CA-2017-105214,1212.96,7,0.2,90.972,380
2382,CA-2016-118052,54.712,7,0.2,11.6263,1339
2406,CA-2017-108574,128.744,7,0.2,-28.9674,465
2424,US-2017-147669,158.928,7,0.2,41.7186,727
2542,CA-2016-144792,111.888,7,0.2,22.3776,566
2555,CA-2016-118626,705.544,7,0.2,70.5544,1387
2573,CA-2016-155845,1399.944,7,0.2,52.4979,1301
2770,US-2015-122140,50.12,7,0.2,-0.6265,1054
2777,CA-2015-127019,60.984,7,0.2,4.5738,939
2789,US-2014-117744,16.464,7,0.2,1.4406,136
2796,CA-2014-154599,18.088,7,0.2,6.5569,512
2842,US-2017-135062,229.544,7,0.2,83.2097,846
2877,US-2016-167339,1013.488,7,0.2,76.0116,325
2904,CA-2016-153577,37.464,7,0.2,12.1758,1080
2921,CA-2016-160129,70.448,7,0.2,12.3284,990
2937,US-2016-169040,47.208,7,0.2,15.3426,680
2992,CA-2016-139010,31.248,7,0.2,10.9368,79
3019,US-2016-160528,666.4,7,0.2,-33.32,1211
3048,CA-2014-137351,43.176,7,0.2,13.4925,9
3154,CA-2015-147830,262.864,7,0.2,69.0018,269
3200,CA-2017-164000,18.704,7,0.2,2.338,1431
3240,US-2016-127971,122.92,7,0.2,46.095,1535
3320,CA-2014-134551,43.512,7,0.2,3.8073,1047
3511,CA-2014-166863,509.488,7,0.2,-127.372,73
3628,CA-2014-169726,2060.744,7,0.2,643.9825,1520
3630,CA-2017-155957,213.136,7,0.2,23.9778,518
3638,CA-2016-145177,148.288,7,0.2,29.6576,1103
3640,CA-2016-145177,178.92,7,0.2,-29.0745,1584
3664,CA-2014-129364,27.888,7,0.2,9.0636,645
3709,CA-2014-120544,5.544,7,0.2,1.6632,1445
3755,CA-2016-116799,42.784,7,0.2,15.5092,834
3757,CA-2016-111283,111.104,7,0.2,8.3328,1522
3776,US-2014-102715,335.944,7,0.2,41.993,1607
3858,CA-2014-140816,447.944,7,0.2,89.5888,1621
3869,CA-2015-132486,191.968,7,0.2,16.7972,885
3893,US-2016-144547,279.944,7,0.2,48.9902,654
3903,CA-2015-167010,98.112,7,0.2,18.396,1311
3930,CA-2016-162082,145.544,7,0.2,16.3737,1072
3975,CA-2016-167556,41.328,7,0.2,14.9814,784
4026,CA-2017-139311,9.184,7,0.2,2.87,1210
4058,CA-2015-124058,72.744,7,0.2,-15.4581,720
4164,US-2017-106131,169.064,7,0.2,-14.7931,26
4237,CA-2017-104024,9.408,7,0.2,0.7056,1670
4251,CA-2015-155068,55.944,7,0.2,-13.2867,1147
4303,CA-2016-121601,59.752,7,0.2,19.4194,768
4308,CA-2014-125829,666.344,7,0.2,66.6344,1283
4436,CA-2016-163398,27.384,7,0.2,2.7384,1689
4493,CA-2014-150798,36.288,7,0.2,12.7008,1204
4503,US-2014-138247,173.656,7,0.2,17.3656,1698
4517,US-2016-128678,48.664,7,0.2,15.8158,535
4545,CA-2015-126557,537.544,7,0.2,53.7544,1506
4605,US-2015-113327,167.944,7,0.2,50.3832,248
4659,CA-2015-112130,18.2,7,0.2,2.0475,191
4686,CA-2016-159912,10.584,7,0.2,-2.3814,978
4712,CA-2014-108273,36.288,7,0.2,12.7008,822
4728,CA-2014-123323,123.144,7,0.2,46.179,721
4782,CA-2014-159310,40.712,7,0.2,3.5623,520
4859,CA-2017-136063,10.192,7,0.2,1.0192,1073
4870,CA-2017-131366,229.544,7,0.2,83.2097,1138
4910,CA-2017-127306,36.288,7,0.2,12.7008,718
4916,CA-2017-163125,67.144,7,0.2,5.8751,372
4948,CA-2017-107125,117.488,7,0.2,41.1208,547
5013,US-2017-160465,222.32,7,0.2,25.011,1745
5015,CA-2014-153850,35.168,7,0.2,9.6712,193
5201,CA-2016-103982,41.72,7,0.2,5.7365,545
5232,CA-2017-124436,27.496,7,0.2,9.2799,187
5272,CA-2017-125913,399.672,7,0.2,-14.9877,725
5337,CA-2017-111577,307.776,7,0.2,111.5688,1416
5377,CA-2014-125542,348.488,7,0.2,117.6147,639
5411,CA-2017-166856,10.08,7,0.2,3.528,757
5418,CA-2015-110877,36.288,7,0.2,12.7008,753
5553,US-2014-159618,36.288,7,0.2,12.7008,262
5633,CA-2016-101742,10.528,7,0.2,3.6848,626
5688,CA-2014-131541,48.944,7,0.2,16.5186,1225
5710,US-2015-160857,2799.944,7,0.2,1014.9797,363
5726,CA-2015-110548,946.344,7,0.2,118.293,991
5774,CA-2016-142398,638.288,7,0.2,-31.9144,1788
5787,CA-2017-141117,95.144,7,0.2,10.7037,1403
5854,CA-2015-112214,33.488,7,0.2,-1.2558,1209
5870,CA-2016-128223,1293.488,7,0.2,80.843,1775
5990,US-2017-163300,2357.488,7,0.2,884.058,1189
5991,US-2017-163300,369.544,7,0.2,32.3351,196
6044,CA-2017-145702,27.888,7,0.2,10.1094,1060
6049,CA-2016-152765,173.488,7,0.2,54.215,1721
6205,CA-2016-133697,51.016,7,0.2,15.9425,1362
6223,CA-2017-140627,12.264,7,0.2,1.0731,917
6272,CA-2017-149706,116.312,7,0.2,23.2624,1207
6305,CA-2016-163328,17.584,7,0.2,-4.1762,1618
6361,US-2014-107993,51.016,7,0.2,8.2901,1610
6480,CA-2017-140872,24.472,7,0.2,1.8354,1312
6578,CA-2014-103660,1007.944,7,0.2,75.5958,1160
6644,US-2015-156496,139.944,7,0.2,-31.4874,778
6678,CA-2014-150329,46.872,7,0.2,3.5154,912
6706,CA-2016-112277,519.68,7,0.2,58.464,926
6929,CA-2016-140382,862.344,7,0.2,97.0137,350
6949,CA-2017-143021,58.408,7,0.2,18.2525,1135
7057,CA-2016-165330,892.136,7,0.2,111.517,906
7130,CA-2016-166282,123.088,7,0.2,40.0036,1765
7279,CA-2016-108224,185.528,7,0.2,48.7011,466
7512,US-2017-161935,239.456,7,0.2,17.9592,1371
7524,CA-2014-125731,21.728,7,0.2,7.6048,783
7546,CA-2014-103492,755.944,7,0.2,66.1451,529
7589,CA-2015-139738,128.744,7,0.2,12.8744,1254
7630,CA-2014-162089,251.944,7,0.2,88.1804,824
7694,CA-2016-118899,167.888,7,0.2,14.6902,1155
7755,CA-2017-100902,268.24,7,0.2,93.884,1859
7884,CA-2017-118017,47.32,7,0.2,5.915,1593
7897,CA-2017-128363,272.048,7,0.2,30.6054,540
7943,CA-2017-134194,44.688,7,0.2,5.0274,1464
8011,US-2015-136427,125.944,7,0.2,15.743,1837
8102,CA-2015-149846,2973.32,7,0.2,334.4985,674
8164,CA-2015-168207,117.488,7,0.2,41.1208,303
8167,CA-2016-144148,863.128,7,0.2,-32.3673,590
8265,CA-2014-131800,35.448,7,0.2,12.8499,866
8288,CA-2014-156244,158.928,7,0.2,41.7186,727
8315,CA-2014-161508,22.288,7,0.2,3.9004,709
8379,CA-2015-162964,223.888,7,0.2,69.965,897
8396,CA-2014-152254,310.688,7,0.2,108.7408,164
8555,CA-2015-117884,447.944,7,0.2,89.5888,431
8568,CA-2016-162390,968.744,7,0.2,314.8418,1619
8602,US-2014-133949,475.944,7,0.2,59.493,1517
8618,CA-2017-117513,399.672,7,0.2,-14.9877,725
8663,CA-2015-131856,127.904,7,0.2,41.5688,606
8723,US-2016-135209,37.408,7,0.2,13.0928,486
8730,CA-2015-103870,72.744,7,0.2,-12.7302,1441
8791,CA-2017-162075,537.544,7,0.2,47.0351,670
8827,US-2014-157847,33.488,7,0.2,10.465,1807
8881,CA-2016-135594,50.12,7,0.2,-0.6265,1054
8907,CA-2016-139934,66.976,7,0.2,6.6976,181
8952,CA-2017-150910,23.128,7,0.2,2.891,1034
8974,CA-2017-156622,36.288,7,0.2,12.7008,1298
8998,CA-2017-122763,274.064,7,0.2,102.774,128
9098,CA-2017-152933,369.544,7,0.2,27.7158,671
9108,CA-2015-132941,32.368,7,0.2,11.7334,1226
9139,CA-2014-106971,475.944,7,0.2,95.1888,107
9153,US-2015-106873,16.464,7,0.2,1.8522,458
9194,CA-2014-146843,47.99,7,0.2,3.5994,1269
9214,US-2017-120908,20.664,7,0.2,6.9741,1885
9218,US-2015-164238,44.688,7,0.2,3.3516,869
9239,CA-2017-110310,56.784,7,0.2,20.5842,893
9265,US-2017-128118,64.848,7,0.2,24.318,1753
9269,US-2017-102183,32.088,7,0.2,11.2308,1570
9342,CA-2016-119123,51.184,7,0.2,19.194,630
9373,CA-2017-102820,419.944,7,0.2,52.493,938
9433,CA-2015-119627,36.288,7,0.2,12.7008,291
9475,CA-2015-100818,173.488,7,0.2,54.215,1040
9540,CA-2015-135727,191.968,7,0.2,16.7972,885
9553,CA-2016-125724,68.432,7,0.2,8.554,393
9565,CA-2014-130428,1125.488,7,0.2,98.4802,230
9628,CA-2014-118192,37.408,7,0.2,13.0928,717
9644,US-2017-107979,89.544,7,0.2,12.3123,1108
9667,CA-2016-126270,18.088,7,0.2,6.5569,512
9670,CA-2015-133396,64.68,7,0.2,8.085,1186
9815,CA-2015-162201,173.488,7,0.2,54.215,1338
9817,CA-2015-162201,173.208,7,0.2,45.4671,1455
9833,CA-2017-130302,895.944,7,0.2,190.3881,267
8,CA-2014-115812,907.152,6,0.2,90.7152,8
1798,US-2017-139465,37.008,6,0.2,11.565,9
32,US-2015-150630,86.304,6,0.2,9.7092,31
1526,CA-2015-144806,86.304,6,0.2,9.7092,31
64,CA-2015-135545,25.824,6,0.2,9.3612,62
1268,US-2014-167738,292.272,6,0.2,18.267,65
104,US-2015-156867,238.896,6,0.2,-26.8758,101
117,CA-2014-115259,130.464,6,0.2,44.0316,114
169,CA-2014-139892,32.064,6,0.2,6.8136,160
1106,US-2016-110156,100.704,6,0.2,-16.3644,195
1773,CA-2016-129686,62.4,6,0.2,19.5,199
221,CA-2015-169397,22.704,6,0.2,8.2302,206
952,US-2017-110576,25.344,6,0.2,7.92,220
949,US-2017-110576,1007.232,6,0.2,75.5424,222
1525,CA-2015-144806,247.104,6,0.2,-58.6872,234
258,US-2015-159982,647.904,6,0.2,56.6916,235
279,CA-2017-132976,59.712,6,0.2,5.9712,255
286,CA-2015-130883,31.104,6,0.2,10.8864,262
324,CA-2016-162138,251.52,6,0.2,81.744,272
355,CA-2016-138520,388.704,6,0.2,-4.8588,319
735,CA-2017-131954,99.696,6,0.2,33.6474,352
1424,CA-2015-124800,119.904,6,0.2,-1.4988,354
404,CA-2014-155208,39.072,6,0.2,9.768,361
422,CA-2014-142048,196.752,6,0.2,56.5662,377
429,CA-2017-152275,6.672,6,0.2,0.5004,384
478,CA-2016-103891,95.76,6,0.2,7.182,427
488,CA-2014-154627,2735.952,6,0.2,341.994,435
531,US-2015-138303,52.512,6,0.2,19.692,471
547,CA-2017-162929,41.28,6,0.2,13.932,485
1522,CA-2015-144806,206.112,6,0.2,48.9516,598
863,CA-2016-134474,191.472,6,0.2,40.6878,691
971,CA-2014-115791,127.104,6,0.2,28.5984,756
1543,CA-2014-166884,10.464,6,0.2,1.7004,852
1152,CA-2015-113971,8.352,6,0.2,1.2528,859
1175,CA-2015-132080,50.112,6,0.2,16.2864,872
1327,CA-2015-120439,51.072,6,0.2,5.1072,890
1246,CA-2014-168494,764.688,6,0.2,95.586,906
1366,US-2017-155425,239.952,6,0.2,-35.9928,968
1436,CA-2017-106852,31.104,6,0.2,10.8864,998
1506,CA-2015-153388,1004.976,6,0.2,-175.8708,1031
1713,CA-2015-145401,14.304,6,0.2,5.0064,1113
1757,CA-2015-135622,1718.4,6,0.2,150.36,1129
1762,CA-2015-130785,28.752,6,0.2,9.7038,1131
1868,CA-2015-127110,31.104,6,0.2,10.8864,1176
1993,CA-2017-133648,71.04,6,0.2,26.64,432
2043,CA-2015-104493,57.504,6,0.2,20.1264,1235
2054,CA-2015-142237,25.344,6,0.2,3.4848,1237
2143,CA-2016-155481,30.48,6,0.2,9.906,70
2148,US-2016-152051,254.352,6,0.2,-50.8704,46
2335,CA-2014-140886,69.216,6,0.2,11.2476,338
2349,CA-2017-109701,9.024,6,0.2,3.1584,626
2369,US-2016-129469,532.704,6,0.2,-26.6352,1334
2535,US-2017-117723,1801.632,6,0.2,-337.806,462
2540,CA-2015-113404,1348.704,6,0.2,-219.1644,301
2616,CA-2014-147298,18.288,6,0.2,5.715,32
2643,CA-2016-124051,186.048,6,0.2,67.4424,977
2829,CA-2016-124149,108.336,6,0.2,37.9176,1457
2970,CA-2017-167941,31.104,6,0.2,10.8864,591
3107,CA-2017-127460,298.464,6,0.2,26.1156,828
3116,CA-2016-150350,532.704,6,0.2,-39.9528,921
3144,CA-2017-162572,10.608,6,0.2,0.9282,149
3151,CA-2015-147830,2025.36,6,0.2,607.608,1083
3195,CA-2014-165428,31.104,6,0.2,10.8864,262
3226,CA-2014-108189,12.768,6,0.2,4.6284,1532
3274,CA-2017-133865,3359.952,6,0.2,1049.985,898
3310,CA-2015-144386,25.344,6,0.2,8.8704,1096
3372,CA-2017-123778,25.824,6,0.2,9.0384,983
3395,US-2017-131583,40.032,6,0.2,15.012,1319
3429,US-2017-111024,30.96,6,0.2,11.223,1427
3434,CA-2017-131212,14.976,6,0.2,5.4288,750
3439,CA-2017-152583,54.192,6,0.2,4.0644,1021
3480,CA-2016-131289,1421.664,6,0.2,-195.4788,1245
3524,CA-2016-132731,657.552,6,0.2,49.3164,1569
3555,CA-2014-120838,604.752,6,0.2,37.797,1574
3569,CA-2017-168109,2395.2,6,0.2,209.58,1577
3597,CA-2014-102869,64.704,6,0.2,-4.8528,1581
3649,CA-2015-168459,55.104,6,0.2,18.5976,273
3688,CA-2017-140760,25.344,6,0.2,7.92,220
3770,CA-2016-155530,2003.52,6,0.2,-325.572,494
3790,CA-2014-107139,180.96,6,0.2,67.86,446
3792,CA-2015-111325,16.032,6,0.2,2.2044,1227
3813,CA-2015-103961,19.824,6,0.2,6.4428,623
3822,CA-2017-141873,18.24,6,0.2,6.156,1490
3882,CA-2015-129896,364.704,6,0.2,-36.4704,1625
3891,US-2016-163881,1684.752,6,0.2,210.594,660
3922,CA-2017-146920,25.344,6,0.2,7.92,220
3993,CA-2015-161998,172.704,6,0.2,10.794,923
4035,US-2016-108777,383.952,6,0.2,76.7904,431
4039,CA-2014-110786,767.952,6,0.2,287.982,967
4055,CA-2014-122931,1801.632,6,0.2,-337.806,462
4127,CA-2014-127299,67.344,6,0.2,7.5762,775
4169,CA-2015-100216,31.104,6,0.2,10.8864,745
4220,CA-2017-134565,18.288,6,0.2,6.6294,739
4232,CA-2017-100223,31.104,6,0.2,11.2752,1588
4299,CA-2017-129021,161.376,6,0.2,12.1032,737
4333,CA-2015-112375,50.88,6,0.2,14.628,1679
4342,CA-2017-105410,19.824,6,0.2,6.6906,933
4343,CA-2017-105410,657.504,6,0.2,-131.5008,1086
4368,CA-2017-117044,20.544,6,0.2,6.42,636
4374,CA-2016-158575,103.968,6,0.2,16.8948,1684
4502,CA-2014-116757,21.312,6,0.2,7.1928,467
4564,CA-2014-101175,100.704,6,0.2,-1.2588,1028
4586,US-2017-163790,590.352,6,0.2,206.6232,1709
4619,CA-2017-145219,2879.952,6,0.2,1007.9832,308
4797,US-2016-148901,31.104,6,0.2,10.8864,1363
4821,CA-2015-140025,383.952,6,0.2,47.994,663
4838,CA-2017-106831,27.744,6,0.2,10.0572,882
4861,CA-2014-138940,758.352,6,0.2,265.4232,1373
4865,CA-2017-122490,2404.704,6,0.2,150.294,448
4902,CA-2017-110884,25.92,6,0.2,9.072,813
4987,CA-2016-149279,1325.76,6,0.2,149.148,159
5103,CA-2015-167374,40.032,6,0.2,12.51,146
5109,CA-2014-138450,52.512,6,0.2,19.692,471
5110,CA-2014-138450,186.912,6,0.2,-35.046,42
5185,CA-2015-134719,1801.632,6,0.2,-337.806,462
5189,US-2017-136679,167.952,6,0.2,-27.2922,1077
5226,CA-2016-119865,186.144,6,0.2,60.4968,1587
5291,CA-2014-146283,182.112,6,0.2,61.4628,68
5354,CA-2014-113768,279.456,6,0.2,20.9592,1356
5380,CA-2016-136021,105.552,6,0.2,35.6238,1764
5453,US-2017-108700,38.016,6,0.2,13.7808,1616
5458,CA-2017-116680,13.344,6,0.2,4.3368,763
5522,CA-2016-110982,21.552,6,0.2,7.0044,1383
5551,US-2014-159618,16.656,6,0.2,-3.123,1594
5604,CA-2015-142475,590.352,6,0.2,206.6232,1709
5627,CA-2017-148810,13.872,6,0.2,4.6818,266
5638,CA-2014-154893,1325.76,6,0.2,149.148,159
5675,CA-2014-135993,57.408,6,0.2,5.7408,181
5687,CA-2014-131541,129.888,6,0.2,12.9888,1263
5766,CA-2016-149685,60.144,6,0.2,20.2986,1368
5767,CA-2017-126396,85.2,6,0.2,20.235,945
5785,CA-2017-141117,39.072,6,0.2,4.3956,603
5917,US-2015-126977,4228.704,6,0.2,158.5764,27
5983,CA-2017-112984,20.544,6,0.2,6.42,636
6010,CA-2015-135580,2548.56,6,0.2,286.713,674
6065,CA-2015-119942,23.904,6,0.2,7.7688,645
6112,CA-2016-124590,16.752,6,0.2,5.4444,205
6115,CA-2016-133802,41.904,6,0.2,14.1426,45
6137,US-2016-142251,32.064,6,0.2,11.2224,486
6149,CA-2017-101322,340.704,6,0.2,-34.0704,57
6187,CA-2015-138954,34.944,6,0.2,11.7936,1360
6288,CA-2014-100090,196.704,6,0.2,68.8464,807
6359,CA-2017-139080,86.352,6,0.2,8.6352,1795
6445,CA-2015-151785,7.104,6,0.2,2.4864,1095
6465,CA-2015-114503,84.96,6,0.2,6.372,1786
6607,CA-2016-148852,484.704,6,0.2,-84.8232,213
6638,CA-2017-103352,107.424,6,0.2,36.2556,1422
6715,CA-2017-107629,95.232,6,0.2,24.9984,1598
6728,CA-2016-165827,50.496,6,0.2,8.2056,1183
6744,CA-2017-111269,479.952,6,0.2,107.9892,596
7023,CA-2014-124737,31.104,6,0.2,10.8864,718
7094,US-2015-153374,479.952,6,0.2,89.991,297
7095,CA-2016-101980,146.688,6,0.2,55.008,1007
7228,CA-2014-157546,89.712,6,0.2,30.2778,443
7241,CA-2017-136651,92.88,6,0.2,30.186,618
7296,CA-2014-111899,5.472,6,0.2,1.8468,1734
7397,CA-2014-141649,795.408,6,0.2,59.6556,192
7435,CA-2015-148180,23.136,6,0.2,8.3868,310
7452,CA-2017-105669,1415.76,6,0.2,88.485,1561
7542,US-2017-112347,508.704,6,0.2,0,1070
7543,US-2017-112347,57.36,6,0.2,-14.34,1395
7545,CA-2014-103492,719.952,6,0.2,71.9952,1543
7601,CA-2014-131947,148.704,6,0.2,46.47,336
7626,US-2015-159499,325.632,6,0.2,28.4928,1549
7875,CA-2017-168403,31.104,6,0.2,11.2752,331
7880,CA-2017-118017,13.344,6,0.2,1.0008,452
7881,CA-2017-118017,76.752,6,0.2,10.5534,1108
8010,CA-2014-127859,126.624,6,0.2,41.1528,963
8016,US-2014-131870,60.672,6,0.2,12.8928,1322
8029,CA-2016-166373,106.08,6,0.2,-9.282,178
8039,CA-2017-121489,388.704,6,0.2,38.8704,169
8051,CA-2014-144974,41.376,6,0.2,3.1032,23
8080,CA-2015-150714,146.544,6,0.2,47.6268,942
8104,CA-2015-149846,775.728,6,0.2,58.1796,299
8106,CA-2017-159149,175.44,6,0.2,52.632,1866
8109,CA-2017-160122,55.584,6,0.2,20.844,1790
8173,CA-2014-114125,41.904,6,0.2,14.1426,45
8258,CA-2017-152310,100.704,6,0.2,37.764,1819
8286,CA-2014-156244,31.104,6,0.2,10.8864,1831
8289,CA-2014-156244,211.248,6,0.2,15.8436,1340
8339,CA-2017-135076,436.704,6,0.2,-38.2116,1220
8375,CA-2015-158701,56.16,6,0.2,17.55,679
8389,CA-2016-102596,17.184,6,0.2,6.2292,111
8428,US-2017-132220,62.352,6,0.2,-10.9116,1441
8499,CA-2014-169061,49.632,6,0.2,16.7508,1355
8525,CA-2017-161172,51.264,6,0.2,7.6896,1708
8564,US-2017-108315,220.704,6,0.2,-8.2764,1794
8567,US-2016-136581,31.104,6,0.2,10.8864,1304
8659,CA-2016-153185,30.96,6,0.2,11.223,1427
8662,CA-2015-131856,619.152,6,0.2,69.6546,966
8675,CA-2017-163265,28.032,6,0.2,3.504,517
8713,CA-2017-136623,71.952,6,0.2,5.3964,617
8724,US-2016-135209,25.344,6,0.2,8.8704,1743
8753,CA-2017-152198,17.712,6,0.2,5.9778,1150
8914,US-2016-144057,856.656,6,0.2,107.082,523
9080,CA-2017-166898,143.952,6,0.2,17.994,1003
9189,US-2015-130512,663.072,6,0.2,-165.768,951
9242,CA-2014-113271,14.304,6,0.2,4.6488,99
9270,US-2017-102183,4305.552,6,0.2,1453.1238,1187
9275,CA-2016-113236,184.704,6,0.2,13.8528,1444
9338,CA-2014-155264,20.064,6,0.2,7.0224,814
9361,CA-2017-111591,30.576,6,0.2,10.3194,49
9399,CA-2016-103128,14.112,6,0.2,1.2348,506
9421,CA-2014-145254,604.752,6,0.2,60.4752,1076
9452,CA-2015-129546,81.792,6,0.2,26.5824,829
9461,CA-2014-100867,321.552,6,0.2,20.097,1097
9466,CA-2017-102925,164.688,6,0.2,55.5822,143
9514,CA-2014-100293,91.056,6,0.2,31.8696,646
9527,CA-2017-156958,172.752,6,0.2,60.4632,382
9551,CA-2015-147690,577.584,6,0.2,43.3188,779
9582,CA-2016-107475,9.648,6,0.2,3.4974,133
9620,CA-2014-115133,16.704,6,0.2,1.2528,1842
9642,CA-2014-104563,436.704,6,0.2,21.8352,1886
9712,CA-2014-114251,1080.096,6,0.2,-94.5084,914
9738,CA-2017-129294,70.464,6,0.2,22.9008,916
9791,CA-2014-127166,56.064,6,0.2,21.024,1050
520,CA-2015-157812,18.392,1,0.2,5.2877,44
1710,CA-2017-123491,71.992,1,0.2,-0.8999,52
71,CA-2016-106075,4.616,1,0.2,1.731,69
75,US-2015-134026,72.784,1,0.2,-18.196,73
1381,CA-2014-126361,13.184,1,0.2,4.7792,92
108,CA-2017-119004,27.992,1,0.2,2.0994,105
109,CA-2017-119004,3.304,1,0.2,1.0738,106
1183,CA-2017-138779,21.744,1,0.2,7.3386,114
203,CA-2014-133690,2.6,1,0.2,0.2925,191
1355,CA-2017-162978,300.904,1,0.2,11.2839,217
1216,US-2017-118087,4.672,1,0.2,1.5768,243
269,US-2017-145366,37.208,1,0.2,-7.4416,245
744,US-2016-146710,3.528,1,0.2,1.1466,251
312,CA-2016-142902,15.232,1,0.2,1.7136,287
326,CA-2017-153339,15.992,1,0.2,0.9995,298
335,CA-2015-137946,4.752,1,0.2,1.6038,307
352,CA-2016-129714,3.048,1,0.2,1.0668,317
375,US-2014-119137,9.24,1,0.2,0.924,334
388,CA-2015-122756,2.96,1,0.2,0.777,347
389,CA-2014-115973,2.624,1,0.2,0.4264,348
1608,US-2016-115819,5.84,1,0.2,1.971,349
489,CA-2014-133753,7.992,1,0.2,0.5994,436
505,US-2016-105578,32.792,1,0.2,11.8871,450
707,CA-2014-138527,15.216,1,0.2,2.2824,456
530,US-2015-138303,666.248,1,0.2,-149.9058,470
532,CA-2015-102848,190.72,1,0.2,11.92,472
545,CA-2014-103849,100.792,1,0.2,6.2995,483
1080,CA-2017-132521,6.88,1,0.2,2.322,485
1069,US-2017-139955,1.744,1,0.2,-0.3488,487
553,CA-2017-112774,34.504,1,0.2,6.0382,489
1405,US-2014-118486,10.304,1,0.2,-2.1896,510
603,CA-2014-149958,142.776,1,0.2,17.847,523
699,CA-2015-119291,2.696,1,0.2,0.8088,587
1197,US-2015-130519,55.968,1,0.2,-2.0988,589
1876,US-2016-112977,176.784,1,0.2,-22.098,593
727,CA-2017-144113,55.992,1,0.2,5.5992,605
745,US-2016-146710,4.624,1,0.2,1.6762,615
749,CA-2016-150889,11.992,1,0.2,0.8994,617
817,CA-2016-149370,5.344,1,0.2,1.8704,658
957,CA-2017-102414,29.592,1,0.2,2.5893,693
920,CA-2016-165218,12.992,1,0.2,-0.812,726
982,CA-2014-163419,3.392,1,0.2,0.8056,759
1066,CA-2015-161263,1.448,1,0.2,0.2353,811
1159,CA-2016-149314,195.184,1,0.2,19.5184,863
1225,CA-2016-126004,1.728,1,0.2,0.6048,878
1679,CA-2014-122882,64.784,1,0.2,-14.5764,879
1550,CA-2014-134278,559.992,1,0.2,174.9975,898
1256,CA-2017-144638,6.696,1,0.2,0.5022,912
1277,CA-2016-119186,63.992,1,0.2,-7.1991,922
1318,CA-2017-157651,14.2,1,0.2,3.3725,945
1484,CA-2017-101210,3.424,1,0.2,1.07,1022
1497,CA-2017-152485,16.784,1,0.2,-0.2098,1028
1532,CA-2017-159884,10.744,1,0.2,0.8058,1041
1557,CA-2016-109176,9.344,1,0.2,3.504,1050
1599,CA-2017-158876,6.672,1,0.2,0.5004,1069
1824,CA-2016-168956,5.184,1,0.2,1.8144,1156
1827,CA-2016-167507,22.784,1,0.2,4.8416,1157
1840,CA-2014-117345,62.92,1,0.2,10.2245,1163
1873,CA-2014-116932,272.848,1,0.2,27.2848,1179
1893,CA-2017-145310,7.824,1,0.2,2.934,1181
1894,CA-2016-100083,24.784,1,0.2,7.745,1185
1903,CA-2017-167094,5.184,1,0.2,1.8144,650
1932,CA-2016-152121,271.992,1,0.2,23.7993,1205
2034,CA-2016-128923,9.328,1,0.2,0.8162,1143
2161,CA-2016-141019,79.384,1,0.2,29.769,1081
2167,CA-2016-154018,15.872,1,0.2,1.1904,1178
2200,CA-2015-135363,5.232,1,0.2,1.7004,1232
2205,CA-2015-128860,20.104,1,0.2,1.7591,1281
2214,CA-2017-129378,1.44,1,0.2,0.504,757
2228,CA-2017-130771,124.792,1,0.2,15.599,500
2240,CA-2016-146633,1016.792,1,0.2,381.297,454
2270,CA-2017-105480,6.984,1,0.2,2.3571,45
2275,CA-2014-157882,143.432,1,0.2,3.5858,1308
2309,US-2017-120418,280.792,1,0.2,35.099,660
2312,US-2017-120418,15.872,1,0.2,1.984,1051
2327,CA-2015-105102,46.384,1,0.2,1.1596,268
2367,CA-2014-102295,120.712,1,0.2,-18.1068,1333
2373,CA-2016-159940,2.632,1,0.2,0.8225,1336
2480,CA-2017-141992,11.184,1,0.2,0.8388,1369
2499,CA-2016-126935,9.584,1,0.2,3.3544,1235
2548,US-2015-128090,2.304,1,0.2,0.2592,833
2604,CA-2016-165848,136.784,1,0.2,5.1294,1067
2609,CA-2014-127446,2.52,1,0.2,0.882,398
2634,US-2017-110604,220.96,1,0.2,24.858,159
2644,CA-2016-149111,36.792,1,0.2,4.1391,526
2664,CA-2016-164784,3.984,1,0.2,1.2948,645
2668,CA-2016-111794,28.352,1,0.2,9.5688,260
2669,US-2015-139759,40.784,1,0.2,4.5882,24
2677,CA-2017-132185,43.584,1,0.2,4.3584,1323
2695,CA-2014-143182,15.384,1,0.2,4.0383,1413
2746,CA-2017-163321,79.992,1,0.2,21.9978,412
2767,CA-2017-167752,34.384,1,0.2,3.8682,1448
2802,US-2015-110163,7.88,1,0.2,1.773,33
2851,US-2016-128293,64.784,1,0.2,-12.9568,463
2918,CA-2017-155047,5.952,1,0.2,0.372,1473
2933,CA-2015-168564,144.784,1,0.2,10.8588,325
2934,US-2016-169040,156.792,1,0.2,13.7193,1400
2998,CA-2014-138317,3.984,1,0.2,0.6474,1488
3084,CA-2014-100328,3.928,1,0.2,1.3257,187
3137,CA-2017-164168,67.992,1,0.2,8.499,1517
3214,CA-2016-132409,1.504,1,0.2,0.1692,876
3229,CA-2014-108189,7.16,1,0.2,-0.0895,1054
3235,CA-2016-138933,3.984,1,0.2,1.3944,597
3255,CA-2016-155474,107.984,1,0.2,9.4486,235
3283,US-2014-117170,4.624,1,0.2,1.6762,882
3301,US-2014-159926,76.792,1,0.2,-16.3183,83
3382,US-2017-162208,2.896,1,0.2,0.9774,137
3440,CA-2015-144099,4.304,1,0.2,1.5602,62
3463,CA-2016-165470,5.08,1,0.2,1.651,70
3464,CA-2017-128699,47.992,1,0.2,7.1988,884
3486,US-2016-134761,36.192,1,0.2,2.7144,1428
3543,CA-2016-157511,2.672,1,0.2,0.3674,1227
3571,CA-2017-168109,7.992,1,0.2,2.6973,314
3572,US-2017-126081,5.184,1,0.2,1.8144,650
3576,CA-2016-103163,4.784,1,0.2,1.5548,576
3591,CA-2014-154186,2.92,1,0.2,0.365,508
3595,CA-2017-148012,2.624,1,0.2,0.4264,348
3618,CA-2017-141929,5.56,1,0.2,1.7375,1102
3639,CA-2016-145177,4.624,1,0.2,1.6762,882
3656,CA-2017-158036,9.096,1,0.2,1.7055,1591
3672,CA-2016-104969,8.872,1,0.2,3.2161,1496
3691,US-2015-131359,439.992,1,0.2,164.997,1599
3766,CA-2016-163153,1.344,1,0.2,0.504,60
3787,CA-2016-169971,3.912,1,0.2,1.0269,284
3800,CA-2016-156503,102.592,1,0.2,10.2592,1611
3801,CA-2016-156503,22.704,1,0.2,5.9598,727
3805,CA-2016-156503,39.152,1,0.2,14.682,128
3810,CA-2015-113628,100.792,1,0.2,10.0792,1076
3860,CA-2017-154039,124.792,1,0.2,10.9193,1622
3868,CA-2015-132486,240.784,1,0.2,27.0882,1518
3909,CA-2015-167010,7.584,1,0.2,2.37,1194
3929,CA-2016-162082,5.184,1,0.2,1.8792,553
3941,CA-2017-117863,3.048,1,0.2,1.0287,541
3945,CA-2017-167871,44.384,1,0.2,15.5344,1507
3946,CA-2017-167871,2.944,1,0.2,-0.6624,329
4062,US-2016-122182,39.992,1,0.2,7.4985,1244
4064,US-2014-130358,3.104,1,0.2,0.3492,1589
4145,CA-2017-112725,120.784,1,0.2,-13.5882,84
4148,CA-2017-106068,13.72,1,0.2,1.2005,460
4149,CA-2017-106068,55.2,1,0.2,-2.07,1643
4227,CA-2015-154970,61.584,1,0.2,-6.9282,392
4274,CA-2015-142692,3.592,1,0.2,1.1225,309
4286,CA-2015-105690,439.992,1,0.2,164.997,1599
4287,CA-2017-127516,64.784,1,0.2,-12.9568,463
4302,CA-2014-123253,3.912,1,0.2,1.0269,284
4335,CA-2015-154795,7.92,1,0.2,2.772,1680
4339,CA-2017-133501,5.184,1,0.2,1.8144,984
4394,CA-2014-142965,25.984,1,0.2,-5.1968,577
4459,US-2017-125717,32.776,1,0.2,3.2776,519
4465,CA-2015-163895,3.304,1,0.2,1.1151,933
4513,CA-2016-145240,10.784,1,0.2,0.8088,148
4577,US-2014-121734,9.584,1,0.2,3.3544,1235
4602,US-2015-113327,18.272,1,0.2,5.9384,1287
4663,CA-2016-111409,3,1,0.2,1.05,552
4739,CA-2015-105725,35.544,1,0.2,-0.8886,982
4848,CA-2014-164469,9.328,1,0.2,0.8162,1143
4862,CA-2016-125164,20.368,1,0.2,7.3834,996
4932,CA-2015-106978,12.536,1,0.2,4.2309,1375
4959,CA-2016-166226,61.192,1,0.2,6.1192,1092
4961,CA-2014-156587,48.712,1,0.2,5.4801,214
4996,CA-2017-155824,48.784,1,0.2,3.6588,1741
4998,CA-2016-129238,109.592,1,0.2,8.2194,1569
5087,CA-2015-109001,10.312,1,0.2,-1.289,558
5090,CA-2017-132738,8.784,1,0.2,3.1842,604
5101,CA-2014-158442,5.184,1,0.2,1.8792,1588
5115,CA-2017-125640,3.304,1,0.2,1.0738,1751
5143,CA-2016-111213,3.592,1,0.2,1.1225,309
5152,US-2014-121566,2.688,1,0.2,0.84,477
5173,CA-2015-107741,3.408,1,0.2,0.8946,321
5199,CA-2016-103982,2.304,1,0.2,0.7776,1606
5234,CA-2017-131037,210.008,1,0.2,2.6251,115
5292,CA-2017-151218,4.464,1,0.2,0.3348,1447
5317,US-2017-162558,9.656,1,0.2,1.5691,1761
5342,US-2014-168501,1.632,1,0.2,0.5508,30
5365,CA-2016-107790,151.192,1,0.2,13.2293,875
5403,CA-2017-123043,3.744,1,0.2,1.3104,611
5408,CA-2017-108854,22.424,1,0.2,8.409,920
5431,CA-2017-117422,4.064,1,0.2,1.3716,733
5440,US-2017-153633,2.064,1,0.2,0.1548,685
5445,CA-2016-128307,20.936,1,0.2,7.0659,1261
5454,CA-2017-160962,8.384,1,0.2,0.7336,475
5460,US-2014-107405,16.272,1,0.2,-3.8646,1534
5480,CA-2017-105487,103.192,1,0.2,11.6091,966
5502,CA-2017-127782,3.312,1,0.2,0.6624,1396
5550,US-2014-159618,2.672,1,0.2,0.334,1431
5570,CA-2017-157966,34.36,1,0.2,-7.3015,1314
5602,CA-2016-117919,14.16,1,0.2,1.062,1786
5606,CA-2016-134516,98.392,1,0.2,-11.0691,819
5665,CA-2016-141957,66.688,1,0.2,4.168,227
5698,CA-2016-143441,11.84,1,0.2,4.44,585
5702,US-2014-123519,2.624,1,0.2,0.2952,959
5704,US-2014-123519,263.96,1,0.2,42.8935,771
5712,CA-2017-115805,36.792,1,0.2,4.1391,526
5760,US-2016-111528,6.384,1,0.2,2.1546,419
5775,CA-2016-142398,13.208,1,0.2,4.6228,735
5779,CA-2014-105270,112.648,1,0.2,11.2648,1164
5791,CA-2017-140186,72.784,1,0.2,0,964
5814,US-2015-106495,11.672,1,0.2,-0.7295,1218
5867,CA-2016-158211,4.672,1,0.2,0.584,517
5890,CA-2016-146157,38.432,1,0.2,13.4512,700
5938,CA-2017-122077,95.992,1,0.2,9.5992,1222
5972,CA-2017-115105,240.784,1,0.2,30.098,796
6030,US-2017-152492,239.24,1,0.2,23.924,1191
6069,CA-2017-166695,343.2,1,0.2,38.61,1804
6085,US-2016-132577,2.088,1,0.2,0.6786,957
6126,CA-2017-145772,3.912,1,0.2,1.2714,773
6155,CA-2017-151484,332.704,1,0.2,33.2704,406
6240,US-2016-131912,11.744,1,0.2,3.8168,916
6269,CA-2017-102379,39.992,1,0.2,-7.9984,142
6294,CA-2014-141152,33.552,1,0.2,12.582,741
6306,CA-2016-163328,104.784,1,0.2,-14.4078,1612
6310,CA-2016-163328,15.176,1,0.2,5.3116,646
6347,CA-2015-104486,12.176,1,0.2,4.4138,340
6363,CA-2017-110443,1039.992,1,0.2,103.9992,1815
6410,CA-2017-161774,7.992,1,0.2,0.6993,1582
6415,CA-2017-144750,83.88,1,0.2,29.358,662
6447,US-2017-119816,2.464,1,0.2,0.8624,1109
6448,US-2017-119816,8.72,1,0.2,0.654,379
6477,CA-2017-140872,205.992,1,0.2,-2.5749,219
6519,US-2017-116652,2.688,1,0.2,0.84,477
6546,US-2017-154872,24.784,1,0.2,7.745,1721
6555,CA-2014-137092,3.808,1,0.2,1.2376,1823
6557,CA-2014-137092,24.424,1,0.2,7.9378,586
6596,CA-2017-157112,5.344,1,0.2,1.8704,130
6655,CA-2017-135937,31.992,1,0.2,4.7988,1238
6684,US-2015-129637,180.016,1,0.2,-15.7514,914
6747,CA-2017-100230,14.952,1,0.2,5.0463,443
6759,CA-2017-165715,32.776,1,0.2,2.4582,902
6773,CA-2016-119018,4.176,1,0.2,1.305,1608
6806,CA-2017-162880,3.856,1,0.2,1.3978,310
6833,CA-2016-153101,146.04,1,0.2,-12.7785,971
6847,CA-2016-162110,55.99,1,0.2,3.4995,434
6878,US-2015-123918,5.344,1,0.2,1.8704,1094
6914,CA-2014-142510,132.16,1,0.2,9.912,551
7004,CA-2014-126333,5.184,1,0.2,1.8144,1415
7009,CA-2015-154823,25.984,1,0.2,-3.8976,1547
7020,CA-2014-124737,6.8,1,0.2,0.51,1800
7046,CA-2014-150581,99.592,1,0.2,2.4898,211
7072,CA-2016-112256,5.184,1,0.2,1.8144,1125
7089,CA-2017-118864,119.96,1,0.2,7.4975,1198
7117,CA-2014-143168,1.344,1,0.2,0.4704,1354
7146,US-2017-141558,43.28,1,0.2,3.246,1822
7200,CA-2016-104276,116.76,1,0.2,14.595,1299
7314,CA-2016-121377,286.4,1,0.2,25.06,1129
7326,US-2017-128447,28.792,1,0.2,10.0772,382
7346,CA-2017-168389,13.584,1,0.2,1.3584,209
7347,CA-2017-168389,64.784,1,0.2,-12.147,408
7356,CA-2016-114748,1.408,1,0.2,0.1584,1049
7411,CA-2017-121125,156.792,1,0.2,17.6391,1630
7413,CA-2017-121125,13.592,1,0.2,-0.3398,1826
7444,CA-2017-127474,5.184,1,0.2,1.8144,785
7503,US-2017-120147,164.792,1,0.2,18.5391,54
7538,US-2017-112347,114.288,1,0.2,12.8574,387
7577,CA-2014-134726,52.792,1,0.2,4.6193,994
7618,CA-2017-151225,189.576,1,0.2,9.4788,11
7724,CA-2016-113978,286.256,1,0.2,17.891,854
7762,CA-2017-156391,2.224,1,0.2,0.556,1071
7804,CA-2015-102260,25.424,1,0.2,-4.767,976
7876,CA-2017-168403,11.176,1,0.2,0.8382,1836
7887,CA-2017-118017,16.192,1,0.2,4.6552,1681
7901,CA-2017-128363,31.984,1,0.2,0,900
7905,US-2015-118766,4.464,1,0.2,1.674,410
7917,CA-2017-100783,30.384,1,0.2,3.798,109
7960,CA-2017-131807,7.992,1,0.2,2.6973,314
7968,CA-2016-157707,15.992,1,0.2,-2.9985,1759
7969,CA-2016-157707,120.784,1,0.2,13.5882,536
7979,CA-2015-113040,5.104,1,0.2,1.6588,1217
8018,CA-2017-114804,52.792,1,0.2,4.6193,196
8050,CA-2014-144974,21.184,1,0.2,4.7664,756
8185,CA-2015-136728,7.824,1,0.2,2.934,1181
8200,CA-2017-125269,72.784,1,0.2,-18.196,73
8207,CA-2015-122266,2.624,1,0.2,0.4264,348
8214,CA-2015-120845,10.48,1,0.2,3.799,1421
8238,CA-2017-103065,6.672,1,0.2,2.502,1319
8273,CA-2015-104059,3.424,1,0.2,0.2996,1015
8291,CA-2014-156244,2.952,1,0.2,0.9963,1150
8317,CA-2017-130904,1.752,1,0.2,0.1533,917
8376,CA-2017-156272,64.384,1,0.2,8.048,1449
8377,CA-2015-162964,64.784,1,0.2,-14.5764,879
8399,CA-2015-133837,10.744,1,0.2,0.8058,1041
8472,US-2017-132031,3,1,0.2,1.05,1361
8473,CA-2015-169733,9.952,1,0.2,0.9952,255
8476,CA-2017-134880,44.784,1,0.2,16.2342,1583
8601,CA-2014-141110,7.312,1,0.2,2.5592,1331
8643,CA-2015-108259,5.04,1,0.2,1.638,1649
8645,CA-2015-108259,4.712,1,0.2,1.4136,327
8668,CA-2016-149916,11.56,1,0.2,3.757,1732
8695,CA-2017-127096,300.904,1,0.2,11.2839,217
8701,CA-2017-119284,142.776,1,0.2,17.847,523
8742,US-2015-144771,11.032,1,0.2,3.0338,94
8848,CA-2015-140718,74.24,1,0.2,8.352,926
8859,US-2017-114356,35.96,1,0.2,3.596,1539
8966,CA-2016-134180,72,1,0.2,14.4,295
8968,CA-2014-166730,39.128,1,0.2,-8.8038,1177
8972,US-2014-149034,47.496,1,0.2,-1.1874,1100
9009,CA-2017-106047,3.816,1,0.2,1.1925,1466
9016,CA-2016-131639,11.416,1,0.2,3.8529,1414
9135,CA-2016-124254,51.984,1,0.2,-5.1984,394
9185,CA-2017-156776,207.184,1,0.2,25.898,1884
9199,CA-2014-103310,256.784,1,0.2,32.098,1497
9237,CA-2016-126732,7.312,1,0.2,2.5592,1331
9248,CA-2016-127761,3.64,1,0.2,1.365,250
9285,CA-2015-102778,18.176,1,0.2,4.7712,207
9317,CA-2017-124940,47.904,1,0.2,-2.994,335
9337,CA-2014-155264,2.992,1,0.2,1.122,1408
9380,CA-2014-154158,64.784,1,0.2,6.4784,169
9382,CA-2014-154158,1.344,1,0.2,0.504,60
9391,CA-2017-162474,7.992,1,0.2,2.5974,865
9411,CA-2016-108959,104.696,1,0.2,6.5435,538
9459,CA-2014-138240,15.992,1,0.2,-2.9985,1759
9471,CA-2017-102925,11.424,1,0.2,3.7128,278
9572,CA-2015-113131,24.424,1,0.2,7.9378,586
9583,CA-2017-116127,400.784,1,0.2,-5.0098,1260
9585,CA-2016-160598,31.008,1,0.2,11.2404,1432
9599,CA-2015-116841,35.208,1,0.2,2.6406,1340
9656,CA-2014-156160,3.984,1,0.2,1.3944,597
9674,US-2014-164644,26.632,1,0.2,1.3316,1305
9735,CA-2014-128062,5.88,1,0.2,1.9845,1876
9752,US-2016-158680,2.496,1,0.2,0.9048,750
9789,CA-2017-144491,39.992,1,0.2,6.9986,654
9793,CA-2014-127166,4.832,1,0.2,1.6308,676
9832,CA-2014-133963,3.984,1,0.2,1.4442,1060
9902,CA-2017-117646,6.672,1,0.2,2.085,146
9945,CA-2014-111157,3.424,1,0.2,1.07,1470
9994,CA-2016-142902,15.23,1,0.2,1.7136,287
1571,US-2014-157385,603.92,5,0.2,-67.941,84
110,CA-2015-129476,339.96,5,0.2,67.992,107
1499,CA-2016-141586,18.16,5,0.2,6.583,110
506,CA-2017-134978,15.92,5,0.2,5.373,123
1592,US-2016-132423,8.04,5,0.2,2.9145,133
152,CA-2016-158834,157.92,5,0.2,17.766,144
257,US-2015-159982,53.92,5,0.2,4.044,148
179,US-2015-101511,15.88,5,0.2,-3.7715,170
1498,CA-2017-152485,13.12,5,0.2,3.772,171
432,US-2016-123750,291.96,5,0.2,54.7425,173
359,CA-2016-130001,36.24,5,0.2,11.325,189
238,CA-2016-157749,25.92,5,0.2,9.396,221
261,CA-2017-163139,17.52,5,0.2,6.132,238
283,CA-2015-130890,1038.84,5,0.2,51.942,259
284,CA-2015-130883,141.76,5,0.2,47.844,260
285,CA-2015-130883,239.8,5,0.2,47.96,261
289,CA-2016-112697,961.48,5,0.2,-204.3145,264
1813,US-2017-161193,77.6,5,0.2,28.13,277
991,CA-2015-153549,1166.92,5,0.2,131.2785,286
597,CA-2014-131450,445.96,5,0.2,55.745,290
463,CA-2016-109869,23.56,5,0.2,7.068,327
371,CA-2017-104745,25.92,5,0.2,9.396,331
418,CA-2016-148796,383.8,5,0.2,38.38,373
436,US-2014-150574,247.8,5,0.2,-18.585,389
487,CA-2017-140963,279.96,5,0.2,17.4975,434
1664,CA-2016-128531,41.92,5,0.2,3.668,475
800,CA-2015-101910,283.92,5,0.2,17.745,479
551,CA-2015-113173,8.72,5,0.2,-1.744,487
562,CA-2014-145576,13,5,0.2,1.3,497
1693,US-2016-154361,21.88,5,0.2,6.2905,498
743,US-2016-146710,51.52,5,0.2,-10.948,510
1353,CA-2017-162978,183.96,5,0.2,20.6955,526
629,CA-2017-133431,15.24,5,0.2,5.1435,541
632,US-2016-135720,119.8,5,0.2,29.95,543
647,CA-2016-103947,31.56,5,0.2,9.8625,555
669,CA-2014-156314,30.36,5,0.2,8.7285,565
673,CA-2017-111178,19.56,5,0.2,1.7115,569
706,CA-2014-138527,166.84,5,0.2,18.7695,592
709,CA-2014-112158,883.92,5,0.2,-110.49,593
716,CA-2014-153150,19.92,5,0.2,6.972,597
724,CA-2014-117429,129.92,5,0.2,21.112,602
738,CA-2017-131954,18.72,5,0.2,6.552,611
793,CA-2016-105256,1363.96,5,0.2,85.2475,644
1047,CA-2016-169103,1363.96,5,0.2,85.2475,644
984,CA-2014-163419,603.92,5,0.2,75.49,668
875,CA-2017-114636,192.16,5,0.2,67.256,700
1206,CA-2017-133235,271.96,5,0.2,16.9975,710
901,CA-2017-150959,10.44,5,0.2,3.393,715
927,CA-2014-132962,252,5,0.2,53.55,731
946,CA-2015-120880,167.76,5,0.2,62.91,741
1637,CA-2014-168984,669.08,5,0.2,-167.27,755
1044,CA-2017-115651,8.84,5,0.2,2.9835,797
1098,CA-2014-159338,447.84,5,0.2,11.196,830
1111,US-2016-110156,71.96,5,0.2,25.186,838
1605,US-2016-115819,39.96,5,0.2,12.987,865
1165,CA-2014-127964,25.32,5,0.2,9.1785,866
1173,CA-2014-158064,16.52,5,0.2,5.5755,871
1184,CA-2017-138779,7.92,5,0.2,0.693,877
1736,CA-2017-101483,22,5,0.2,1.375,903
1857,US-2017-158218,127.92,5,0.2,-15.99,919
1379,CA-2014-126361,399.96,5,0.2,34.9965,975
1404,US-2016-161396,419.4,5,0.2,146.79,986
1625,CA-2015-157084,675.96,5,0.2,84.495,991
1425,CA-2015-124800,263.96,5,0.2,23.0965,994
1429,US-2015-164448,29.8,5,0.2,9.3125,995
1521,CA-2017-109946,16.52,5,0.2,2.065,1034
1523,CA-2015-144806,19.92,5,0.2,6.723,1035
1542,CA-2014-166884,8.32,5,0.2,2.288,1045
1558,CA-2016-109176,79.36,5,0.2,9.92,1051
1629,CA-2017-101049,17.92,5,0.2,2.464,1084
1920,US-2017-111423,895.92,5,0.2,302.373,1199
2025,US-2017-111241,239.12,5,0.2,77.714,989
2042,CA-2015-122287,75.36,5,0.2,20.724,1166
2053,CA-2015-142237,11.12,5,0.2,0.834,326
2072,US-2017-110996,283.92,5,0.2,-46.137,370
2095,US-2015-164357,13.12,5,0.2,1.476,1252
2120,CA-2017-155460,895.92,5,0.2,302.373,1199
2125,CA-2017-144862,104.68,5,0.2,35.3295,1261
2178,CA-2016-125738,41.72,5,0.2,13.0375,1135
2233,CA-2017-132122,228.92,5,0.2,14.3075,1290
2249,CA-2015-116092,41.72,5,0.2,13.0375,1135
2250,CA-2015-116092,11.52,5,0.2,4.176,620
2271,CA-2017-164917,47.96,5,0.2,4.1965,372
2288,US-2017-112928,17.48,5,0.2,1.311,1312
2311,US-2017-120418,88.04,5,0.2,6.603,672
2346,CA-2016-159373,70.08,5,0.2,24.528,1324
2355,CA-2015-111514,137.24,5,0.2,46.3185,143
2412,CA-2015-142041,7.52,5,0.2,2.632,626
2450,CA-2016-140207,29.12,5,0.2,9.828,1360
2463,CA-2017-148691,83.92,5,0.2,29.372,303
2485,CA-2017-126067,99.68,5,0.2,32.396,447
2495,CA-2016-146206,719.96,5,0.2,53.997,1160
2549,US-2015-128090,1879.96,5,0.2,211.4955,1158
2567,CA-2017-123967,25.12,5,0.2,7.85,1392
2676,CA-2017-132185,8.76,5,0.2,0.7665,917
2722,CA-2014-121286,58.24,5,0.2,5.096,946
2742,CA-2016-165015,46.72,5,0.2,17.52,1050
2755,CA-2015-155306,783.96,5,0.2,68.5965,1400
2763,CA-2017-126536,101.84,5,0.2,36.917,996
2801,CA-2016-153318,783.96,5,0.2,78.396,474
2820,CA-2016-160500,6.72,5,0.2,2.352,1354
2830,CA-2016-124149,55.92,5,0.2,6.291,5
2832,CA-2014-148915,443.92,5,0.2,-94.333,1459
2838,CA-2017-110842,121.6,5,0.2,39.52,1009
2868,CA-2016-115588,14.72,5,0.2,-3.312,329
2886,US-2016-159856,307.92,5,0.2,-34.641,392
2903,CA-2016-164035,23.12,5,0.2,8.381,1226
2919,CA-2016-160129,15.8,5,0.2,2.37,1452
2951,CA-2017-134915,23.12,5,0.2,8.381,1226
2965,CA-2017-137428,24.32,5,0.2,8.208,530
2996,US-2014-150532,55.92,5,0.2,6.291,5
3010,CA-2016-115525,243.88,5,0.2,27.4365,1320
3023,CA-2015-123568,91.68,5,0.2,28.65,716
3041,US-2016-147991,16.72,5,0.2,3.344,1016
3056,US-2015-100377,2799.96,5,0.2,874.9875,898
3119,CA-2015-121720,1123.92,5,0.2,-182.637,301
3143,CA-2017-162572,119.96,5,0.2,35.988,248
3159,US-2016-162677,67.64,5,0.2,5.9185,1046
3244,CA-2017-113355,219.8,5,0.2,24.7275,1536
3273,CA-2015-146038,203.92,5,0.2,22.941,24
3289,CA-2015-157770,29.2,5,0.2,9.855,349
3311,CA-2016-111416,232.4,5,0.2,78.435,928
3313,US-2014-133130,603.92,5,0.2,45.294,293
3322,CA-2014-134551,25.92,5,0.2,9.072,1087
3328,CA-2014-165309,21.72,5,0.2,7.8735,364
3417,CA-2015-151841,43.56,5,0.2,3.267,939
3490,CA-2015-157322,68.6,5,0.2,6.0025,460
3498,CA-2016-107328,15.24,5,0.2,5.334,317
3594,CA-2016-164154,37.52,5,0.2,3.752,1201
3645,CA-2014-156594,155.12,5,0.2,50.414,1587
3660,CA-2016-161676,33.8,5,0.2,4.225,1593
3667,CA-2014-129364,13.88,5,0.2,-2.6025,1594
3669,CA-2014-129364,11.52,5,0.2,3.744,1595
3689,CA-2017-140760,43.92,5,0.2,15.921,604
3692,US-2015-131359,87.96,5,0.2,30.786,728
3698,CA-2014-140039,79.4,5,0.2,5.955,1601
3715,CA-2014-135608,603.92,5,0.2,45.294,293
3767,CA-2015-103205,119.96,5,0.2,11.996,175
3799,CA-2017-147760,1359.96,5,0.2,118.9965,1205
3806,CA-2015-113628,11.76,5,0.2,1.323,458
3809,CA-2015-113628,523.92,5,0.2,-72.039,1612
3814,CA-2016-152471,823.96,5,0.2,51.4975,1175
3856,US-2017-105389,823.96,5,0.2,51.4975,1175
3923,CA-2017-146920,26.72,5,0.2,9.352,1632
3927,CA-2014-103940,137.24,5,0.2,46.3185,143
3942,CA-2017-160458,25.92,5,0.2,9.072,785
3973,CA-2016-167556,29.8,5,0.2,9.3125,995
3983,CA-2016-135265,2799.96,5,0.2,944.9865,1307
3988,US-2016-159415,79.12,5,0.2,13.846,1641
3999,US-2015-149629,231.92,5,0.2,5.798,268
4057,CA-2014-163034,646.2,5,0.2,-8.0775,772
4065,CA-2014-102673,7.52,5,0.2,1.41,1024
4104,US-2017-155999,159.96,5,0.2,17.9955,892
4115,CA-2016-163573,1219.96,5,0.2,381.2375,575
4135,CA-2017-105914,112.12,5,0.2,42.045,920
4140,CA-2017-127313,79.12,5,0.2,13.846,1641
4151,CA-2017-100160,29.24,5,0.2,9.8685,150
4191,CA-2015-129392,21.12,5,0.2,6.6,1662
4221,CA-2017-134565,385.8,5,0.2,130.2075,1667
4268,US-2016-131611,171.96,5,0.2,45.1395,1503
4301,CA-2017-129021,8.72,5,0.2,2.943,841
4305,CA-2014-162278,383.96,5,0.2,38.396,1506
4330,CA-2017-149853,17.92,5,0.2,1.12,572
4332,CA-2017-107909,22.92,5,0.2,8.022,1570
4377,CA-2014-166954,1487.04,5,0.2,148.704,881
4393,CA-2016-108868,59.96,5,0.2,21.7355,1262
4420,CA-2015-163090,40.92,5,0.2,3.069,688
4500,CA-2016-124814,23.2,5,0.2,8.12,1478
4501,CA-2014-116757,25.92,5,0.2,9.072,515
4613,US-2017-165953,23.48,5,0.2,8.218,713
4670,US-2017-133200,772.68,5,0.2,-57.951,1690
4692,CA-2014-138681,221.92,5,0.2,77.672,1256
4707,CA-2017-138149,895.92,5,0.2,302.373,1199
4766,CA-2015-123155,113.52,5,0.2,29.799,727
4773,CA-2017-119746,11.52,5,0.2,4.176,751
4784,CA-2015-104346,13.12,5,0.2,1.148,1372
4789,CA-2015-104346,54.92,5,0.2,10.984,1011
4799,US-2016-148901,43.6,5,0.2,4.36,48
4834,CA-2017-167661,39.92,5,0.2,13.473,1241
4842,CA-2017-118402,243.92,5,0.2,-54.882,894
4846,CA-2014-164469,263.96,5,0.2,19.797,810
4850,CA-2014-107818,975.92,5,0.2,121.99,2
4875,CA-2014-132864,119.8,5,0.2,29.95,543
4883,CA-2017-104080,171.2,5,0.2,64.2,1664
4976,CA-2015-165050,21.36,5,0.2,7.209,888
4984,CA-2015-160696,7.24,5,0.2,1.1765,811
4994,CA-2015-153038,20.32,5,0.2,3.556,539
5037,CA-2017-141719,239.96,5,0.2,83.986,609
5053,CA-2015-141243,398.4,5,0.2,84.66,776
5076,CA-2014-134572,44.84,5,0.2,5.605,608
5108,CA-2017-132213,67.92,5,0.2,6.792,209
5197,CA-2014-159709,43.6,5,0.2,4.36,48
5225,CA-2016-119865,36.56,5,0.2,12.796,1331
5230,CA-2017-124436,697.16,5,0.2,8.7145,622
5309,CA-2017-131254,13.04,5,0.2,3.912,1760
5331,CA-2016-123120,60.6,5,0.2,20.4525,59
5343,US-2014-168501,267.96,5,0.2,16.7475,1097
5356,CA-2016-138037,27.24,5,0.2,9.534,1295
5361,CA-2017-100951,720.76,5,0.2,54.057,740
5381,CA-2016-149195,25.92,5,0.2,9.072,686
5404,US-2016-143280,445.96,5,0.2,55.745,290
5464,CA-2014-146591,108.72,5,0.2,36.693,114
5470,CA-2016-158547,123.92,5,0.2,9.294,1284
5471,CA-2017-116946,13.36,5,0.2,4.008,1556
5520,CA-2017-117667,23.92,5,0.2,8.671,1707
5528,CA-2015-137106,79.96,5,0.2,27.986,224
5566,CA-2017-157966,29.76,5,0.2,1.86,1473
5579,CA-2017-137498,243.92,5,0.2,-15.245,1236
5600,CA-2014-108903,14.48,5,0.2,4.887,137
5603,CA-2016-117919,79.92,5,0.2,27.972,1701
5635,CA-2017-123022,82.56,5,0.2,28.896,342
5644,CA-2017-120719,34.76,5,0.2,11.297,535
5686,CA-2014-131541,14.32,5,0.2,5.191,111
5701,CA-2016-125661,139.96,5,0.2,-22.7435,1077
5720,CA-2015-138674,8.72,5,0.2,2.289,53
5756,CA-2014-163748,1999.96,5,0.2,624.9875,621
5788,CA-2017-115070,12.32,5,0.2,1.848,1410
5822,CA-2017-117632,285.48,5,0.2,-10.7055,725
5833,CA-2016-142895,363.92,5,0.2,0,964
5836,CA-2015-101868,72.6,5,0.2,-8.1675,1728
5918,US-2015-126977,2003.92,5,0.2,-25.049,1260
5974,CA-2016-135636,387.72,5,0.2,-67.851,895
5993,CA-2016-162187,64.96,5,0.2,-4.06,726
6019,CA-2014-152422,91.92,5,0.2,11.49,10
6027,CA-2017-136007,71.96,5,0.2,25.186,838
6062,CA-2015-111780,1199.96,5,0.2,224.9925,858
6107,CA-2014-120852,65.44,5,0.2,-8.18,969
6132,CA-2017-145737,163.96,5,0.2,59.4355,1544
6184,CA-2016-143609,403.92,5,0.2,25.245,39
6192,CA-2017-104927,25.92,5,0.2,9.072,718
6194,CA-2017-104927,75.88,5,0.2,26.558,646
6202,CA-2016-118332,563.92,5,0.2,7.049,909
6234,US-2017-142188,1471.96,5,0.2,459.9875,1520
6235,US-2017-142188,79.96,5,0.2,-17.991,1810
6284,CA-2016-100944,563.24,5,0.2,56.324,1164
6302,CA-2017-166919,195.96,5,0.2,19.596,1720
6318,CA-2017-161459,39.96,5,0.2,3.4965,1582
6335,CA-2014-133305,18.28,5,0.2,6.398,1214
6337,CA-2016-165995,339.96,5,0.2,42.495,1517
6355,CA-2014-110611,83.92,5,0.2,-13.637,195
6356,CA-2017-139080,19.68,5,0.2,6.888,1192
6362,CA-2017-110443,150.8,5,0.2,56.55,446
6368,US-2017-147998,133.12,5,0.2,49.92,1208
6375,CA-2014-107811,99.92,5,0.2,-1.249,354
6408,CA-2017-161774,46.2,5,0.2,5.775,1186
6433,CA-2015-121405,23.52,5,0.2,8.526,1027
6434,CA-2015-121405,180.96,5,0.2,13.572,1428
6479,CA-2017-140872,503.96,5,0.2,50.396,1076
6492,CA-2016-113845,39.72,5,0.2,4.4685,339
6567,CA-2017-131282,7.12,5,0.2,0.712,1341
6592,CA-2015-103716,19.8,5,0.2,1.7325,505
6636,CA-2017-144498,122.12,5,0.2,39.689,586
6650,US-2017-124779,45.92,5,0.2,15.498,273
6657,CA-2017-135937,10.64,5,0.2,3.857,1532
6665,CA-2016-115483,219.84,5,0.2,79.692,1798
6686,US-2015-129637,13.12,5,0.2,1.476,959
6689,CA-2017-104108,12.16,5,0.2,2.128,1292
6745,CA-2017-111269,23.92,5,0.2,1.794,252
6762,CA-2016-144764,29.24,5,0.2,9.8685,3
6770,CA-2017-139402,419.4,5,0.2,146.79,1089
6785,CA-2017-121293,259.92,5,0.2,-25.992,394
6790,CA-2016-124527,8.32,5,0.2,2.808,257
6839,CA-2017-107517,371.2,5,0.2,41.76,926
6865,US-2016-126452,91.96,5,0.2,-20.691,465
6879,CA-2015-137113,2003.92,5,0.2,125.245,448
6901,US-2017-135013,2399.96,5,0.2,839.986,308
6904,CA-2017-111220,235.92,5,0.2,-44.235,1787
6917,CA-2014-124247,1403.92,5,0.2,70.196,1142
6943,CA-2015-139248,623.96,5,0.2,38.9975,1840
6945,CA-2016-106243,523.92,5,0.2,-26.196,1230
6954,CA-2015-129917,503.96,5,0.2,50.396,1387
6988,CA-2017-158561,1158.12,5,0.2,130.2885,1381
7010,US-2014-135881,17.96,5,0.2,5.837,1383
7050,CA-2016-165330,209.6,5,0.2,68.12,272
7054,CA-2016-165330,363.92,5,0.2,-31.843,1220
7073,CA-2016-112256,175.92,5,0.2,15.393,402
7097,CA-2016-101980,25.32,5,0.2,9.1785,866
7172,US-2017-141677,143.96,5,0.2,1.7995,359
7173,US-2017-141677,2399.96,5,0.2,569.9905,351
7182,CA-2017-150609,23.24,5,0.2,7.553,705
7226,CA-2017-127397,123.92,5,0.2,38.725,1040
7227,CA-2017-127397,1319.8,5,0.2,214.4675,771
7274,CA-2015-144519,339.96,5,0.2,42.495,1517
7283,CA-2017-169439,25.92,5,0.2,3.888,315
7297,CA-2015-101126,77.24,5,0.2,7.724,1231
7302,CA-2014-163468,381.72,5,0.2,-66.801,627
7353,CA-2016-151974,16.52,5,0.2,5.369,623
7390,CA-2017-108035,101.52,5,0.2,19.035,1615
7407,CA-2017-152079,11.52,5,0.2,4.176,751
7415,US-2016-114013,379.96,5,0.2,47.495,1545
7417,US-2016-114013,41.24,5,0.2,13.9185,1563
7419,US-2016-114013,552.56,5,0.2,-138.14,951
7437,CA-2014-165568,21.36,5,0.2,7.209,888
7439,US-2017-163657,18.72,5,0.2,6.552,611
7447,CA-2017-127474,419.4,5,0.2,146.79,986
7448,CA-2017-115448,88.92,5,0.2,14.4495,648
7510,US-2017-161935,62.04,5,0.2,4.653,172
7511,US-2017-161935,396.92,5,0.2,148.845,1081
7513,US-2017-161935,13.12,5,0.2,2.132,348
7525,CA-2014-125731,1487.04,5,0.2,148.704,881
7534,US-2017-134642,231.92,5,0.2,5.798,268
7544,US-2017-112347,906.68,5,0.2,68.001,635
7555,CA-2014-114181,22.32,5,0.2,5.301,803
7599,CA-2014-131947,40.24,5,0.2,13.078,1631
7617,CA-2016-144309,679.96,5,0.2,220.987,14
7619,CA-2017-151225,71.96,5,0.2,7.196,1795
7620,US-2014-144078,539.92,5,0.2,47.243,235
7628,US-2015-159499,16.52,5,0.2,5.369,1018
7629,CA-2014-162089,335.72,5,0.2,113.3055,561
7644,US-2016-157490,67.96,5,0.2,0.8495,1645
7663,CA-2017-139493,15.92,5,0.2,2.786,709
7695,CA-2017-107958,163.96,5,0.2,59.4355,450
7710,US-2015-142811,87.8,5,0.2,32.925,1535
7716,CA-2015-149636,29.6,5,0.2,9.25,965
7756,CA-2017-100902,431.16,5,0.2,107.79,625
7768,CA-2017-154088,26.72,5,0.2,9.352,658
7824,CA-2014-125150,232.88,5,0.2,17.466,1356
7833,CA-2015-128958,13.12,5,0.2,2.132,348
7886,CA-2017-118017,16.72,5,0.2,3.344,1016
7899,CA-2017-128363,24.32,5,0.2,9.12,836
7902,CA-2017-128363,14.76,5,0.2,4.797,439
7922,CA-2017-134096,383.96,5,0.2,38.396,1506
7932,US-2016-168095,105.52,5,0.2,34.294,963
7947,CA-2014-131009,18.84,5,0.2,-3.5325,1228
7961,CA-2017-104864,81.36,5,0.2,-19.323,1534
7983,CA-2017-152499,15.12,5,0.2,4.914,1239
7985,CA-2016-151498,8.32,5,0.2,2.808,257
8012,CA-2017-120168,663.92,5,0.2,207.475,904
8022,CA-2014-129189,87.92,5,0.2,29.673,1692
8031,CA-2016-158806,25.92,5,0.2,9.072,753
8057,CA-2015-121188,41.36,5,0.2,13.959,1355
8069,CA-2017-151750,454.56,5,0.2,-107.958,421
8082,CA-2015-150714,203.88,5,0.2,20.388,548
8114,CA-2017-144820,20.64,5,0.2,2.322,931
8197,CA-2017-102736,71.96,5,0.2,7.196,652
8236,CA-2017-102204,2803.92,5,0.2,0,488
8287,CA-2014-156244,47.96,5,0.2,4.1965,372
8324,CA-2017-144456,61.68,5,0.2,5.397,424
8343,US-2014-155544,59.2,5,0.2,22.2,200
8368,CA-2014-109918,83.92,5,0.2,31.47,1819
8400,CA-2015-110814,232.4,5,0.2,78.435,928
8416,CA-2017-118199,147.92,5,0.2,46.225,812
8429,CA-2016-118129,303.92,5,0.2,-30.392,1625
8451,CA-2014-131387,1679.96,5,0.2,125.997,1481
8506,CA-2016-130400,27.96,5,0.2,8.388,61
8537,CA-2015-157343,25.92,5,0.2,9.072,1576
8540,CA-2017-147354,30.84,5,0.2,9.6375,9
8583,CA-2014-130673,66.96,5,0.2,-13.392,1796
8605,US-2016-116365,180.96,5,0.2,13.572,1428
8624,CA-2015-136147,111.96,5,0.2,-1.3995,1141
8648,CA-2016-164574,704.76,5,0.2,26.4285,724
8660,CA-2017-124765,723.92,5,0.2,-81.441,1114
8666,CA-2016-163951,16.52,5,0.2,1.652,1586
8679,CA-2016-112739,159.56,5,0.2,33.9065,691
8692,CA-2016-136770,279.96,5,0.2,48.993,1531
8702,CA-2017-119284,91.36,5,0.2,29.692,1874
8714,CA-2017-136623,29.8,5,0.2,9.3125,995
8785,CA-2017-145765,195.96,5,0.2,19.596,1720
8794,CA-2014-162992,583.8,5,0.2,72.975,1299
8809,US-2017-110646,14.76,5,0.2,4.9815,941
8826,US-2014-157847,26.72,5,0.2,9.352,486
8846,CA-2017-156664,91.36,5,0.2,29.692,396
8853,US-2015-115343,55.6,5,0.2,6.255,1216
8858,CA-2017-135909,5083.96,5,0.2,1906.485,454
8869,CA-2017-101805,15.92,5,0.2,5.373,1425
8953,CA-2017-150910,59.24,5,0.2,16.291,673
8958,CA-2017-150266,299.96,5,0.2,37.495,938
8994,CA-2014-109043,91.36,5,0.2,29.692,1874
8995,CA-2014-109043,152.24,5,0.2,17.127,518
9089,CA-2016-131093,295.4,5,0.2,-62.7725,237
9114,CA-2016-135461,623.96,5,0.2,38.9975,1840
9133,CA-2015-157805,555.96,5,0.2,41.697,880
9138,CA-2014-123400,180.96,5,0.2,13.572,1428
9197,CA-2014-103310,1432,5,0.2,125.3,1129
9357,CA-2016-168046,43.12,5,0.2,15.092,835
9372,CA-2015-111339,8.04,5,0.2,2.9145,133
9383,CA-2014-154158,83.92,5,0.2,-1.049,1028
9390,CA-2015-163734,228.92,5,0.2,14.3075,1290
9404,CA-2017-141663,7.92,5,0.2,1.683,1250
9410,US-2017-110149,87.92,5,0.2,15.386,509
9412,CA-2015-164777,2803.92,5,0.2,0,488
9429,CA-2015-166219,1099.96,5,0.2,82.497,911
9441,CA-2014-165477,48.36,5,0.2,6.045,1215
9478,CA-2014-126193,13.16,5,0.2,4.1125,1336
9524,CA-2017-156958,83.92,5,0.2,29.372,303
9554,CA-2015-111612,71.12,5,0.2,9.779,91
9558,CA-2016-129280,132.52,5,0.2,34.7865,466
9559,CA-2016-129280,195.64,5,0.2,-44.019,1177
9573,CA-2015-113131,17.12,5,0.2,1.926,1056
9586,CA-2016-108630,61.12,5,0.2,22.156,1345
9619,CA-2017-160633,139.96,5,0.2,-1.7495,345
9671,US-2017-140312,22,5,0.2,1.375,903
9713,CA-2014-114251,51.56,5,0.2,-6.445,558
9717,CA-2016-108210,79.96,5,0.2,7.996,127
9718,CA-2016-108210,223.96,5,0.2,11.198,203
9739,CA-2017-129294,19.68,5,0.2,6.888,1192
9759,CA-2016-146913,1403.92,5,0.2,70.196,1142
9764,CA-2014-123855,139.8,5,0.2,12.2325,141
9769,CA-2016-123533,339.92,5,0.2,8.498,610
9772,CA-2016-104983,123.92,5,0.2,38.725,1101
9809,US-2014-139640,25.92,5,0.2,9.072,89
9848,CA-2017-169327,147.92,5,0.2,46.225,812
9929,CA-2016-129630,2799.96,5,0.2,944.9865,1307
9973,US-2016-103674,271.96,5,0.2,27.196,1820
9981,CA-2017-163566,16.52,5,0.2,5.369,623
943,CA-2016-142958,1114.272,4,0.2,41.7852,4
12,CA-2014-115812,911.424,4,0.2,68.3568,12
345,US-2015-120712,88.8,4,0.2,-2.22,18
21,CA-2014-143336,22.72,4,0.2,7.384,21
41,CA-2015-117415,371.168,4,0.2,41.7564,40
42,CA-2017-120999,147.168,4,0.2,16.5564,41
1134,US-2016-134908,124.608,4,0.2,-23.364,42
736,CA-2017-131954,27.936,4,0.2,9.4284,45
1822,CA-2016-168956,6.976,4,0.2,1.8312,53
61,CA-2016-111682,48.48,4,0.2,16.362,59
1068,CA-2016-157686,194.848,4,0.2,12.178,65
69,CA-2014-106376,167.968,4,0.2,62.988,67
1673,CA-2017-111647,167.968,4,0.2,62.988,67
1839,CA-2014-117345,44.128,4,0.2,12.1352,94
1444,CA-2015-166135,139.424,4,0.2,17.428,124
147,CA-2014-110072,93.888,4,0.2,12.9096,140
586,CA-2017-145233,406.368,4,0.2,30.4776,145
176,US-2014-100853,20.16,4,0.2,6.552,167
1863,CA-2014-151078,49.632,4,0.2,4.9632,179
190,CA-2015-102281,899.136,4,0.2,112.392,180
206,CA-2017-108329,444.768,4,0.2,44.4768,194
1212,CA-2016-137050,579.136,4,0.2,21.7176,201
1800,CA-2016-121034,11.168,4,0.2,3.6296,205
223,CA-2015-169397,72.704,4,0.2,19.0848,207
1446,CA-2017-102337,164.736,4,0.2,-39.1248,234
265,CA-2016-125318,328.224,4,0.2,28.7196,241
278,CA-2017-132976,18.176,4,0.2,5.9072,254
416,CA-2017-142636,307.136,4,0.2,26.8744,270
1734,US-2016-131149,154.24,4,0.2,17.352,283
310,CA-2016-142902,15.136,4,0.2,3.5948,285
317,CA-2014-164259,99.136,4,0.2,8.6744,292
1600,CA-2017-158876,99.136,4,0.2,8.6744,292
1368,US-2017-155425,899.136,4,0.2,-146.1096,301
1843,CA-2015-135391,40.096,4,0.2,13.5324,302
337,CA-2015-137946,14.368,4,0.2,4.49,309
341,CA-2014-122336,17.856,4,0.2,1.116,313
354,CA-2016-129714,4355.168,4,0.2,1415.4296,318
377,US-2016-134656,99.136,4,0.2,30.98,336
1826,CA-2016-167507,11.84,4,0.2,3.108,347
390,CA-2017-101798,23.36,4,0.2,7.884,349
401,CA-2016-108987,131.136,4,0.2,-32.784,358
1426,CA-2015-124800,363.648,4,0.2,-86.3664,421
474,CA-2014-144666,703.968,4,0.2,87.996,423
1479,CA-2017-121468,31.968,4,0.2,2.3976,436
538,CA-2015-147851,10.752,4,0.2,3.36,477
1770,CA-2017-146024,6.976,4,0.2,-1.3952,487
556,CA-2014-155852,19.456,4,0.2,3.4048,492
558,CA-2016-113243,1335.68,4,0.2,-217.048,494
590,US-2016-156986,20.736,4,0.2,7.2576,515
1889,CA-2014-142587,121.792,4,0.2,13.7016,518
612,CA-2016-161816,15.712,4,0.2,5.6956,527
1721,CA-2016-169943,47.744,4,0.2,14.92,533
1289,CA-2016-154711,12.192,4,0.2,4.1148,541
633,US-2016-135720,300.768,4,0.2,30.0768,544
640,CA-2016-115917,15.424,4,0.2,5.0128,549
696,CA-2015-119291,47.36,4,0.2,17.76,585
698,CA-2015-119291,97.696,4,0.2,31.7512,586
712,CA-2017-146136,24.448,4,0.2,8.8624,594
746,US-2016-146710,55.168,4,0.2,6.2064,616
1459,CA-2016-123722,15.936,4,0.2,5.1792,645
807,CA-2014-134313,1983.968,4,0.2,247.996,653
822,CA-2014-140858,335.52,4,0.2,117.432,662
1468,CA-2015-100769,255.968,4,0.2,31.996,663
842,CA-2015-100454,186.048,4,0.2,9.3024,678
843,CA-2016-161669,37.44,4,0.2,11.7,679
844,CA-2016-161669,26.976,4,0.2,8.7672,680
849,CA-2017-107503,48.896,4,0.2,8.5568,683
868,CA-2016-134362,15.936,4,0.2,5.1792,696
907,CA-2017-143259,323.136,4,0.2,12.1176,719
953,CA-2017-131156,25.472,4,0.2,7.6416,746
986,CA-2017-100314,27.968,4,0.2,9.4392,761
1466,CA-2014-151708,121.376,4,0.2,-3.0344,774
1057,CA-2015-110667,9.088,4,0.2,3.2944,805
1058,CA-2017-167150,19.936,4,0.2,7.2268,806
1878,CA-2017-118885,393.568,4,0.2,-44.2764,819
1195,US-2015-130519,15.712,4,0.2,2.5532,883
1271,US-2016-103646,102.336,4,0.2,-12.792,919
1547,CA-2015-111395,335.52,4,0.2,117.432,929
1291,CA-2016-163384,13.216,4,0.2,4.4604,933
1324,CA-2017-162635,10.816,4,0.2,3.5152,947
1362,CA-2017-125199,23.68,4,0.2,7.4,965
1374,US-2014-157021,17.088,4,0.2,5.5536,970
1397,CA-2016-124485,17.216,4,0.2,6.0256,983
1420,CA-2015-124800,86.272,4,0.2,31.2736,992
1593,CA-2015-122826,201.568,4,0.2,22.6764,1065
1598,CA-2017-158876,16.896,4,0.2,5.28,1068
1638,CA-2014-168984,438.336,4,0.2,-87.6672,1086
1723,US-2015-123218,255.968,4,0.2,51.1936,1116
1727,CA-2015-127453,88.832,4,0.2,7.7728,1120
1742,CA-2017-152807,20.736,4,0.2,7.2576,1125
1942,CA-2017-144064,47.36,4,0.2,17.76,200
1945,CA-2016-108581,95.968,4,0.2,26.3912,1026
1980,CA-2016-112669,933.536,4,0.2,105.0228,286
1981,CA-2016-112669,42.976,4,0.2,4.2976,232
2011,CA-2014-116407,24.896,4,0.2,7.78,571
2028,CA-2016-113516,67.136,4,0.2,23.4976,547
2102,US-2014-140116,83.168,4,0.2,9.3564,1072
2103,CA-2014-123295,259.136,4,0.2,-25.9136,397
2112,CA-2015-164882,323.136,4,0.2,20.196,39
2114,CA-2015-164882,1295.84,4,0.2,145.782,1258
2129,CA-2015-134859,20.736,4,0.2,7.2576,1014
2159,CA-2017-148166,17.856,4,0.2,2.0088,1272
2175,CA-2015-132507,61.792,4,0.2,6.1792,1231
2208,US-2014-103905,38.272,4,0.2,3.8272,181
2217,CA-2017-129378,108.608,4,0.2,9.5032,1285
2219,CA-2017-130841,9.984,4,0.2,3.6192,750
2221,CA-2017-130841,1145.6,4,0.2,100.24,1129
2234,CA-2015-123232,319.968,4,0.2,35.9964,1291
2310,US-2017-120418,68.448,4,0.2,7.7004,81
2330,US-2015-147739,547.136,4,0.2,-68.392,1318
2385,US-2017-117534,185.92,4,0.2,62.748,928
2386,US-2017-117534,211.168,4,0.2,15.8376,1342
2434,US-2017-112613,54.368,4,0.2,4.0776,1271
2439,CA-2014-164210,35.808,4,0.2,12.5328,870
2472,US-2016-135923,451.136,4,0.2,-67.6704,1365
2473,US-2016-135923,64.864,4,0.2,6.4864,1278
2483,CA-2017-126067,35.168,4,0.2,11.4296,1370
2514,CA-2016-124506,95.968,4,0.2,1.1996,1058
2562,CA-2015-144288,9.216,4,0.2,3.3408,1197
2571,CA-2017-134404,13.248,4,0.2,3.6432,156
2620,CA-2017-115931,67.04,4,0.2,6.704,1030
2624,CA-2017-127180,11199.968,4,0.2,3919.9888,1406
2628,US-2017-165344,60.864,4,0.2,9.1296,456
2660,CA-2015-135538,883.84,4,0.2,99.432,159
2690,CA-2014-123064,5.248,4,0.2,1.64,1210
2699,CA-2014-145317,21.376,4,0.2,7.4816,130
2712,CA-2017-132430,45.888,4,0.2,9.1776,619
2748,US-2015-165449,27.168,4,0.2,-1.3584,1442
2786,CA-2015-149972,601.536,4,0.2,0,504
2795,CA-2014-154599,438.368,4,0.2,38.3572,826
2857,CA-2016-128594,1603.136,4,0.2,100.196,448
2863,CA-2017-106537,20.736,4,0.2,7.2576,1415
2898,US-2016-164630,959.968,4,0.2,119.996,1343
2911,CA-2015-118444,387.136,4,0.2,24.196,864
2950,CA-2017-134915,41.6,4,0.2,13,199
2959,CA-2015-158456,19.936,4,0.2,7.2268,806
2968,CA-2014-162866,30.016,4,0.2,3.0016,1201
2973,CA-2017-167941,259.136,4,0.2,-51.8272,463
2976,CA-2015-137512,15.936,4,0.2,5.3784,1483
2980,CA-2015-139850,20.736,4,0.2,7.2576,1485
2982,CA-2014-131310,123.136,4,0.2,13.8528,1484
2983,CA-2014-131310,11.264,4,0.2,3.8016,659
2990,CA-2016-139010,18.56,4,0.2,6.496,1478
2995,CA-2016-112893,55.36,4,0.2,18.684,1487
2997,CA-2014-138317,24.896,4,0.2,8.4024,844
2999,CA-2014-138317,95.968,4,0.2,28.7904,248
3004,CA-2017-104381,33.376,4,0.2,10.43,1135
3015,CA-2017-134845,20.736,4,0.2,7.2576,515
3030,US-2016-164189,403.168,4,0.2,25.198,1439
3033,US-2016-114293,195.136,4,0.2,-12.196,1236
3034,CA-2017-134173,20.736,4,0.2,7.2576,1125
3070,US-2017-120089,663.936,4,0.2,82.992,1491
3094,CA-2015-114468,31.68,4,0.2,2.772,563
3098,CA-2017-135692,33.12,4,0.2,11.592,324
3106,CA-2016-103037,15.712,4,0.2,5.6956,527
3126,CA-2015-121720,563.808,4,0.2,21.1428,724
3132,CA-2014-136399,627.168,4,0.2,70.5564,35
3146,CA-2017-131828,963.136,4,0.2,108.3528,1518
3190,US-2017-146416,20.928,4,0.2,7.5864,1526
3199,CA-2014-131527,95.968,4,0.2,9.5968,1529
3202,CA-2014-164224,15.936,4,0.2,5.7768,1060
3261,CA-2014-151554,20.736,4,0.2,7.2576,1538
3265,CA-2016-122518,10.08,4,0.2,3.528,1052
3298,US-2015-110569,121.792,4,0.2,13.7016,518
3336,US-2017-109253,431.968,4,0.2,37.7972,529
3350,US-2016-157308,15.712,4,0.2,5.6956,702
3370,CA-2015-115511,66.048,4,0.2,23.1168,342
3386,CA-2017-148404,580.672,4,0.2,65.3256,247
3392,CA-2014-166471,1091.168,4,0.2,68.198,644
3408,US-2014-150119,22.336,4,0.2,7.8176,777
3423,CA-2016-134803,22.72,4,0.2,7.384,21
3427,US-2017-111024,32.896,4,0.2,11.1024,1559
3461,CA-2017-114258,492.768,4,0.2,55.4364,350
3518,US-2016-113649,569.536,4,0.2,64.0728,161
3528,CA-2016-130680,38.24,4,0.2,-9.56,1395
3532,CA-2014-110849,287.968,4,0.2,97.1892,1571
3558,CA-2017-152737,21.792,4,0.2,7.6272,1295
3560,CA-2017-109757,8.256,4,0.2,0.6192,685
3563,CA-2017-109757,11.52,4,0.2,3.744,1575
3615,CA-2017-112529,31.776,4,0.2,8.7384,1078
3633,CA-2016-145177,9.216,4,0.2,3.3408,751
3637,CA-2016-145177,334.88,4,0.2,29.302,554
3658,CA-2015-128083,30.88,4,0.2,3.86,77
3693,US-2015-131359,15.488,4,0.2,3.6784,1600
3783,CA-2017-165204,720.064,4,0.2,-63.0056,914
3804,CA-2016-156503,35.008,4,0.2,13.128,471
3878,CA-2014-151001,49.632,4,0.2,3.7224,172
3879,CA-2014-151001,52.096,4,0.2,3.9072,1596
3883,CA-2015-129896,40.256,4,0.2,11.0704,1626
3904,CA-2015-167010,563.808,4,0.2,21.1428,724
3906,CA-2015-167010,547.136,4,0.2,-68.392,1318
3982,CA-2016-135265,287.968,4,0.2,-3.5996,52
4011,CA-2017-100811,39.296,4,0.2,3.9296,582
4024,CA-2017-130764,95.84,4,0.2,34.742,1648
4025,CA-2017-139311,29.664,4,0.2,10.0116,1300
4054,CA-2014-122931,20.928,4,0.2,6.8016,1232
4074,CA-2017-108112,220.064,4,0.2,55.016,574
4075,CA-2017-108112,339.136,4,0.2,0,1070
4120,CA-2017-117394,19.04,4,0.2,-1.428,1656
4150,CA-2017-106068,259.136,4,0.2,-58.3056,879
4197,US-2016-161683,394.816,4,0.2,93.7688,537
4309,CA-2014-125829,573.728,4,0.2,-64.5444,365
4312,CA-2014-125829,447.968,4,0.2,139.99,1676
4352,CA-2017-107748,95.84,4,0.2,34.742,1648
4356,CA-2015-155600,36.96,4,0.2,12.012,690
4367,CA-2017-117044,10.528,4,0.2,3.29,1336
4439,CA-2016-162726,23.68,4,0.2,7.4,965
4475,CA-2017-121300,21.248,4,0.2,7.4368,1516
4528,CA-2017-152856,116.832,4,0.2,33.5892,1327
4549,CA-2015-126557,659.168,4,0.2,49.4376,522
4563,CA-2017-129490,419.136,4,0.2,-57.6312,1612
4567,US-2017-149510,24.448,4,0.2,8.8624,834
4603,US-2015-113327,153.728,4,0.2,53.8048,1712
4623,CA-2017-147228,177.536,4,0.2,62.1376,1256
4642,CA-2017-130141,579.136,4,0.2,-28.9568,1716
4676,CA-2014-114510,33.088,4,0.2,11.1672,1355
4753,US-2015-167220,22.368,4,0.2,6.4308,1723
4768,CA-2017-158883,25.344,4,0.2,9.1872,1616
4787,CA-2015-104346,58.08,4,0.2,-6.534,1728
4818,CA-2014-139598,227.136,4,0.2,-42.588,1053
4826,US-2017-136707,14.02,4,0.2,4.9056,238
4836,CA-2017-167661,19.936,4,0.2,7.2268,806
4965,CA-2015-109708,467.04,4,0.2,58.38,1299
4981,US-2016-131114,19.04,4,0.2,-1.428,1656
4990,CA-2017-107321,689.408,4,0.2,77.5584,1514
4995,CA-2014-132227,52.064,4,0.2,18.8732,1548
5081,US-2015-137533,20.736,4,0.2,7.2576,495
5082,CA-2016-155138,35.168,4,0.2,8.3524,924
5095,US-2014-140452,35.04,4,0.2,-7.008,857
5105,CA-2014-116568,186.304,4,0.2,13.9728,1356
5111,CA-2014-138450,10.048,4,0.2,3.14,1426
5134,CA-2017-155607,93.344,4,0.2,32.6704,711
5147,CA-2017-128734,8.544,4,0.2,1.9224,1592
5249,CA-2015-106215,12.576,4,0.2,4.0872,1344
5263,CA-2014-105165,46.688,4,0.2,-2.918,1218
5311,CA-2016-123414,9.216,4,0.2,3.3408,1380
5318,US-2017-162558,20.736,4,0.2,7.2576,868
5336,CA-2015-169278,26.976,4,0.2,8.7672,680
5351,CA-2016-123932,41.92,4,0.2,15.196,1421
5364,CA-2014-123477,64.864,4,0.2,6.4864,1278
5378,CA-2014-125542,172.736,4,0.2,-30.2288,401
5402,CA-2017-123043,24.672,4,0.2,7.71,9
5415,US-2017-125647,20.736,4,0.2,7.2576,984
5433,CA-2017-129707,8.896,4,0.2,0.6672,22
5463,CA-2014-146591,56.064,4,0.2,19.6224,1324
5484,CA-2017-148999,419.136,4,0.2,-68.1096,1776
5511,US-2014-137680,32.896,4,0.2,11.1024,1559
5521,CA-2017-117667,255.968,4,0.2,-28.7964,922
5547,CA-2017-151008,126.56,4,0.2,47.46,1267
5564,CA-2017-157966,19.456,4,0.2,2.1888,1537
5655,CA-2016-145261,18.688,4,0.2,2.336,517
5659,CA-2016-145261,15.936,4,0.2,5.1792,1530
5722,CA-2015-138674,159.968,4,0.2,29.994,1244
5800,CA-2014-123225,575.968,4,0.2,43.1976,1160
5804,CA-2017-113873,61.792,4,0.2,6.1792,1231
5809,CA-2016-125017,132.224,4,0.2,-18.1808,484
5817,CA-2014-124730,17.088,4,0.2,5.7672,888
5823,CA-2017-117632,19.168,4,0.2,6.4692,1131
5837,CA-2017-133207,57.568,4,0.2,5.7568,1795
5841,CA-2015-126725,415.968,4,0.2,51.996,1797
5869,CA-2016-152247,1603.136,4,0.2,100.196,448
5939,CA-2017-122077,13.216,4,0.2,4.2952,1751
5942,CA-2016-151092,211.168,4,0.2,18.4772,196
5952,US-2017-141698,20.736,4,0.2,7.2576,1802
5996,CA-2016-162187,387.136,4,0.2,24.196,864
6053,CA-2016-124016,28,4,0.2,7.7,1477
6105,CA-2015-147011,13.632,4,0.2,3.5784,321
6123,CA-2015-142139,20.96,4,0.2,6.812,1266
6128,US-2014-158400,49.408,4,0.2,18.528,1098
6161,CA-2014-103989,11.808,4,0.2,3.9852,1150
6189,CA-2017-157903,383.84,4,0.2,47.98,1202
6200,CA-2015-146675,1439.968,4,0.2,485.9892,1088
6206,CA-2016-133697,25.248,4,0.2,7.89,555
6222,CA-2017-140627,72.704,4,0.2,19.0848,207
6226,CA-2015-133445,291.168,4,0.2,-14.5584,1475
6237,US-2016-155180,26.336,4,0.2,9.2176,1275
6255,CA-2017-139444,9.856,4,0.2,3.4496,86
6289,US-2015-139675,915.136,4,0.2,102.9528,121
6341,US-2017-105830,156.512,4,0.2,-35.2152,1177
6486,CA-2015-120621,962.08,4,0.2,156.338,229
6490,CA-2014-149594,103.936,4,0.2,16.8896,602
6493,CA-2016-113845,244.768,4,0.2,24.4768,1092
6506,US-2016-128909,19.136,4,0.2,5.98,1807
6507,US-2016-128909,332.832,4,0.2,-24.9624,581
6553,CA-2014-137092,319.968,4,0.2,71.9928,596
6606,CA-2016-148852,211.168,4,0.2,23.7564,788
6635,CA-2017-144498,627.168,4,0.2,70.5564,35
6643,US-2015-156496,438.368,4,0.2,38.3572,826
6645,US-2015-156496,133.472,4,0.2,15.0156,592
6652,US-2017-124779,20.736,4,0.2,7.2576,182
6701,CA-2015-153535,163.136,4,0.2,20.392,1165
6708,CA-2015-123141,883.84,4,0.2,99.432,159
6726,CA-2016-128811,20.704,4,0.2,7.764,631
6730,CA-2015-156734,643.136,4,0.2,56.2744,230
6731,CA-2015-156734,20.736,4,0.2,7.2576,291
6732,CA-2014-120096,177.536,4,0.2,62.1376,1507
6738,CA-2016-123358,48.032,4,0.2,15.6104,496
6782,CA-2017-121293,20.096,4,0.2,3.0144,550
6786,CA-2017-121293,20.736,4,0.2,7.2576,262
6789,CA-2015-161445,140.736,4,0.2,12.3144,402
6885,CA-2017-123036,37.056,4,0.2,8.8008,104
6902,CA-2017-111220,16,4,0.2,5.6,665
6916,CA-2014-142510,124.032,4,0.2,44.9616,977
6953,CA-2015-129917,53.568,4,0.2,19.4184,1623
6976,CA-2015-112144,621.76,4,0.2,46.632,628
6997,CA-2017-117443,175.872,4,0.2,63.7536,1093
7026,US-2017-101840,46.24,4,0.2,15.606,1817
7079,CA-2016-106950,19.456,4,0.2,3.4048,492
7129,CA-2016-166282,35.168,4,0.2,8.3524,924
7160,CA-2015-145835,16,4,0.2,5.6,665
7208,CA-2016-143476,20.736,4,0.2,7.2576,1843
7251,CA-2016-116764,9.216,4,0.2,3.3408,1849
7263,CA-2017-156363,31.68,4,0.2,11.088,1680
7267,CA-2017-122987,67.136,4,0.2,-0.8392,1028
7328,US-2014-131275,1279.968,4,0.2,415.9896,208
7345,CA-2017-168389,73.568,4,0.2,-16.5528,465
7376,US-2017-145597,54.336,4,0.2,5.4336,209
7399,CA-2014-124807,23.84,4,0.2,3.278,545
7423,CA-2017-135069,195.104,4,0.2,21.9492,1320
7454,CA-2016-137743,9.248,4,0.2,3.1212,1405
7460,US-2015-136987,639.968,4,0.2,215.9892,1715
7473,CA-2016-109652,13.568,4,0.2,3.2224,759
7482,CA-2014-113964,18.464,4,0.2,6.924,69
7532,CA-2016-107146,483.136,4,0.2,54.3528,536
7564,US-2016-166660,435.168,4,0.2,-59.8356,1366
7567,CA-2017-140802,20.736,4,0.2,7.2576,1504
7621,US-2014-144078,725.344,4,0.2,54.4008,635
7648,CA-2016-138968,1352.032,4,0.2,84.502,781
7693,CA-2014-102330,319.968,4,0.2,35.9964,1291
7728,CA-2016-106915,17.856,4,0.2,4.2408,803
7730,CA-2017-104850,291.136,4,0.2,-25.4744,1220
7731,CA-2017-140508,114.848,4,0.2,35.89,82
7733,CA-2016-165673,15.232,4,0.2,5.5216,1411
7736,CA-2014-105872,70.368,4,0.2,26.388,721
7795,CA-2015-112711,307.168,4,0.2,30.7168,1506
7802,CA-2015-102260,12,4,0.2,4.2,1182
7803,CA-2015-102260,720.064,4,0.2,-63.0056,914
7826,CA-2017-117114,508.768,4,0.2,38.1576,564
7836,CA-2015-149083,307.136,4,0.2,-11.5176,1002
7864,CA-2015-143364,18.5,4,0.2,6.7048,1861
7870,CA-2017-122112,24.448,4,0.2,8.8624,667
7872,CA-2016-101672,915.136,4,0.2,102.9528,121
7955,CA-2017-131807,435.168,4,0.2,-59.8356,1366
7963,CA-2017-104864,389.056,4,0.2,48.632,168
7964,CA-2017-104864,20.736,4,0.2,7.2576,1538
8072,CA-2017-151750,12.736,4,0.2,2.2288,709
8087,CA-2016-106621,10.496,4,0.2,1.1808,843
8107,CA-2017-159149,438.336,4,0.2,-87.6672,1086
8140,CA-2016-102561,18.496,4,0.2,6.7048,615
8143,CA-2016-100993,557.728,4,0.2,6.9716,622
8144,CA-2016-100993,159.968,4,0.2,-31.9936,142
8175,CA-2016-114944,156.512,4,0.2,52.8228,63
8196,CA-2017-102736,89.568,4,0.2,-1.1196,1141
8209,CA-2015-141565,294.368,4,0.2,-58.8736,198
8221,CA-2014-120775,15.072,4,0.2,-3.768,1868
8240,CA-2017-103065,43.936,4,0.2,6.0412,1677
8268,CA-2017-121790,31.68,4,0.2,2.772,563
8269,CA-2017-121790,2003.168,4,0.2,250.396,1747
8272,CA-2016-139549,387.136,4,0.2,4.8392,1737
8293,US-2017-168802,18.368,4,0.2,5.9696,1223
8304,CA-2017-135419,486.368,4,0.2,36.4776,1778
8365,CA-2017-157273,604.768,4,0.2,60.4768,8
8409,CA-2015-134082,110.528,4,0.2,38.6848,661
8432,US-2014-127635,6.048,4,0.2,-1.3608,978
8438,CA-2014-108861,136.96,4,0.2,51.36,1664
8441,CA-2017-145779,84.416,4,0.2,27.4352,147
8464,CA-2015-144043,46.688,4,0.2,-2.918,1218
8469,US-2017-132031,387.136,4,0.2,-14.5176,369
8513,CA-2017-141614,20.736,4,0.2,7.2576,1304
8549,CA-2015-126186,24.64,4,0.2,4.004,445
8551,CA-2015-121132,14.432,4,0.2,3.4276,490
8566,CA-2016-134110,15.232,4,0.2,5.5216,1411
8575,CA-2017-101273,14.336,4,0.2,0.896,572
8594,CA-2017-159667,499.168,4,0.2,31.198,1840
8597,US-2016-117387,67.136,4,0.2,25.176,1819
8622,US-2016-114230,39.808,4,0.2,3.9808,255
8667,CA-2016-149916,55.36,4,0.2,19.376,155
8697,CA-2017-119284,31.168,4,0.2,9.3504,223
8708,CA-2014-119144,79.968,4,0.2,-17.9928,778
8738,US-2017-131961,13.248,4,0.2,3.6432,156
8751,CA-2016-105662,93.248,4,0.2,31.4712,1875
8768,CA-2015-151722,288,4,0.2,57.6,295
8770,CA-2016-151148,83.136,4,0.2,5.196,799
8771,CA-2017-115882,942.784,4,0.2,94.2784,1229
8782,CA-2016-116911,20.416,4,0.2,6.6352,1217
8787,CA-2017-145765,271.968,4,0.2,54.3936,107
8795,CA-2014-162992,211.168,4,0.2,15.8376,671
8819,CA-2015-142930,335.52,4,0.2,117.432,662
8901,CA-2016-150483,18.496,4,0.2,6.7048,1861
8924,CA-2016-168032,1439.968,4,0.2,143.9968,1879
8954,CA-2014-156790,155.456,4,0.2,-7.7728,1206
8961,CA-2017-150266,18.688,4,0.2,3.7376,1691
9035,CA-2015-148873,108.768,4,0.2,2.7192,153
9041,CA-2014-114335,337.088,4,0.2,16.8544,1838
9052,CA-2014-141838,27.936,4,0.2,9.4284,45
9060,CA-2015-136420,89.696,4,0.2,33.636,920
9065,US-2014-151015,19.136,4,0.2,6.9368,1347
9076,US-2015-136259,27.2,4,0.2,2.04,1800
9118,CA-2017-153045,21.696,4,0.2,7.0512,997
9165,CA-2016-100300,4476.8,4,0.2,503.64,1865
9188,US-2015-130512,21.728,4,0.2,3.8024,236
9195,CA-2014-146843,102.24,4,0.2,-16.614,1584
9234,CA-2016-126732,1091.168,4,0.2,68.198,644
9277,CA-2017-122539,15.936,4,0.2,5.1792,696
9282,CA-2016-160486,72.224,4,0.2,25.2784,1457
9297,US-2015-163433,244.768,4,0.2,24.4768,1092
9312,CA-2017-148642,63.488,4,0.2,4.7616,400
9316,CA-2016-161907,769.184,4,0.2,-163.4516,264
9350,CA-2016-159009,13.216,4,0.2,4.4604,933
9370,CA-2015-111339,41.568,4,0.2,-4.1568,1856
9435,CA-2015-119627,252.8,4,0.2,-31.6,557
9444,CA-2015-104052,95.84,4,0.2,34.742,1648
9463,CA-2014-156545,19.456,4,0.2,3.4048,492
9587,US-2017-129203,195.136,4,0.2,-43.9056,894
9588,CA-2017-110940,121.536,4,0.2,15.192,109
9605,US-2017-122672,70.72,4,0.2,-6.188,178
9622,CA-2014-115133,32.896,4,0.2,11.1024,1559
9695,US-2016-151260,73.536,4,0.2,9.192,10
9697,CA-2016-122511,30.336,4,0.2,9.48,1194
9716,US-2016-144477,37.312,4,0.2,2.7984,1791
9744,CA-2017-141782,268.576,4,0.2,90.6444,561
9770,CA-2016-123533,10.528,4,0.2,3.4216,1139
9807,CA-2017-107209,194.848,4,0.2,12.178,65
9810,US-2014-139640,120.768,4,0.2,9.0576,988
9816,CA-2015-162201,516.96,4,0.2,-6.462,772
9824,US-2014-164406,17.856,4,0.2,6.2496,79
9826,US-2014-164406,195.136,4,0.2,-12.196,1236
9830,CA-2014-113257,319.968,4,0.2,95.9904,1352
9842,US-2016-125402,483.136,4,0.2,60.392,668
9843,CA-2014-163867,15.936,4,0.2,5.1792,1151
9876,US-2017-166324,848.544,4,0.2,-21.2136,1255
9922,US-2017-162124,191.968,4,0.2,28.7952,884
9978,US-2016-103674,13.376,4,0.2,4.6816,814
5,US-2015-108966,22.368,2,0.2,2.5164,5
26,CA-2016-121755,11.648,2,0.2,4.2224,25
141,CA-2016-110366,82.8,2,0.2,10.35,29
31,US-2015-150630,3.264,2,0.2,1.1016,30
34,US-2015-150630,15.76,2,0.2,3.546,33
91,CA-2016-109806,73.584,2,0.2,8.2782,41
44,CA-2017-139619,95.616,2,0.2,9.5616,43
783,US-2015-157014,24,2,0.2,-2.7,47
1613,CA-2014-156349,83.984,2,0.2,31.494,67
74,US-2015-134026,97.04,2,0.2,1.213,72
115,CA-2014-115259,4.72,2,0.2,1.652,112
925,CA-2016-149797,841.568,2,0.2,294.5488,116
1794,CA-2014-104773,60.416,2,0.2,6.0416,118
158,CA-2014-104269,457.568,2,0.2,51.4764,121
579,CA-2017-118640,69.712,2,0.2,8.714,124
129,US-2016-125969,81.424,2,0.2,-9.1602,125
132,US-2017-164147,78.304,2,0.2,29.364,128
1841,CA-2014-117345,78.304,2,0.2,29.364,128
1732,CA-2014-125136,10.688,2,0.2,3.7408,130
937,CA-2016-140081,447.696,2,0.2,33.5772,139
153,CA-2016-158834,203.184,2,0.2,15.2388,145
162,CA-2015-119697,54.384,2,0.2,1.3596,153
164,CA-2016-113817,27.68,2,0.2,9.688,155
1010,CA-2017-135034,95.984,2,0.2,5.999,162
288,CA-2016-112697,194.528,2,0.2,24.316,168
181,CA-2014-166191,24.816,2,0.2,1.8612,172
1407,US-2014-118486,116.784,2,0.2,21.897,173
1647,CA-2015-105221,35.36,2,0.2,-3.094,178
196,CA-2014-140004,7.408,2,0.2,1.2038,184
244,CA-2016-157749,7.408,2,0.2,1.2038,184
212,CA-2015-101007,20.8,2,0.2,6.5,199
213,CA-2015-146262,23.68,2,0.2,8.88,200
217,CA-2015-146262,89.584,2,0.2,4.4792,203
1367,US-2017-155425,201.584,2,0.2,15.1188,204
220,CA-2015-169397,5.584,2,0.2,1.8148,205
225,CA-2015-169397,27.168,2,0.2,2.7168,209
954,CA-2017-136539,27.168,2,0.2,2.7168,209
229,US-2015-145436,161.568,2,0.2,-28.2744,213
241,CA-2016-157749,31.984,2,0.2,11.1944,224
250,CA-2016-154739,321.568,2,0.2,28.1372,230
961,CA-2017-152142,321.568,2,0.2,28.1372,230
256,US-2015-159982,82.368,2,0.2,-19.5624,234
802,CA-2017-105809,215.968,2,0.2,18.8972,235
277,CA-2017-132976,11.648,2,0.2,4.0768,253
292,CA-2016-110772,255.984,2,0.2,54.3966,267
1518,CA-2014-111059,83.84,2,0.2,27.248,272
311,CA-2016-142902,466.768,2,0.2,52.5114,286
315,CA-2014-167850,178.384,2,0.2,22.298,290
499,CA-2016-126158,241.568,2,0.2,18.1176,293
1090,CA-2017-158407,31.984,2,0.2,1.999,298
328,US-2016-141544,54.224,2,0.2,3.389,300
336,CA-2015-137946,959.984,2,0.2,335.9944,308
1849,CA-2017-128370,7.184,2,0.2,2.245,309
338,CA-2014-129924,7.712,2,0.2,2.7956,310
1716,CA-2016-154788,7.712,2,0.2,2.7956,310
1577,CA-2016-109057,23.952,2,0.2,2.3952,330
392,US-2014-135972,246.384,2,0.2,27.7182,350
402,CA-2016-108987,57.584,2,0.2,0.7198,359
403,CA-2014-113166,9.568,2,0.2,3.4684,360
414,CA-2017-117457,113.568,2,0.2,-18.4548,370
433,US-2016-123750,4.768,2,0.2,-0.7748,386
1814,US-2017-161193,4.656,2,0.2,1.5714,399
491,CA-2014-133753,70.368,2,0.2,6.1572,402
455,CA-2017-147277,665.408,2,0.2,66.5408,406
457,US-2014-110674,129.568,2,0.2,-24.294,408
459,US-2016-157945,8.928,2,0.2,3.348,410
1463,CA-2016-152289,159.984,2,0.2,43.9956,412
466,CA-2016-109869,185.376,2,0.2,-34.758,416
467,CA-2016-109869,78.272,2,0.2,5.8704,417
1196,US-2015-130519,24.672,2,0.2,2.1588,424
1411,CA-2017-105144,23.68,2,0.2,8.88,432
490,CA-2014-133753,63.984,2,0.2,10.3974,437
503,US-2016-105578,801.568,2,0.2,50.098,448
1872,CA-2014-116932,801.568,2,0.2,50.098,448
1332,CA-2017-127705,27.44,2,0.2,2.401,460
521,CA-2015-157812,129.568,2,0.2,-25.9136,463
1887,CA-2014-140165,7.104,2,0.2,2.3976,467
1574,US-2014-157385,381.44,2,0.2,23.84,472
536,CA-2016-126613,16.768,2,0.2,1.4672,475
544,CA-2014-103849,58.112,2,0.2,7.264,482
1635,CA-2016-106530,58.112,2,0.2,7.264,482
1632,CA-2016-106530,10.688,2,0.2,3.7408,486
552,CA-2016-136406,1121.568,2,0.2,0,488
1483,CA-2017-101210,9.728,2,0.2,1.7024,492
1623,CA-2017-108560,23.168,2,0.2,7.8192,502
1633,CA-2016-106530,10.368,2,0.2,3.6288,503
602,US-2016-100720,5.84,2,0.2,0.73,508
583,CA-2017-145233,105.584,2,0.2,9.2386,511
589,US-2016-156986,84.784,2,0.2,-20.1362,514
592,US-2016-156986,10.368,2,0.2,3.6288,516
593,CA-2014-135405,9.344,2,0.2,1.168,517
599,CA-2016-120180,11.632,2,0.2,1.0178,520
1322,CA-2017-167703,285.552,2,0.2,35.694,523
613,CA-2016-121223,8.448,2,0.2,2.64,528
1427,US-2015-164448,9.728,2,0.2,3.2832,530
1297,CA-2017-115427,13.904,2,0.2,4.5188,535
685,US-2017-168116,167.44,2,0.2,14.651,554
1643,US-2014-134712,12.624,2,0.2,3.945,555
648,CA-2016-103947,30.144,2,0.2,3.0144,556
655,CA-2016-137239,113.552,2,0.2,8.5164,559
657,CA-2016-137239,134.288,2,0.2,45.3222,561
689,CA-2017-161480,191.984,2,0.2,4.7996,580
705,CA-2014-138527,10.368,2,0.2,3.6288,591
726,CA-2017-144113,17.568,2,0.2,6.3684,604
769,CA-2014-106810,310.88,2,0.2,23.316,628
1689,CA-2017-143798,310.88,2,0.2,23.316,628
992,CA-2016-110023,14.624,2,0.2,5.484,630
785,US-2015-157014,47.984,2,0.2,0.5998,638
787,CA-2017-129567,17.456,2,0.2,5.8914,640
788,CA-2015-154620,348.928,2,0.2,34.8928,641
985,CA-2017-100314,7.968,2,0.2,2.5896,645
834,CA-2016-165316,35.216,2,0.2,2.6412,672
835,CA-2016-165316,23.696,2,0.2,6.5164,673
838,US-2017-156083,9.664,2,0.2,3.2616,676
864,CA-2016-134474,5.248,2,0.2,0.5904,692
1254,CA-2017-144638,5.248,2,0.2,0.5904,692
865,CA-2016-134474,59.184,2,0.2,5.1786,693
1583,CA-2015-131338,1217.568,2,0.2,456.588,698
1744,CA-2017-152807,11.168,2,0.2,-2.5128,706
1114,CA-2017-140585,46.672,2,0.2,16.3352,711
897,CA-2016-140634,15.648,2,0.2,5.0856,712
1442,CA-2017-128160,36.672,2,0.2,11.46,716
1749,US-2014-157406,10.368,2,0.2,3.6288,730
942,CA-2016-142958,6.096,2,0.2,2.2098,739
1688,CA-2017-143798,10.368,2,0.2,3.6288,745
964,CA-2014-127488,4.608,2,0.2,1.6704,751
1274,CA-2016-119186,10.368,2,0.2,3.6288,753
983,CA-2014-163419,559.984,2,0.2,55.9984,760
1024,CA-2015-167269,6.208,2,0.2,2.1728,783
1025,CA-2017-106964,11.808,2,0.2,4.2804,784
1701,CA-2015-114069,11.808,2,0.2,4.2804,784
1051,US-2015-153500,168.464,2,0.2,-29.4812,800
1052,US-2015-153500,6.72,2,0.2,2.436,801
1059,CA-2017-167150,65.568,2,0.2,22.9488,807
1073,CA-2017-106943,8.64,2,0.2,3.024,813
1076,CA-2016-134348,31.984,2,0.2,1.999,815
1490,CA-2014-136280,5.04,2,0.2,1.764,823
1091,CA-2017-158407,71.984,2,0.2,25.1944,824
1093,CA-2015-143490,219.184,2,0.2,19.1786,826
1759,CA-2014-139017,46.864,2,0.2,7.6154,832
1112,US-2016-110156,10.368,2,0.2,3.6288,839
1722,US-2015-123218,159.984,2,0.2,11.9988,842
1661,CA-2017-127285,13.904,2,0.2,5.214,851
1145,CA-2014-146969,686.32,2,0.2,223.054,853
1772,CA-2016-129686,97.984,2,0.2,-24.496,861
1204,CA-2016-114727,593.568,2,0.2,0,886
1211,CA-2016-137050,8.544,2,0.2,2.8836,888
1218,US-2017-118087,17.024,2,0.2,1.7024,890
1875,CA-2014-147914,16.224,2,0.2,5.8812,893
1237,CA-2016-144344,63.968,2,0.2,0,900
1257,CA-2017-144638,43.872,2,0.2,11.5164,913
1319,CA-2014-160773,575.92,2,0.2,71.99,915
1708,CA-2017-123491,148.48,2,0.2,16.704,926
1298,CA-2017-115427,20.72,2,0.2,6.475,935
1311,CA-2016-141397,161.568,2,0.2,-8.0784,940
1437,CA-2017-106852,5.248,2,0.2,0.5904,959
1634,CA-2016-106530,25.12,2,0.2,1.57,962
1360,US-2014-151925,145.568,2,0.2,0,964
1422,CA-2015-124800,60.672,2,0.2,14.4096,993
1448,CA-2017-102337,47.984,2,0.2,5.998,1003
1461,CA-2015-119907,55.424,2,0.2,19.3984,1012
1472,US-2015-161466,6.848,2,0.2,0.5992,1015
1503,CA-2016-100468,33.52,2,0.2,3.352,1030
1527,CA-2016-122392,4.16,2,0.2,0.364,1036
1528,CA-2016-122392,11.648,2,0.2,3.3488,1037
1549,CA-2015-111395,27.056,2,0.2,2.3674,1046
1612,CA-2014-156349,201.584,2,0.2,20.1584,1076
1743,CA-2017-152807,7.168,2,0.2,0.9856,1084
1648,CA-2015-105221,3.168,2,0.2,-0.7128,1090
1656,US-2017-132444,8.448,2,0.2,2.9568,1096
1667,CA-2016-128531,94.992,2,0.2,-2.3748,1100
1681,CA-2014-122882,42.368,2,0.2,8.4736,1103
1685,CA-2017-149489,99.28,2,0.2,12.41,1105
1694,US-2016-158708,13.616,2,0.2,3.5742,1107
1726,CA-2015-127453,3.552,2,0.2,0.444,1119
1735,CA-2017-101483,34.848,2,0.2,6.534,1123
1805,CA-2017-158379,79.984,2,0.2,22.9954,1146
1861,US-2017-121251,257.568,2,0.2,-28.9764,1173
1869,CA-2015-127110,78.256,2,0.2,-17.6076,1177
1885,CA-2017-154718,6,2,0.2,2.1,1182
1896,CA-2015-109197,487.984,2,0.2,152.495,575
1898,CA-2014-169775,29.808,2,0.2,10.8054,1188
1904,CA-2017-167094,478.48,2,0.2,47.848,1191
1905,CA-2017-167094,28.4,2,0.2,6.745,945
1915,CA-2017-124597,4.608,2,0.2,1.6704,1197
1922,CA-2015-125178,15.008,2,0.2,1.5008,1201
1928,CA-2017-121538,88.768,2,0.2,31.0688,420
1943,CA-2017-144064,27.44,2,0.2,2.401,460
1946,CA-2016-108581,10.368,2,0.2,3.6288,1156
1974,CA-2014-148950,2.896,2,0.2,0.4706,811
1979,CA-2015-109939,5.248,2,0.2,0.5904,1221
1994,CA-2017-133648,5.344,2,0.2,0.7348,1227
2010,CA-2014-116407,333.056,2,0.2,29.1424,78
2012,CA-2015-155761,159.984,2,0.2,35.9964,596
2017,CA-2015-113110,17.568,2,0.2,6.3684,1055
2027,CA-2016-113516,33.024,2,0.2,11.5584,342
2033,CA-2016-128923,9.392,2,0.2,3.2872,713
2062,CA-2014-106439,15.968,2,0.2,5.3892,1241
2073,CA-2016-129693,7.312,2,0.2,2.5592,1214
2081,CA-2015-120103,111.984,2,0.2,11.1984,605
2082,CA-2015-120103,7.712,2,0.2,1.7352,770
2084,CA-2014-110352,23.68,2,0.2,8.88,432
2154,CA-2016-117282,14.16,2,0.2,5.133,614
2165,CA-2016-154018,8.288,2,0.2,3.0044,1274
2186,CA-2017-124576,54.896,2,0.2,18.5274,143
2197,CA-2016-136483,4.704,2,0.2,0.4116,136
2203,CA-2015-138002,6.096,2,0.2,2.1336,317
2218,CA-2014-151953,2.816,2,0.2,0.9856,1286
2227,CA-2017-130771,2.896,2,0.2,0.4706,811
2230,CA-2014-128055,673.568,2,0.2,252.588,1189
2267,CA-2017-149146,7.968,2,0.2,2.6892,1302
2274,CA-2015-142944,1119.984,2,0.2,377.9946,1307
2280,CA-2017-142622,97.568,2,0.2,-6.098,1236
2340,CA-2014-121727,10.72,2,0.2,1.742,88
2350,CA-2017-109701,69.456,2,0.2,22.5732,1326
2370,US-2016-129469,4.912,2,0.2,0.307,1335
2378,US-2014-164616,9.184,2,0.2,1.148,1337
2380,CA-2016-118052,7.216,2,0.2,1.7138,490
2381,CA-2016-118052,49.568,2,0.2,15.49,1338
2387,US-2017-117534,479.984,2,0.2,59.998,1343
2389,CA-2015-145065,24.448,2,0.2,8.8624,1345
2411,CA-2014-162684,5.68,2,0.2,1.917,1063
2423,CA-2016-155551,9.664,2,0.2,3.2616,676
2440,CA-2017-139948,7.904,2,0.2,2.1736,633
2464,CA-2017-148691,14.624,2,0.2,5.1184,1331
2474,CA-2016-114972,217.584,2,0.2,-29.9178,1366
2481,CA-2017-141992,153.584,2,0.2,-32.6366,83
2501,CA-2017-131618,12.224,2,0.2,4.4312,834
2516,CA-2014-106572,264.32,2,0.2,19.824,551
2526,CA-2015-124541,25.488,2,0.2,4.4604,1382
2529,CA-2015-124541,7.968,2,0.2,2.8884,1060
2530,CA-2014-108707,10.368,2,0.2,3.6288,745
2551,US-2015-128090,5.04,2,0.2,1.764,823
2558,US-2015-112508,6.992,2,0.2,0.5244,1312
2563,CA-2015-144288,10.368,2,0.2,3.6288,1304
2572,CA-2017-109778,2.912,2,0.2,0.91,860
2586,CA-2015-121041,6.608,2,0.2,2.1476,320
2611,CA-2014-127446,5.904,2,0.2,1.9926,1249
2614,CA-2016-137204,41.568,2,0.2,2.598,799
2633,US-2017-110604,42.624,2,0.2,4.2624,1409
2635,CA-2015-116750,4.928,2,0.2,0.7392,1410
2656,CA-2017-112515,25.584,2,0.2,8.9544,1418
2696,CA-2016-161662,30.352,2,0.2,10.6232,426
2701,CA-2014-145317,30.768,2,0.2,8.0766,1413
2725,CA-2014-153479,95.648,2,0.2,31.0856,989
2752,CA-2014-158029,225.296,2,0.2,22.5296,1164
2766,CA-2017-165757,8.928,2,0.2,0.6696,1447
2775,CA-2017-143455,10.368,2,0.2,3.6288,503
2810,CA-2015-148635,561.568,2,0.2,28.0784,1142
2823,CA-2017-131016,8.928,2,0.2,0.558,313
2824,CA-2017-131016,47.584,2,0.2,-2.974,1079
2828,US-2014-112914,3.264,2,0.2,1.1016,30
2831,CA-2016-124149,78.304,2,0.2,29.364,1458
2843,CA-2017-135650,143.728,2,0.2,-32.3388,438
2858,CA-2016-154690,225.296,2,0.2,22.5296,1164
2870,CA-2017-143861,17.088,2,0.2,1.068,1465
2876,US-2016-167339,153.568,2,0.2,-5.7588,1002
2885,CA-2016-164483,17.456,2,0.2,5.8914,640
2900,CA-2015-166464,479.984,2,0.2,59.998,1343
2920,CA-2016-160129,14.368,2,0.2,3.9512,1115
2931,CA-2015-168564,6.608,2,0.2,2.2302,933
2932,CA-2015-168564,7.28,2,0.2,2.73,250
2952,CA-2017-134915,113.888,2,0.2,9.9652,1479
2953,CA-2017-134915,113.568,2,0.2,-5.6784,1480
2954,CA-2017-134915,7.92,2,0.2,0.693,505
2955,CA-2017-134915,671.984,2,0.2,50.3988,1481
2963,CA-2017-137428,81.568,2,0.2,9.1764,24
2964,CA-2017-137428,97.184,2,0.2,6.074,165
2972,CA-2017-167941,28.272,2,0.2,6.3612,1398
2981,CA-2015-139850,43.296,2,0.2,4.3296,1263
3001,CA-2014-138317,44.416,2,0.2,3.8864,1120
3028,CA-2014-106719,8.288,2,0.2,2.6936,1493
3060,CA-2017-131492,24.368,2,0.2,-3.3506,1500
3086,CA-2017-118773,127.984,2,0.2,15.998,663
3095,CA-2015-114468,10.368,2,0.2,3.6288,1156
3120,CA-2015-121720,249.584,2,0.2,31.198,500
3122,CA-2015-121720,60.768,2,0.2,7.596,109
3125,CA-2015-121720,1036.624,2,0.2,51.8312,491
3130,CA-2014-136399,241.568,2,0.2,18.1176,293
3138,CA-2017-164168,12.224,2,0.2,4.4312,594
3139,CA-2017-164168,44.784,2,0.2,-0.5598,1141
3166,CA-2014-153969,239.984,2,0.2,23.9984,1523
3177,US-2017-132059,47.984,2,0.2,0.5998,1058
3215,CA-2016-132409,34.848,2,0.2,6.534,1123
3223,CA-2014-108189,9.408,2,0.2,3.4104,1027
3224,CA-2014-108189,4.672,2,0.2,1.46,855
3225,CA-2014-108189,318.4,2,0.2,107.46,258
3227,CA-2014-108189,15.36,2,0.2,-3.264,1533
3234,US-2017-156356,32.544,2,0.2,-7.7292,1534
3249,CA-2016-159730,113.888,2,0.2,9.9652,1479
3250,CA-2016-159730,105.584,2,0.2,7.9188,671
3254,CA-2017-110373,27.184,2,0.2,2.0388,1271
3257,CA-2015-155453,4.608,2,0.2,1.6704,751
3266,US-2014-126571,281.904,2,0.2,10.5714,724
3282,US-2014-117170,47.984,2,0.2,13.1956,1026
3306,CA-2014-104738,217.584,2,0.2,19.0386,1247
3309,CA-2014-104738,47.984,2,0.2,14.3952,248
3330,CA-2014-165309,148.48,2,0.2,16.704,926
3353,US-2014-134733,83.984,2,0.2,31.494,67
3360,CA-2016-139234,26.18,2,0.2,-3.272,969
3367,CA-2014-165379,10.368,2,0.2,3.6288,943
3388,CA-2017-148404,222.384,2,0.2,16.6788,880
3391,CA-2017-101077,6.848,2,0.2,2.14,1453
3393,CA-2014-166471,219.168,2,0.2,-43.8336,1086
3409,US-2017-150847,10.368,2,0.2,3.6288,503
3411,CA-2016-100244,271.984,2,0.2,88.3948,14
3414,CA-2016-100244,48.64,2,0.2,15.808,1009
3418,CA-2015-151841,5.84,2,0.2,0.73,508
3424,CA-2016-134803,558.4,2,0.2,41.88,1512
3444,CA-2016-116344,84.784,2,0.2,-16.9568,46
3448,CA-2016-162614,27.264,2,0.2,8.8608,829
3452,CA-2014-157609,471.92,2,0.2,29.495,1561
3455,CA-2016-166485,16.496,2,0.2,5.5674,1563
3460,CA-2017-136448,47.984,2,0.2,14.3952,248
3471,CA-2017-122644,10.848,2,0.2,3.5256,997
3472,CA-2017-122644,18.544,2,0.2,3.0134,573
3487,CA-2017-120705,147.184,2,0.2,-29.4368,198
3492,CA-2015-157322,11.168,2,0.2,3.7692,163
3496,CA-2016-107328,513.024,2,0.2,12.8256,862
3502,CA-2017-125115,10.368,2,0.2,3.6288,516
3505,CA-2014-166863,201.584,2,0.2,20.1584,1387
3509,CA-2014-166863,11.648,2,0.2,4.0768,58
3517,US-2016-113649,44.784,2,0.2,4.4784,1501
3520,CA-2015-168767,12.832,2,0.2,4.3308,388
3557,CA-2017-118542,10.128,2,0.2,3.6714,866
3601,CA-2014-159835,12.45,2,0.2,3.89,571
3610,CA-2014-140228,177.568,2,0.2,-37.7332,1459
3611,US-2016-131674,58.416,2,0.2,16.7946,1327
3612,CA-2015-110093,16.448,2,0.2,5.5512,1559
3613,CA-2015-110093,36.784,2,0.2,10.5754,44
3617,CA-2017-141929,487.984,2,0.2,152.495,575
3635,CA-2016-145177,89.568,2,0.2,32.4684,1583
3642,CA-2014-156594,487.984,2,0.2,152.495,575
3655,CA-2017-168102,113.568,2,0.2,-21.294,1053
3670,CA-2014-129364,10.368,2,0.2,3.6288,56
3701,CA-2016-126543,15.168,2,0.2,3.792,1482
3725,CA-2016-151512,18.72,2,0.2,3.51,1279
3749,CA-2017-161956,879.984,2,0.2,329.994,1599
3753,CA-2017-161956,841.568,2,0.2,294.5488,116
3769,CA-2014-153913,1.984,2,0.2,0.6696,312
3771,US-2016-101196,82.368,2,0.2,-19.5624,234
3775,US-2014-102715,10.368,2,0.2,3.6288,822
3784,CA-2017-125752,41.424,2,0.2,8.2848,1124
3803,CA-2016-156503,12.768,2,0.2,1.4364,1464
3815,CA-2016-152471,15.984,2,0.2,4.995,113
3824,CA-2015-140984,879.984,2,0.2,329.994,1599
3835,CA-2014-100363,2.368,2,0.2,0.8288,1095
3837,CA-2014-126760,911.984,2,0.2,113.998,435
3842,CA-2014-101931,7.184,2,0.2,2.245,309
3875,CA-2016-136231,108.784,2,0.2,6.799,710
3880,CA-2015-129896,9.568,2,0.2,2.99,1374
3881,CA-2015-129896,82.368,2,0.2,-19.5624,234
3898,CA-2017-102267,2.368,2,0.2,0.8288,1095
3899,CA-2017-157980,127.984,2,0.2,25.5968,431
3900,CA-2015-121097,10.368,2,0.2,3.6288,291
3901,CA-2015-151043,47.984,2,0.2,-1.1996,1628
3915,US-2017-142573,161.568,2,0.2,10.098,39
3916,US-2017-142573,16.096,2,0.2,5.2312,1631
3932,CA-2016-132094,47.984,2,0.2,13.1956,1026
3935,CA-2017-123001,201.584,2,0.2,12.599,1574
3947,CA-2016-119963,6.368,2,0.2,1.0348,183
3948,CA-2016-119963,48.848,2,0.2,15.8756,586
3949,CA-2016-119963,19.648,2,0.2,6.6312,316
3951,CA-2014-121167,17.248,2,0.2,6.0368,835
3952,US-2016-151862,159.98,2,0.2,13.9986,1635
3958,CA-2016-156573,4.448,2,0.2,0.3336,326
3978,CA-2017-101308,84.784,2,0.2,-20.1362,514
4008,CA-2015-107468,6.848,2,0.2,0.5992,1015
4010,CA-2017-100811,8.448,2,0.2,2.64,528
4027,CA-2017-139311,153.584,2,0.2,13.4386,670
4036,CA-2015-148859,24.816,2,0.2,1.551,1554
4085,CA-2016-111913,302.384,2,0.2,30.2384,8
4092,CA-2017-166576,221.024,2,0.2,-55.256,951
4105,US-2017-155999,13.76,2,0.2,4.644,485
4116,CA-2015-153416,3.168,2,0.2,0.99,930
4123,CA-2017-133823,26.032,2,0.2,9.4366,1548
4156,CA-2015-101091,47.984,2,0.2,0.5998,1058
4168,CA-2014-157924,433.568,2,0.2,-65.0352,1659
4188,CA-2017-112536,8.928,2,0.2,0.6696,1447
4200,CA-2015-143105,799.984,2,0.2,249.995,621
4210,CA-2017-109715,15.984,2,0.2,4.995,113
4218,CA-2017-149881,4799.984,2,0.2,359.9988,1519
4252,CA-2015-155068,10.688,2,0.2,2.2712,160
4253,CA-2015-155068,11.824,2,0.2,1.0346,1190
4258,CA-2016-124793,196.784,2,0.2,-22.1382,819
4285,CA-2015-105690,11.696,2,0.2,3.9474,3
4298,CA-2017-129021,49.568,2,0.2,15.49,1185
4300,CA-2017-129021,2.784,2,0.2,0.4176,859
4307,CA-2016-161095,33.568,2,0.2,11.7488,303
4334,CA-2015-112375,27.312,2,0.2,9.2178,837
4336,CA-2015-154795,14.368,2,0.2,3.9512,1115
4350,US-2017-100482,16.768,2,0.2,1.4672,475
4351,US-2017-100482,27.12,2,0.2,-4.746,664
4357,CA-2017-162565,10.368,2,0.2,3.6288,291
4384,US-2015-122784,153.584,2,0.2,13.4386,670
4389,CA-2017-111556,183.968,2,0.2,-25.2956,1132
4392,CA-2016-108868,70.368,2,0.2,6.1572,402
4396,CA-2016-148740,361.376,2,0.2,27.1032,953
4398,US-2014-138758,69.008,2,0.2,12.0764,489
4402,CA-2016-114538,11.328,2,0.2,2.5488,1686
4415,CA-2014-153983,575.92,2,0.2,71.99,915
4438,CA-2016-162726,10.368,2,0.2,3.6288,1204
4455,US-2015-146745,129.568,2,0.2,-12.9568,397
4456,US-2015-146745,6.368,2,0.2,2.1492,123
4458,CA-2017-105851,1332.496,2,0.2,-299.8116,470
4460,US-2017-125717,147.184,2,0.2,-29.4368,198
4461,US-2017-125717,54.384,2,0.2,1.3596,153
4464,US-2017-125717,209.792,2,0.2,26.224,166
4468,CA-2017-168641,321.568,2,0.2,-16.0784,1349
4476,CA-2017-121300,8.448,2,0.2,2.64,1638
4484,CA-2016-109365,9.296,2,0.2,3.0212,705
4492,CA-2014-150798,8.128,2,0.2,1.4224,539
4544,CA-2015-126557,148.48,2,0.2,16.704,926
4558,CA-2014-127383,49.568,2,0.2,17.9684,1525
4572,CA-2017-126662,479.984,2,0.2,89.997,858
4591,CA-2016-129868,302.384,2,0.2,30.2384,8
4604,US-2015-113327,12.224,2,0.2,4.4312,667
4608,CA-2015-135020,6.096,2,0.2,2.0574,541
4624,CA-2017-147228,258.48,2,0.2,-3.231,772
4643,CA-2015-147501,6.368,2,0.2,2.1492,1425
4644,CA-2015-147501,558.4,2,0.2,41.88,1512
4655,CA-2014-160738,45.248,2,0.2,3.9592,87
4656,CA-2015-112130,59.904,2,0.2,14.2272,732
4657,CA-2015-112130,23.696,2,0.2,6.5164,673
4658,CA-2015-112130,7.968,2,0.2,2.8884,391
4665,CA-2016-116232,16.56,2,0.2,5.796,324
4675,CA-2017-139416,15.008,2,0.2,1.5008,1461
4680,CA-2014-114510,62.048,2,0.2,20.1656,1587
4689,CA-2014-138681,51.968,2,0.2,10.3936,1435
4693,CA-2014-138681,8.448,2,0.2,2.64,1456
4699,CA-2017-140298,5.248,2,0.2,0.5904,1637
4700,CA-2017-140298,74.416,2,0.2,-14.8832,245
4701,CA-2017-140298,6.848,2,0.2,2.14,636
4714,CA-2017-121643,344.704,2,0.2,38.7792,1514
4715,US-2015-122910,201.584,2,0.2,20.1584,1076
4752,CA-2017-103499,209.568,2,0.2,-23.5764,546
4759,CA-2014-121573,48.896,2,0.2,18.336,1007
4760,CA-2014-121573,7.856,2,0.2,2.8478,702
4761,CA-2016-117660,5.904,2,0.2,1.9926,1675
4762,CA-2016-117660,13.712,2,0.2,1.0284,1269
4774,CA-2017-119746,222.384,2,0.2,16.6788,880
4800,US-2016-148901,4.768,2,0.2,0.4172,1730
4816,CA-2014-139598,34.656,2,0.2,5.6316,1684
4817,CA-2014-139598,81.552,2,0.2,8.1552,548
4844,US-2014-128685,7.184,2,0.2,2.245,309
4871,CA-2017-164042,1.824,2,0.2,0.6156,1734
4876,US-2014-155817,61.568,2,0.2,4.6176,1444
4898,US-2014-122021,7.968,2,0.2,2.8884,391
4911,CA-2017-127306,111.984,2,0.2,6.999,434
4945,CA-2016-151372,11.68,2,0.2,3.942,349
4970,US-2016-153815,207.984,2,0.2,-28.5978,71
4971,US-2016-153815,36.112,2,0.2,12.6392,1457
4972,US-2016-153815,35.568,2,0.2,5.7798,648
4973,US-2016-153815,88.768,2,0.2,31.0688,420
4977,CA-2015-165050,6.688,2,0.2,2.3408,814
5049,US-2014-104759,79.984,2,0.2,13.9972,654
5051,CA-2015-134922,24.4,2,0.2,7.93,376
5074,CA-2017-151071,13.904,2,0.2,4.5188,535
5089,CA-2017-132738,7.968,2,0.2,2.8884,1401
5098,US-2014-140452,35.168,2,0.2,-8.3524,212
5100,CA-2014-158442,4.448,2,0.2,0.3336,326
5136,CA-2015-146696,8.096,2,0.2,2.7324,889
5156,CA-2017-163006,1001.584,2,0.2,125.198,1747
5159,CA-2015-156146,105.584,2,0.2,9.2386,196
5160,CA-2015-156146,68.72,2,0.2,-14.603,1314
5176,CA-2016-148908,53.248,2,0.2,19.968,1208
5179,US-2015-120502,258.576,2,0.2,19.3932,299
5190,US-2017-136679,45.04,2,0.2,4.504,1494
5227,CA-2016-119865,353.568,2,0.2,-44.196,593
5229,CA-2017-124436,14.624,2,0.2,5.1184,1331
5240,CA-2016-116561,39.872,2,0.2,12.9584,447
5244,CA-2016-156265,136.464,2,0.2,15.3522,1756
5246,CA-2016-156265,12.544,2,0.2,4.704,464
5253,US-2014-131982,107.648,2,0.2,33.64,1091
5255,CA-2015-125185,33.57,2,0.2,-5.4548,1499
5289,CA-2014-146283,17.904,2,0.2,6.2664,870
5295,CA-2017-142174,89.568,2,0.2,32.4684,973
5312,CA-2016-123414,28.048,2,0.2,3.506,356
5316,US-2017-162558,11.808,2,0.2,1.3284,1268
5322,US-2017-162558,19.76,2,0.2,5.928,901
5328,CA-2015-120320,31.92,2,0.2,2.394,427
5329,CA-2016-111941,33.568,2,0.2,11.7488,303
5347,CA-2017-108539,8.544,2,0.2,2.8836,888
5352,CA-2016-123932,329.584,2,0.2,37.0782,54
5374,CA-2015-118738,10.368,2,0.2,3.6288,785
5383,CA-2016-149195,10.368,2,0.2,3.7584,331
5416,US-2017-125647,39.984,2,0.2,-8.9964,778
5419,CA-2015-110877,150.384,2,0.2,15.0384,544
5421,US-2016-151827,31.984,2,0.2,1.1994,1246
5429,CA-2014-136861,31.984,2,0.2,1.999,298
5430,CA-2017-117422,161.568,2,0.2,16.1568,1754
5436,CA-2014-103317,19.52,2,0.2,5.368,1133
5439,CA-2016-167115,588.784,2,0.2,183.995,1520
5441,CA-2017-155929,6.368,2,0.2,2.388,1772
5455,CA-2017-160962,6.848,2,0.2,0.7704,19
5472,CA-2017-116946,78.256,2,0.2,-17.6076,1177
5491,CA-2017-164098,18.16,2,0.2,1.816,76
5496,CA-2017-117821,63.92,2,0.2,19.176,242
5509,US-2017-152569,56.704,2,0.2,19.1376,131
5510,US-2017-152569,11.12,2,0.2,3.475,1102
5518,CA-2017-117667,54.768,2,0.2,6.846,1193
5568,CA-2017-157966,959.984,2,0.2,335.9944,308
5588,CA-2014-168158,6.096,2,0.2,2.2098,739
5599,CA-2014-108903,55.984,2,0.2,4.1988,1785
5605,CA-2016-134516,17.088,2,0.2,1.068,1465
5617,CA-2017-125745,19.52,2,0.2,5.368,1133
5656,CA-2016-145261,11.648,2,0.2,3.7856,1781
5661,CA-2016-108875,21.44,2,0.2,7.504,280
5663,CA-2016-141957,18.656,2,0.2,1.3992,1791
5666,CA-2016-141957,99.488,2,0.2,8.7052,828
5672,CA-2017-127922,15.84,2,0.2,5.544,1680
5673,CA-2017-127922,8.448,2,0.2,2.64,528
5695,CA-2016-126165,71.088,2,0.2,-1.7772,982
5741,US-2017-147886,532.72,2,0.2,53.272,1104
5746,CA-2016-113733,249.584,2,0.2,31.198,500
5773,CA-2016-117408,23.968,2,0.2,2.3968,357
5794,CA-2017-140186,46.672,2,0.2,16.3352,711
5801,CA-2014-123225,10.368,2,0.2,3.6288,1576
5802,CA-2015-163440,15.984,2,0.2,1.1988,436
5807,CA-2016-149783,87.168,2,0.2,8.7168,1323
5808,CA-2016-149783,31.744,2,0.2,8.3328,1598
5846,CA-2015-126725,225.568,2,0.2,2.8196,909
5860,CA-2015-157434,7.968,2,0.2,2.8884,1060
5880,CA-2016-133935,801.568,2,0.2,50.098,448
5891,CA-2016-146157,21.568,2,0.2,1.6176,148
5907,US-2016-113985,24.704,2,0.2,9.264,1098
5934,US-2017-169551,527.92,2,0.2,85.787,771
5954,CA-2014-155796,23.968,2,0.2,7.7896,1462
5969,CA-2014-141726,8.7,2,0.2,3.1552,306
5994,CA-2016-162187,13.52,2,0.2,1.69,1593
6025,CA-2017-139717,10.368,2,0.2,3.7584,1588
6028,CA-2016-157364,18.48,2,0.2,6.006,690
6042,CA-2016-117912,14.368,2,0.2,3.9512,1115
6059,CA-2014-138072,27.968,2,0.2,6.992,1590
6071,CA-2015-120901,152.688,2,0.2,-26.7204,627
6072,CA-2015-120901,3.488,2,0.2,0.5668,852
6073,CA-2015-120901,5.888,2,0.2,-1.3248,329
6084,US-2016-132577,24.032,2,0.2,-0.6008,1391
6108,CA-2016-150007,6,2,0.2,2.1,1573
6111,CA-2016-124590,110.096,2,0.2,33.0288,15
6122,CA-2017-152660,61.568,2,0.2,4.6176,1444
6133,CA-2016-148096,161.28,2,0.2,12.096,1551
6147,CA-2017-105130,40.736,2,0.2,14.7668,996
6148,CA-2016-161928,201.584,2,0.2,12.599,1574
6153,CA-2017-151484,51.968,2,0.2,10.3936,1435
6166,CA-2014-103989,170.24,2,0.2,53.2,1805
6204,CA-2017-145660,7.712,2,0.2,1.7352,770
6208,CA-2017-148138,51.168,2,0.2,-6.396,919
6231,US-2017-142188,177.568,2,0.2,8.8784,643
6257,CA-2017-141425,384.592,2,0.2,-81.7258,264
6265,CA-2014-146731,3.488,2,0.2,1.1772,841
6278,US-2016-139087,20.784,2,0.2,-4.6764,787
6280,CA-2017-152226,5.904,2,0.2,1.9926,1150
6281,CA-2015-116484,63.824,2,0.2,9.5736,1813
6301,US-2014-161305,13.984,2,0.2,4.7196,761
6320,CA-2017-160017,10.368,2,0.2,3.6288,591
6351,CA-2017-161130,361.376,2,0.2,27.1032,953
6370,CA-2016-113425,113.568,2,0.2,12.7764,1553
6374,CA-2014-107811,561.584,2,0.2,70.198,660
6376,CA-2016-163216,4.928,2,0.2,1.7248,86
6384,US-2017-104661,47.984,2,0.2,14.3952,248
6396,CA-2016-129126,23.12,2,0.2,7.803,1817
6397,CA-2017-131632,5.248,2,0.2,0.5904,281
6405,CA-2017-154074,569.568,2,0.2,7.1196,409
6411,CA-2017-161774,76.864,2,0.2,26.9024,1712
6417,CA-2016-111976,5.984,2,0.2,-1.3464,1038
6427,CA-2016-143714,10.368,2,0.2,3.6288,822
6429,CA-2014-165764,25.984,2,0.2,-1.624,726
6453,CA-2015-125710,3.44,2,0.2,0.559,1562
6476,CA-2017-140872,5.2,2,0.2,0.585,191
6481,CA-2017-140872,241.568,2,0.2,0,418
6482,CA-2017-140872,110.4,2,0.2,-4.14,1643
6491,CA-2016-113845,289.568,2,0.2,10.8588,201
6494,CA-2017-111262,24,2,0.2,-2.7,47
6496,CA-2017-111262,26.176,2,0.2,-3.272,969
6514,CA-2017-167640,206.384,2,0.2,23.2182,966
6523,CA-2016-129308,10.08,2,0.2,3.276,1649
6545,US-2017-154872,5.04,2,0.2,1.764,847
6568,CA-2014-100678,2.688,2,0.2,1.008,60
6593,CA-2016-126795,33.568,2,0.2,11.7488,547
6598,CA-2014-169257,62.016,2,0.2,22.4808,1432
6647,US-2016-127334,87.168,2,0.2,8.7168,1323
6649,US-2017-124779,319.984,2,0.2,107.9946,1715
6656,CA-2017-135937,51.168,2,0.2,-6.396,919
6658,CA-2017-135937,68.704,2,0.2,16.3172,598
6671,CA-2014-154837,49.568,2,0.2,17.3488,588
6699,CA-2017-145429,225.296,2,0.2,22.5296,1164
6703,CA-2015-139164,217.584,2,0.2,19.0386,1247
6733,CA-2014-120096,32.432,2,0.2,3.2432,1278
6734,CA-2015-141754,11.696,2,0.2,3.9474,682
6763,CA-2016-144764,35.168,2,0.2,-8.3524,212
6766,CA-2017-100615,15.76,2,0.2,3.546,33
6772,CA-2016-119018,7.712,2,0.2,2.7956,310
6793,CA-2015-145394,21.488,2,0.2,1.6116,1041
6802,CA-2016-109827,100.8,2,0.2,21.42,731
6803,CA-2016-109827,47.968,2,0.2,4.1972,1155
6845,CA-2014-147543,478.48,2,0.2,47.848,1191
6848,US-2016-163461,76.864,2,0.2,26.9024,1712
6863,CA-2017-138618,10.368,2,0.2,3.6288,1460
6864,US-2016-126452,12.672,2,0.2,4.752,747
6867,US-2016-126452,31.984,2,0.2,-7.996,1451
6907,CA-2016-140249,1001.584,2,0.2,125.198,1747
6913,CA-2015-104115,55.984,2,0.2,4.1988,105
6933,CA-2014-164182,31.984,2,0.2,1.1994,1834
6934,CA-2014-164182,41.584,2,0.2,4.6782,1072
6937,CA-2014-126963,36.544,2,0.2,11.8768,1799
6939,CA-2017-107132,102.368,2,0.2,37.1084,675
6947,CA-2015-130365,221.024,2,0.2,-55.256,951
6970,CA-2017-153822,12.624,2,0.2,-2.5248,1579
6971,CA-2017-153822,89.584,2,0.2,4.4792,203
6972,CA-2017-153822,471.92,2,0.2,29.495,1561
6974,CA-2017-146185,31.744,2,0.2,8.3328,1598
6975,CA-2015-112144,5.904,2,0.2,1.9926,1150
7003,CA-2014-133158,69.456,2,0.2,22.5732,1326
7036,CA-2014-124618,479.984,2,0.2,89.997,858
7044,US-2017-165358,9.184,2,0.2,1.148,1337
7045,CA-2016-160136,9.248,2,0.2,3.3524,1226
7049,CA-2014-141355,14.576,2,0.2,2.3686,1610
7060,CA-2016-165330,5.872,2,0.2,2.1286,1845
7063,CA-2017-127712,6.208,2,0.2,0.6984,1589
7070,CA-2016-164490,9.248,2,0.2,3.3524,615
7071,CA-2016-112256,4.448,2,0.2,0.3336,1498
7075,CA-2016-112256,13.344,2,0.2,1.0008,1069
7086,CA-2017-112004,190.896,2,0.2,-42.9516,1440
7096,CA-2016-101980,276.784,2,0.2,89.9548,1619
7101,CA-2016-144337,19.648,2,0.2,6.6312,34
7113,CA-2016-109666,9.28,2,0.2,3.248,1478
7115,US-2016-102239,5.728,2,0.2,2.0048,177
7119,CA-2017-118122,13.904,2,0.2,4.5188,535
7137,CA-2015-163965,17.44,2,0.2,1.308,379
7152,CA-2014-137911,88.768,2,0.2,31.0688,420
7159,CA-2015-145835,222.384,2,0.2,16.6788,880
7181,CA-2016-138667,40,2,0.2,0.5,1082
7184,CA-2017-133102,5.552,2,0.2,-1.041,1594
7207,CA-2016-143476,2.912,2,0.2,0.91,860
7209,CA-2016-143476,9.568,2,0.2,2.99,461
7217,CA-2015-150770,62.496,2,0.2,21.8736,1801
7219,CA-2015-150770,49.568,2,0.2,17.3488,588
7235,CA-2016-137337,69.456,2,0.2,22.5732,1326
7268,CA-2016-133368,89.568,2,0.2,32.4684,1583
7272,US-2016-150357,20.608,2,0.2,-4.3792,510
7277,CA-2016-157217,35.984,2,0.2,4.498,1837
7284,CA-2017-169439,66.112,2,0.2,-9.0904,484
7290,CA-2016-153661,50.784,2,0.2,17.7744,134
7295,CA-2014-111899,37.84,2,0.2,2.838,1585
7303,US-2017-117450,97.184,2,0.2,6.074,165
7304,US-2017-117450,10.368,2,0.2,3.6288,736
7307,CA-2016-144092,113.888,2,0.2,9.9652,1479
7322,CA-2017-167626,100.8,2,0.2,21.42,731
7333,CA-2015-125563,67.36,2,0.2,10.104,455
7336,CA-2015-113152,449.568,2,0.2,56.196,180
7357,CA-2016-114748,169.568,2,0.2,0,1070
7366,CA-2016-127243,32.544,2,0.2,-7.7292,1534
7369,CA-2015-110345,4.608,2,0.2,1.6704,789
7389,CA-2017-108035,390.368,2,0.2,48.796,2
7405,CA-2015-100146,97.568,2,0.2,-6.098,1236
7412,CA-2017-121125,35.36,2,0.2,-3.094,178
7421,US-2016-114013,126.08,2,0.2,-28.368,1852
7440,US-2017-163657,236.528,2,0.2,-2.9566,1127
7442,CA-2014-109932,10.688,2,0.2,3.7408,130
7445,CA-2017-127474,65.584,2,0.2,23.7742,1544
7453,CA-2017-134796,148.48,2,0.2,16.704,926
7455,CA-2016-137743,1036.624,2,0.2,51.8312,491
7471,CA-2015-100734,147.184,2,0.2,-29.4368,198
7495,CA-2017-121048,4.448,2,0.2,1.4456,763
7506,CA-2014-115889,46.384,2,0.2,5.2182,1140
7508,US-2017-161935,9.248,2,0.2,3.3524,827
7533,US-2017-134642,196.784,2,0.2,-22.1382,819
7541,US-2017-112347,49.616,2,0.2,4.9616,1698
7563,CA-2017-157672,63.824,2,0.2,13.5626,691
7597,CA-2014-131947,5.248,2,0.2,0.4592,1372
7607,CA-2017-121195,264.32,2,0.2,19.824,551
7627,US-2015-159499,23.344,2,0.2,-1.459,1218
7647,CA-2016-138968,4.544,2,0.2,1.6472,805
7652,CA-2017-110821,118.16,2,0.2,-25.109,237
7712,CA-2017-139353,147.184,2,0.2,-29.4368,198
7721,CA-2015-108588,13.168,2,0.2,4.6088,1275
7725,CA-2016-113978,24.224,2,0.2,-4.8448,469
7732,CA-2017-143294,10.688,2,0.2,3.7408,584
7741,CA-2015-147816,35.12,2,0.2,13.17,1535
7746,CA-2015-109113,25.488,2,0.2,4.779,795
7753,CA-2015-158323,17.088,2,0.2,1.068,1465
7754,CA-2015-161795,3.008,2,0.2,0.3384,876
7760,CA-2014-155390,42.208,2,0.2,13.7176,963
7761,CA-2017-123071,10.368,2,0.2,3.6288,1162
7769,CA-2016-155978,1039.728,2,0.2,90.9762,1159
7782,CA-2016-162236,45.248,2,0.2,3.9592,87
7784,CA-2016-162236,185.376,2,0.2,-34.758,416
7792,CA-2017-169362,39.984,2,0.2,-1.4994,612
7805,CA-2015-102260,2.816,2,0.2,0.3168,1049
7809,US-2016-137295,108.784,2,0.2,10.8784,1820
7815,US-2017-109316,17.52,2,0.2,-3.504,857
7832,CA-2016-112382,19.136,2,0.2,1.9136,181
7834,CA-2015-106257,241.568,2,0.2,-15.098,1010
7835,CA-2015-106257,479.92,2,0.2,41.993,722
7850,CA-2016-104311,5.04,2,0.2,1.764,847
7851,CA-2014-169649,8.448,2,0.2,2.9568,1743
7856,CA-2014-103429,25.584,2,0.2,8.9544,1418
7865,CA-2015-143364,441.92,2,0.2,49.716,159
7869,US-2017-166233,24,2,0.2,-2.7,47
7877,CA-2015-148705,5.04,2,0.2,1.764,1052
7883,CA-2017-118017,10.32,2,0.2,3.741,1427
7900,CA-2017-128363,1.584,2,0.2,0.4752,1445
7903,CA-2017-128363,423.648,2,0.2,47.6604,1835
7904,CA-2015-126669,76.64,2,0.2,26.824,1062
7913,US-2017-105697,25.696,2,0.2,1.9272,1240
7918,CA-2015-152513,22.848,2,0.2,7.4256,278
7940,CA-2016-146325,81.424,2,0.2,-9.1602,125
7944,CA-2017-134194,31.744,2,0.2,2.3808,1522
7951,CA-2015-145814,5.984,2,0.2,2.244,1408
7972,US-2015-126753,10.368,2,0.2,3.6288,1304
7980,CA-2014-103800,16.448,2,0.2,5.5512,1559
7992,CA-2016-133872,18.464,2,0.2,2.308,1602
8035,CA-2015-119690,4.608,2,0.2,1.6704,751
8061,CA-2015-156013,24.448,2,0.2,8.8624,1345
8066,CA-2016-132997,276.784,2,0.2,89.9548,1619
8088,CA-2015-107020,39.92,2,0.2,12.974,697
8124,US-2017-150070,161.568,2,0.2,-28.2744,213
8126,CA-2015-137064,18.528,2,0.2,4.4004,104
8169,CA-2017-107174,449.568,2,0.2,-73.0548,301
8194,CA-2015-141327,335.744,2,0.2,25.1808,222
8210,CA-2017-128769,81.568,2,0.2,7.1372,478
8219,CA-2014-120775,4.928,2,0.2,1.7248,647
8222,CA-2014-152905,12.624,2,0.2,-2.5248,1579
8234,CA-2017-102204,3.328,2,0.2,0.416,1726
8237,CA-2017-103065,4.768,2,0.2,-0.7748,386
8239,CA-2017-103065,4.448,2,0.2,1.112,1071
8241,CA-2014-109855,23.744,2,0.2,8.3104,714
8247,CA-2015-129217,36.784,2,0.2,3.6784,1254
8252,CA-2015-140221,60.416,2,0.2,6.0416,118
8270,CA-2017-121790,9.344,2,0.2,3.1536,243
8283,CA-2015-154284,59.904,2,0.2,14.2272,732
8290,CA-2014-156244,5.552,2,0.2,-1.041,1594
8297,US-2015-158911,4.928,2,0.2,0.7392,1410
8303,US-2014-120313,73.584,2,0.2,8.2782,526
8314,CA-2014-161508,3.488,2,0.2,0.5668,852
8320,CA-2015-142937,45.04,2,0.2,4.504,1494
8351,CA-2017-132199,32.448,2,0.2,7.3008,1789
8355,CA-2017-132199,8,2,0.2,2.8,665
8358,CA-2014-110555,105.584,2,0.2,9.2386,511
8360,CA-2017-147207,31.744,2,0.2,3.968,1051
8364,CA-2017-137631,751.984,2,0.2,84.5982,1158
8381,CA-2016-134544,84.784,2,0.2,-20.1362,514
8426,CA-2015-128356,10.944,2,0.2,0.9576,1872
8433,US-2014-127635,6.848,2,0.2,2.14,1555
8437,CA-2015-112823,25.488,2,0.2,4.4604,1382
8439,CA-2017-114370,49.616,2,0.2,4.9616,1698
8455,CA-2016-154081,222.384,2,0.2,22.2384,194
8467,CA-2016-168557,8.928,2,0.2,3.1248,79
8470,US-2017-132031,45.408,2,0.2,11.9196,727
8475,CA-2017-169404,65.584,2,0.2,23.7742,1544
8501,CA-2015-102316,15.984,2,0.2,1.1988,436
8511,CA-2016-103359,25.584,2,0.2,8.9544,1418
8527,CA-2017-161172,159.984,2,0.2,43.9956,412
8528,CA-2017-161172,54.224,2,0.2,3.389,300
8529,CA-2017-137624,241.424,2,0.2,-36.2136,1333
8539,CA-2017-147354,479.984,2,0.2,59.998,1343
8541,CA-2015-157287,33.568,2,0.2,1.6784,1233
8570,CA-2016-162390,479.984,2,0.2,89.997,858
8581,CA-2014-130673,10.368,2,0.2,3.6288,736
8582,CA-2014-130673,20.784,2,0.2,-3.6372,1441
8584,CA-2014-104808,17.248,2,0.2,6.0368,835
8588,CA-2015-138492,51.968,2,0.2,-10.3936,577
8589,CA-2017-145338,4.768,2,0.2,0.4768,80
8591,CA-2017-101700,18.688,2,0.2,7.008,1050
8603,US-2016-116365,30.08,2,0.2,-5.264,1213
8609,CA-2014-151946,353.568,2,0.2,-44.196,593
8621,CA-2017-104318,20.768,2,0.2,2.3364,96
8628,CA-2015-164084,6.096,2,0.2,2.0574,541
8647,US-2015-131842,97.424,2,0.2,10.9602,214
8671,US-2014-159611,118.16,2,0.2,-25.109,237
8672,CA-2017-163265,18.368,2,0.2,6.1992,273
8703,CA-2015-133494,3.552,2,0.2,0.444,1119
8728,CA-2015-103870,131.104,2,0.2,8.194,1660
8747,CA-2017-128076,30.96,2,0.2,10.062,618
8748,CA-2017-128076,239.984,2,0.2,38.9974,1780
8764,CA-2015-107083,5.344,2,0.2,0.7348,1227
8774,CA-2015-132276,10.896,2,0.2,3.8136,1295
8775,CA-2016-163636,3.536,2,0.2,0.3094,149
8780,CA-2015-133585,55.328,2,0.2,6.2244,1273
8784,US-2017-129224,4.608,2,0.2,1.6704,1197
8789,CA-2017-126914,77.73,2,0.2,-3.8864,1206
8800,CA-2017-148992,10.688,2,0.2,3.7408,1296
8820,CA-2017-100622,959.984,2,0.2,311.9948,459
8822,CA-2017-100622,55.984,2,0.2,4.1988,1785
8823,CA-2017-100622,10.688,2,0.2,3.7408,717
8832,CA-2015-153423,1217.568,2,0.2,456.588,698
8839,CA-2014-153808,65.568,2,0.2,23.7684,103
8847,CA-2017-156664,130.112,2,0.2,13.0112,729
8851,CA-2015-140718,9.392,2,0.2,3.2872,713
8857,CA-2017-135909,31.984,2,0.2,-7.996,1451
8867,CA-2014-120411,11.12,2,0.2,3.475,1102
8868,CA-2016-158260,686.4,2,0.2,77.22,1804
8875,US-2016-141264,185.376,2,0.2,-34.758,416
8882,US-2017-115252,15.984,2,0.2,1.3986,1582
8903,CA-2016-150483,10.368,2,0.2,3.6288,753
8913,CA-2017-102610,4.928,2,0.2,1.7248,1048
8917,US-2016-144057,76.64,2,0.2,26.824,138
8937,CA-2015-134117,135.984,2,0.2,16.998,1517
8939,CA-2015-134117,92.96,2,0.2,31.374,928
8950,CA-2017-150910,46.864,2,0.2,7.6154,832
8975,CA-2017-156622,78.304,2,0.2,29.364,1458
8987,CA-2015-123092,105.584,2,0.2,9.2386,196
8988,CA-2015-123092,9.344,2,0.2,1.168,517
8992,CA-2017-159100,18.528,2,0.2,4.4004,104
8996,US-2017-116491,35.184,2,0.2,12.3144,728
8997,CA-2017-122763,56.704,2,0.2,19.1376,260
9011,CA-2015-137071,100.8,2,0.2,21.42,731
9015,CA-2016-131639,13.488,2,0.2,4.3836,680
9029,CA-2014-138198,13.904,2,0.2,4.5188,535
9044,CA-2017-137463,5.984,2,0.2,2.244,1408
9053,CA-2014-141838,28.784,2,0.2,2.8784,1795
9085,CA-2016-126102,276.784,2,0.2,89.9548,1619
9099,CA-2017-152933,10.368,2,0.2,3.7584,553
9102,CA-2015-163181,84.784,2,0.2,-16.9568,46
9105,CA-2015-163181,177.648,2,0.2,-28.8678,1695
9107,CA-2015-132941,22.368,2,0.2,1.6776,1369
9109,CA-2015-132941,207.984,2,0.2,36.3972,1315
9116,CA-2017-153045,31.968,2,0.2,6.3936,566
9130,CA-2016-130911,18.656,2,0.2,1.6324,1143
9142,US-2017-166688,8.288,2,0.2,3.0044,1521
9151,US-2015-106873,14.576,2,0.2,2.3686,1610
9152,US-2015-106873,23.2,2,0.2,1.45,176
9154,CA-2016-132990,19.312,2,0.2,3.1382,1761
9187,US-2015-130512,3.488,2,0.2,-0.6976,487
9191,US-2015-130512,49.568,2,0.2,15.49,765
9193,CA-2015-141810,344.704,2,0.2,38.7792,1514
9238,CA-2017-138156,147.568,2,0.2,-3.6892,743
9251,CA-2017-155712,107.648,2,0.2,33.64,1091
9276,CA-2016-113236,47.92,2,0.2,11.98,543
9283,CA-2017-102218,11.696,2,0.2,3.9474,150
9296,US-2015-163433,41.424,2,0.2,8.2848,1124
9301,US-2015-163433,97.968,2,0.2,6.123,1782
9311,CA-2017-148642,4.928,2,0.2,1.7248,86
9324,CA-2017-121853,594.816,2,0.2,59.4816,881
9327,US-2017-130687,455.712,2,0.2,34.1784,12
9335,CA-2017-110198,4.608,2,0.2,1.4976,1595
9346,CA-2017-109085,30.144,2,0.2,8.2896,1166
9366,CA-2014-108147,68.48,2,0.2,25.68,1664
9378,CA-2016-117625,7.072,2,0.2,2.3868,1887
9381,CA-2014-154158,424.272,2,0.2,-10.6068,1255
9395,CA-2014-125997,801.568,2,0.2,-10.0196,1260
9401,CA-2014-159814,4.272,2,0.2,0.9612,1592
9406,CA-2014-152618,8.448,2,0.2,2.64,1768
9414,CA-2015-127824,249.584,2,0.2,15.599,1840
9417,CA-2014-148285,10.368,2,0.2,3.6288,785
9431,CA-2015-111864,5.904,2,0.2,1.9926,1885
9432,CA-2015-119627,30.08,2,0.2,-5.264,1213
9439,US-2014-154655,22.24,2,0.2,2.502,1216
9442,CA-2017-165904,16.256,2,0.2,1.2192,403
9443,CA-2017-165904,219.184,2,0.2,19.1786,826
9449,CA-2014-140032,8.608,2,0.2,3.0128,983
9454,CA-2015-129546,36.784,2,0.2,-8.2764,465
9474,CA-2015-100818,5.904,2,0.2,1.9926,1150
9481,CA-2017-150504,18.16,2,0.2,1.816,76
9482,CA-2015-158351,319.984,2,0.2,91.9954,657
9488,CA-2015-156566,572.8,2,0.2,50.12,1129
9528,CA-2017-156958,9.296,2,0.2,3.0212,705
9529,CA-2017-101637,12.768,2,0.2,0.9576,869
9531,CA-2017-102729,55.616,2,0.2,5.5616,1167
9535,CA-2016-116596,9.728,2,0.2,3.2832,530
9543,CA-2015-135251,56.704,2,0.2,19.1376,1763
9547,CA-2016-131744,6.848,2,0.2,2.14,1555
9555,CA-2015-111612,3.008,2,0.2,0.564,1024
9560,CA-2016-129280,51.968,2,0.2,10.3936,1435
9563,CA-2016-129280,6,2,0.2,2.1,1361
9567,CA-2014-130428,4.032,2,0.2,1.0584,185
9570,CA-2015-113131,33.568,2,0.2,1.6784,1233
9571,CA-2015-113131,15.84,2,0.2,5.544,1680
9596,CA-2017-104619,276.784,2,0.2,89.9548,1619
9612,CA-2016-110086,239.984,2,0.2,23.9984,1523
9615,CA-2014-128524,2033.584,2,0.2,762.594,454
9621,CA-2014-115133,3.152,2,0.2,0.4728,1870
9626,CA-2017-103520,9.248,2,0.2,3.3524,1861
9643,CA-2014-104563,481.568,2,0.2,54.1764,1518
9645,US-2017-107979,35.168,2,0.2,-8.3524,212
9653,CA-2017-161893,95.984,2,0.2,11.998,1607
9672,CA-2016-114867,7.968,2,0.2,2.6892,1242
9710,CA-2014-114251,273.568,2,0.2,-34.196,1318
9714,CA-2014-114251,58.416,2,0.2,16.7946,1327
9715,CA-2016-116379,57.584,2,0.2,20.1544,382
9719,CA-2017-166835,221.024,2,0.2,-55.256,951
9724,CA-2015-117898,12.224,2,0.2,4.4312,667
9729,CA-2014-111962,10.048,2,0.2,3.14,1392
9745,CA-2017-137505,364.08,2,0.2,9.102,344
9746,CA-2017-137505,71.088,2,0.2,-1.7772,982
9750,CA-2016-113390,5.344,2,0.2,0.668,1431
9771,CA-2016-123533,42.384,2,0.2,4.2384,1289
9781,CA-2016-153178,673.568,2,0.2,252.588,1189
9796,CA-2015-128608,10.368,2,0.2,1.5552,315
9799,CA-2015-128608,10.384,2,0.2,2.2066,1722
9802,CA-2015-122973,3.328,2,0.2,1.2064,74
9805,CA-2016-136322,45.568,2,0.2,9.6832,1157
9818,CA-2015-162201,4.448,2,0.2,0.3336,452
9868,CA-2014-114195,68.704,2,0.2,16.3172,598
9871,CA-2017-146269,290.336,2,0.2,32.6628,247
9872,CA-2017-146269,19.152,2,0.2,1.197,794
9874,CA-2016-166653,63.968,2,0.2,19.99,897
9896,CA-2014-156342,62.016,2,0.2,22.4808,1697
9898,CA-2016-112830,82.64,2,0.2,0,1733
9904,CA-2014-122609,127.984,2,0.2,25.5968,431
9930,CA-2015-104948,9.872,2,0.2,3.4552,1509
9937,CA-2016-164889,71.088,2,0.2,-1.7772,982
9952,CA-2015-141593,55.264,2,0.2,20.724,305
9955,CA-2015-141593,273.568,2,0.2,10.2588,985
9959,CA-2017-137421,9.344,2,0.2,1.8688,1691
9961,CA-2015-168088,65.584,2,0.2,23.7742,1138
9963,CA-2015-143700,10.368,2,0.2,3.6288,943
9972,CA-2016-130225,99.568,2,0.2,33.6042,639
9976,US-2016-103674,249.584,2,0.2,31.198,500
9991,CA-2017-121258,258.576,2,0.2,19.3932,299
9995,CA-2017-126914,77.728,2,0.2,-3.8864,1206
1838,CA-2014-117345,17.544,3,0.2,5.9211,3
1737,CA-2017-101483,4.368,3,0.2,0.3822,7
9,CA-2014-115812,18.504,3,0.2,5.7825,9
13,CA-2017-114412,15.552,3,0.2,5.4432,13
14,CA-2016-161389,407.976,3,0.2,132.5922,14
20,CA-2014-143336,213.48,3,0.2,16.011,20
1263,CA-2017-105053,17.472,3,0.2,6.3336,25
30,US-2015-150630,124.2,3,0.2,15.525,29
35,CA-2017-107727,29.472,3,0.2,9.9468,34
582,CA-2017-145233,470.376,3,0.2,52.9173,35
193,CA-2015-102281,626.352,3,0.2,46.9764,38
78,US-2017-118038,27.24,3,0.2,2.724,76
513,CA-2016-106341,7.152,3,0.2,0.7152,80
85,US-2017-119662,230.376,3,0.2,-48.9549,83
98,CA-2017-157833,51.312,3,0.2,17.9592,95
584,CA-2017-145233,31.152,3,0.2,3.5046,96
101,CA-2016-158568,95.976,3,0.2,-10.7973,98
1467,CA-2014-151708,95.976,3,0.2,-10.7973,98
1276,CA-2016-119186,14.352,3,0.2,5.2026,100
105,US-2015-156867,102.36,3,0.2,-3.8385,102
1048,CA-2016-169103,102.36,3,0.2,-3.8385,102
1007,CA-2015-105312,7.08,3,0.2,2.478,112
116,CA-2014-115259,23.976,3,0.2,7.4925,113
346,CA-2017-169901,47.976,3,0.2,4.7976,127
138,CA-2016-145583,76.176,3,0.2,26.6616,134
1056,CA-2015-110667,82.344,3,0.2,27.7911,143
189,CA-2016-157000,20.016,3,0.2,6.255,146
903,CA-2017-132353,323.976,3,0.2,20.2485,151
165,CA-2014-139892,9.936,3,0.2,2.7324,156
167,CA-2014-139892,275.928,3,0.2,-58.6347,158
171,CA-2014-139892,143.976,3,0.2,8.9985,162
650,CA-2016-160745,302.376,3,0.2,22.6782,174
1088,CA-2016-166163,71.976,3,0.2,7.1976,175
188,CA-2016-157000,37.224,3,0.2,3.7224,179
1394,CA-2017-124828,9.552,3,0.2,1.5522,183
197,CA-2014-140004,6.048,3,0.2,1.5876,185
200,US-2017-124303,16.056,3,0.2,5.8203,188
1500,CA-2017-130386,16.056,3,0.2,5.8203,188
201,CA-2017-105074,21.744,3,0.2,6.795,189
702,CA-2017-114552,15.072,3,0.2,4.1448,193
1356,US-2014-160444,220.776,3,0.2,-44.1552,198
594,CA-2014-135405,31.2,3,0.2,9.75,199
219,CA-2016-130162,302.376,3,0.2,22.6782,204
1879,CA-2017-118885,302.376,3,0.2,22.6782,204
1533,CA-2017-159884,8.376,3,0.2,2.7222,205
1564,CA-2015-158554,11.352,3,0.2,4.1151,206
235,US-2017-100930,258.072,3,0.2,0,218
236,US-2017-100930,617.976,3,0.2,-7.7247,219
1815,CA-2015-131597,170.136,3,0.2,-8.5068,225
1513,CA-2017-112809,200.064,3,0.2,12.504,227
1217,US-2017-118087,95.88,3,0.2,28.764,242
267,CA-2017-136826,14.016,3,0.2,4.7304,243
270,US-2017-145366,57.576,3,0.2,21.591,246
274,CA-2015-155334,10.92,3,0.2,4.095,250
280,CA-2017-132976,24.84,3,0.2,8.694,256
667,CA-2017-132682,85.056,3,0.2,28.7064,260
295,CA-2014-111451,230.352,3,0.2,20.1558,270
296,CA-2014-111451,218.352,3,0.2,-24.5646,271
1164,CA-2014-127964,125.76,3,0.2,40.872,272
298,CA-2014-111451,27.552,3,0.2,9.2988,273
528,CA-2017-113558,45.696,3,0.2,5.1408,287
604,CA-2014-149958,45.696,3,0.2,5.1408,287
313,CA-2016-142902,6.264,3,0.2,2.0358,288
316,CA-2014-167850,15.552,3,0.2,5.4432,291
1194,US-2015-130519,15.552,3,0.2,5.4432,291
1848,CA-2017-128370,362.352,3,0.2,27.1764,293
974,CA-2014-115791,30.072,3,0.2,10.1493,302
339,CA-2014-129924,698.352,3,0.2,-17.4588,311
1072,CA-2016-152814,29.472,3,0.2,9.9468,316
1208,CA-2016-137050,9.144,3,0.2,3.2004,317
372,CA-2017-104745,53.424,3,0.2,4.6746,332
380,CA-2015-130792,23.832,3,0.2,2.6811,339
383,CA-2016-134775,49.536,3,0.2,17.3376,342
386,US-2015-168935,83.976,3,0.2,-1.0497,345
1064,CA-2015-161263,7.872,3,0.2,1.2792,348
611,CA-2016-161816,369.576,3,0.2,41.5773,350
395,CA-2017-102946,75.792,3,0.2,25.5798,353
976,US-2017-103247,75.792,3,0.2,25.5798,353
399,CA-2016-108987,35.952,3,0.2,3.5952,357
1760,CA-2014-141817,19.536,3,0.2,4.884,361
407,CA-2017-117457,1199.976,3,0.2,434.9913,363
596,CA-2014-131450,1199.976,3,0.2,434.9913,363
1269,CA-2017-121412,29.328,3,0.2,3.666,393
839,US-2016-137547,21.072,3,0.2,1.5804,405
1203,CA-2016-114727,854.352,3,0.2,10.6794,409
462,CA-2015-109638,51.312,3,0.2,18.6006,413
891,CA-2017-132934,51.312,3,0.2,18.6006,413
741,CA-2014-112326,272.736,3,0.2,-64.7748,421
1205,CA-2016-114727,338.04,3,0.2,-33.804,429
1733,US-2016-131149,338.04,3,0.2,-33.804,429
719,CA-2014-104472,59.808,3,0.2,19.4376,447
524,US-2016-139486,55.176,3,0.2,-12.4146,465
527,CA-2017-113558,683.952,3,0.2,42.747,468
529,US-2015-138303,36.336,3,0.2,-7.2672,469
1877,CA-2017-112039,470.376,3,0.2,47.0376,474
554,CA-2017-101945,10.824,3,0.2,2.5707,490
930,CA-2017-144932,14.592,3,0.2,2.5536,492
563,CA-2014-145576,13.128,3,0.2,3.7743,498
566,CA-2017-137099,374.376,3,0.2,46.797,500
570,CA-2017-156951,451.152,3,0.2,0,504
635,CA-2017-144694,235.944,3,0.2,85.5297,513
607,CA-2014-149958,131.904,3,0.2,47.8152,524
759,CA-2017-117240,13.128,3,0.2,4.2666,525
631,US-2016-135720,243.384,3,0.2,-51.7191,542
634,CA-2017-144694,17.88,3,0.2,2.4585,545
638,US-2016-123470,122.328,3,0.2,12.2328,548
1062,CA-2015-161263,45.216,3,0.2,4.5216,556
1519,CA-2014-111059,13.272,3,0.2,4.3134,560
666,CA-2017-132682,23.76,3,0.2,2.079,563
668,CA-2017-132682,381.576,3,0.2,28.6182,564
678,US-2017-119438,27.816,3,0.2,4.5201,573
1238,CA-2016-144344,165.048,3,0.2,41.262,574
681,CA-2016-164511,14.352,3,0.2,4.6644,576
704,CA-2015-142027,369.912,3,0.2,-13.8717,590
718,CA-2017-108910,103.056,3,0.2,24.4758,598
740,CA-2014-112326,11.784,3,0.2,4.2717,613
932,CA-2017-144932,13.872,3,0.2,5.0286,615
754,CA-2016-110499,1199.976,3,0.2,374.9925,621
1180,CA-2016-168081,258.696,3,0.2,64.674,625
1219,US-2017-118087,258.696,3,0.2,64.674,625
1371,US-2015-103471,14.04,3,0.2,1.5795,634
1669,CA-2016-128531,14.04,3,0.2,1.5795,634
778,CA-2015-144267,544.008,3,0.2,40.8006,635
1201,CA-2016-114727,544.008,3,0.2,40.8006,635
919,CA-2016-165218,149.352,3,0.2,50.4063,639
806,CA-2014-134313,43.176,3,0.2,4.3176,652
1544,CA-2014-107181,82.896,3,0.2,29.0136,661
936,CA-2016-140081,15.552,3,0.2,5.4432,686
1006,CA-2015-111199,115.296,3,0.2,40.3536,700
1665,CA-2016-128531,297.576,3,0.2,-7.4394,701
880,CA-2017-111689,68.472,3,0.2,23.1093,703
886,CA-2015-143602,13.944,3,0.2,4.5318,705
896,CA-2016-105494,70.008,3,0.2,24.5028,711
909,CA-2017-143259,52.776,3,0.2,19.791,721
926,CA-2014-132962,15.552,3,0.2,5.4432,730
1418,CA-2015-126697,151.2,3,0.2,32.13,731
931,CA-2017-144932,89.856,3,0.2,21.3408,732
933,CA-2017-114216,12.192,3,0.2,4.1148,733
951,US-2017-110576,15.552,3,0.2,5.4432,745
959,CA-2017-102414,15.552,3,0.2,5.6376,748
1308,CA-2016-141397,17.712,3,0.2,6.4206,784
1476,CA-2016-113138,17.712,3,0.2,6.4206,784
1026,CA-2016-126529,15.552,3,0.2,5.4432,785
1636,CA-2014-168984,15.552,3,0.2,5.4432,785
1027,CA-2016-126529,63.312,3,0.2,20.5764,786
1034,CA-2016-109820,15.696,3,0.2,5.1012,790
1038,CA-2015-127418,36.624,3,0.2,13.734,792
1040,CA-2017-121818,28.728,3,0.2,1.7955,794
1043,CA-2016-102981,722.352,3,0.2,90.294,796
1060,CA-2016-105284,4.416,3,0.2,1.6008,808
1660,CA-2017-127285,88.752,3,0.2,27.735,812
1110,US-2016-110156,40.968,3,0.2,13.8267,837
1135,US-2016-134908,7.56,3,0.2,2.646,847
1136,US-2016-148803,85.224,3,0.2,7.4571,848
1833,CA-2015-131422,207,3,0.2,25.875,874
1566,CA-2015-132101,453.576,3,0.2,39.6879,875
1191,CA-2017-117212,892.224,3,0.2,89.2224,881
1235,CA-2016-144344,47.952,3,0.2,13.7862,899
1243,US-2016-162859,398.352,3,0.2,124.485,904
1259,US-2016-168620,540.048,3,0.2,-47.2542,914
1502,CA-2017-130386,540.048,3,0.2,-47.2542,914
1261,CA-2017-117079,863.88,3,0.2,107.985,915
1278,CA-2016-148698,86.352,3,0.2,5.397,923
1282,CA-2017-122154,15.12,3,0.2,4.914,927
1284,CA-2017-122154,251.64,3,0.2,88.074,929
1507,CA-2017-154935,17.88,3,0.2,5.5875,995
1438,CA-2015-139731,263.88,3,0.2,42.8805,999
1450,CA-2015-145821,88.752,3,0.2,11.094,1005
1750,US-2014-157406,6.24,3,0.2,0.546,1036
1531,CA-2015-103793,74.352,3,0.2,23.235,1040
1567,CA-2015-129112,21.48,3,0.2,-0.2685,1054
1575,CA-2014-101602,40.68,3,0.2,-9.153,1059
1603,US-2016-132857,6.672,3,0.2,1.668,1071
1610,US-2016-115819,9.336,3,0.2,3.2676,1075
1615,US-2016-113509,83.976,3,0.2,-13.6461,1077
1631,CA-2016-106530,1006.056,3,0.2,88.0299,1085
1659,CA-2017-161809,160.776,3,0.2,10.0485,1097
1666,CA-2016-128531,4.344,3,0.2,0.8688,1099
1668,CA-2016-128531,74.352,3,0.2,23.235,1101
1671,CA-2017-159457,16.68,3,0.2,5.2125,1102
1725,CA-2015-127453,434.352,3,0.2,43.4352,1118
1748,CA-2016-155670,10.272,3,0.2,3.21,1126
1801,CA-2016-121034,53.952,3,0.2,17.5344,1145
1811,CA-2016-165484,54.816,3,0.2,17.8152,1149
1828,CA-2016-109344,1127.976,3,0.2,126.8973,1158
1865,US-2016-100839,24.96,3,0.2,4.368,1174
1916,CA-2017-124597,15.528,3,0.2,4.8525,908
1917,CA-2017-124597,11.952,3,0.2,3.8844,645
1924,CA-2016-156685,47.616,3,0.2,3.5712,400
1927,US-2016-139710,177.48,3,0.2,19.9665,1203
1931,US-2017-101539,659.976,3,0.2,49.4982,911
1941,CA-2016-112109,662.88,3,0.2,74.574,159
1971,CA-2017-140242,6.408,3,0.2,0.6408,1137
1975,CA-2014-148950,35.016,3,0.2,-2.1885,1218
1995,CA-2017-133648,11.304,3,0.2,-2.1195,1228
2009,CA-2014-116407,4.224,3,0.2,0.4752,1049
2013,CA-2015-155761,46.344,3,0.2,4.6344,1231
2039,CA-2015-122287,11.952,3,0.2,4.3326,1234
2045,CA-2014-129168,15.552,3,0.2,5.4432,998
2064,CA-2014-106439,19.296,3,0.2,6.03,1243
2066,CA-2014-106439,146.352,3,0.2,-9.147,1236
2070,CA-2015-133452,710.832,3,0.2,-97.7394,1245
2099,CA-2017-124401,37.68,3,0.2,2.355,962
2101,US-2014-140116,636.408,3,0.2,-15.9102,1255
2106,US-2014-167633,15.552,3,0.2,5.4432,984
2109,CA-2015-164882,398.352,3,0.2,124.485,904
2122,CA-2017-158246,215.976,3,0.2,-2.6997,52
2127,CA-2014-126032,86.376,3,0.2,1.0797,359
2128,CA-2015-134859,64.944,3,0.2,6.4944,1263
2164,CA-2016-154018,191.976,3,0.2,23.997,663
2169,CA-2017-117870,14.016,3,0.2,1.752,517
2170,CA-2017-117870,71.976,3,0.2,-8.997,707
2173,CA-2014-152296,19.752,3,0.2,6.9132,1275
2192,CA-2016-128412,153.552,3,0.2,51.8238,1253
2199,CA-2015-135363,15.552,3,0.2,5.4432,90
2206,CA-2016-164350,67.56,3,0.2,8.445,1282
2225,CA-2017-121909,54.816,3,0.2,17.8152,1287
2247,CA-2017-103380,659.976,3,0.2,49.4982,911
2276,CA-2014-157882,122.352,3,0.2,13.7646,24
2286,CA-2016-112676,14.352,3,0.2,5.2026,1310
2307,CA-2015-160794,27.216,3,0.2,9.8658,758
2313,US-2017-120418,215.592,3,0.2,-48.5082,438
2326,CA-2015-105102,79.872,3,0.2,29.952,1208
2329,CA-2017-138422,14.352,3,0.2,5.2026,1317
2344,US-2014-155894,123.552,3,0.2,-29.3436,234
2357,CA-2015-111514,239.976,3,0.2,80.9919,1328
2409,CA-2017-144589,359.976,3,0.2,130.4913,1350
2414,CA-2014-151295,629.064,3,0.2,31.4532,742
2418,CA-2017-168655,79.872,3,0.2,29.952,1208
2422,CA-2016-155551,230.376,3,0.2,-48.9549,83
2453,CA-2017-140949,9.144,3,0.2,3.0861,541
2462,CA-2015-142419,98.352,3,0.2,34.4232,807
2478,CA-2017-102750,1322.352,3,0.2,-99.1764,600
2500,US-2017-133781,37.608,3,0.2,12.6927,1375
2509,CA-2017-163902,196.776,3,0.2,14.7582,1378
2541,CA-2015-113404,700.152,3,0.2,78.7671,286
2543,CA-2014-164385,143.952,3,0.2,14.3952,817
2590,CA-2016-137729,246.168,3,0.2,21.5397,241
2608,CA-2014-127446,24.672,3,0.2,0,1404
2612,CA-2014-127446,15.696,3,0.2,5.1012,790
2615,CA-2014-147298,230.28,3,0.2,23.028,373
2639,CA-2017-108441,13.128,3,0.2,4.2666,525
2652,CA-2017-112515,10.776,3,0.2,3.5022,1383
2653,CA-2017-112515,11.784,3,0.2,4.2717,702
2667,CA-2016-111794,79.512,3,0.2,20.8719,466
2686,CA-2016-133123,95.952,3,0.2,29.985,897
2692,US-2016-144211,15.48,3,0.2,5.6115,1427
2693,US-2016-144211,108.576,3,0.2,8.1432,1428
2700,CA-2014-145317,8.016,3,0.2,1.002,1431
2702,CA-2014-145317,18.936,3,0.2,5.9175,555
2703,CA-2014-145317,122.352,3,0.2,15.294,1165
2710,CA-2015-121797,1919.976,3,0.2,215.9973,1161
2714,CA-2014-110100,302.376,3,0.2,37.797,1436
2721,CA-2014-121286,8.376,3,0.2,2.7222,205
2745,CA-2015-140144,125.976,3,0.2,47.241,67
2750,US-2014-141257,585.552,3,0.2,73.194,1443
2771,US-2015-122140,47.976,3,0.2,1.7991,1246
2773,CA-2017-158967,19.104,3,0.2,5.7312,746
2780,CA-2017-108322,2.376,3,0.2,0.7425,1450
2821,CA-2016-160500,298.776,3,0.2,7.4694,211
2822,CA-2017-100202,302.376,3,0.2,22.6782,204
2833,CA-2014-148915,155.976,3,0.2,54.5916,1437
2844,CA-2017-112865,36.048,3,0.2,-0.9012,1391
2869,CA-2016-115588,38.976,3,0.2,-2.436,726
2871,CA-2014-148040,74.352,3,0.2,23.235,1338
2872,CA-2014-148040,314.352,3,0.2,-35.3646,546
2914,CA-2014-113929,39.552,3,0.2,14.3376,92
2935,US-2016-169040,431.976,3,0.2,26.9985,1419
2940,US-2016-169040,59.808,3,0.2,19.4376,447
2969,CA-2017-167941,499.584,3,0.2,43.7136,78
2984,US-2014-112872,53.424,3,0.2,4.6746,332
3008,CA-2014-130729,34.272,3,0.2,11.1384,278
3027,CA-2017-169054,254.352,3,0.2,0,1070
3040,CA-2017-101749,171.288,3,0.2,-6.4233,725
3061,CA-2016-144554,119.976,3,0.2,22.4955,1244
3076,CA-2014-143903,342.864,3,0.2,38.5722,387
3081,CA-2017-101182,43.176,3,0.2,15.1116,838
3100,CA-2017-131233,10.776,3,0.2,3.5022,1383
3101,CA-2017-131233,242.352,3,0.2,9.0882,719
3113,CA-2016-150350,837.6,3,0.2,62.82,1512
3121,CA-2015-121720,48.672,3,0.2,7.3008,1513
3134,CA-2014-107916,12.672,3,0.2,4.4352,1096
3136,CA-2017-164168,77.952,3,0.2,-15.5904,577
3147,CA-2017-131828,88.776,3,0.2,7.7679,693
3156,CA-2014-128986,93.024,3,0.2,33.7212,977
3160,US-2016-162677,119.976,3,0.2,-17.9964,968
3174,US-2016-133879,13.392,3,0.2,1.5066,1272
3187,CA-2014-123498,74.352,3,0.2,26.9526,1525
3191,US-2015-163783,12.672,3,0.2,-3.168,1527
3201,CA-2014-164224,149.232,3,0.2,3.7308,1306
3211,US-2017-108245,13.392,3,0.2,5.022,410
3218,CA-2017-104640,931.176,3,0.2,314.2719,766
3228,CA-2014-108189,230.376,3,0.2,20.1579,670
3238,CA-2016-146836,45.576,3,0.2,15.9516,415
3252,CA-2017-119389,60.312,3,0.2,5.2773,1281
3253,CA-2017-110373,7.056,3,0.2,2.205,428
3256,CA-2016-155474,19.296,3,0.2,6.03,1243
3267,US-2014-126571,201.432,3,0.2,67.9833,561
3288,CA-2015-157770,494.376,3,0.2,49.4376,767
3299,CA-2017-136308,1919.976,3,0.2,215.9973,1161
3303,US-2014-159926,60.312,3,0.2,5.2773,1281
3305,CA-2014-104738,12.984,3,0.2,4.7067,905
3307,CA-2014-104738,328.776,3,0.2,28.7679,826
3316,CA-2017-169978,14.376,3,0.2,4.8519,1131
3321,CA-2014-134551,662.88,3,0.2,74.574,159
3327,CA-2014-165309,67.56,3,0.2,6.756,1494
3331,CA-2014-165309,241.176,3,0.2,15.0735,1172
3332,CA-2017-122595,227.976,3,0.2,28.497,1545
3333,CA-2017-122595,52.68,3,0.2,19.755,1535
3338,US-2017-109253,568.728,3,0.2,28.4364,11
3368,CA-2014-165379,14.352,3,0.2,4.485,1374
3380,CA-2017-142867,10.272,3,0.2,3.21,1555
3387,CA-2017-148404,18.936,3,0.2,5.9175,555
3433,CA-2017-131212,24.816,3,0.2,8.3754,1355
3454,CA-2015-153626,5.16,3,0.2,0.8385,1562
3456,CA-2017-136448,71.976,3,0.2,19.7934,1026
3457,CA-2017-136448,22.512,3,0.2,2.2512,1461
3469,CA-2015-100888,47.952,3,0.2,16.1838,687
3491,CA-2015-157322,435.504,3,0.2,48.9942,247
3503,CA-2017-125115,95.736,3,0.2,20.3439,691
3508,CA-2014-166863,15.552,3,0.2,5.4432,785
3513,CA-2017-140326,17.76,3,0.2,5.55,965
3514,CA-2017-140326,6.912,3,0.2,0.864,132
3529,CA-2015-141145,87.168,3,0.2,10.896,482
3541,CA-2016-157511,5.352,3,0.2,1.6056,1364
3550,CA-2016-152555,45.528,3,0.2,15.9348,1248
3575,CA-2015-143532,14.496,3,0.2,4.8924,676
3596,CA-2014-102869,15.552,3,0.2,5.4432,745
3598,CA-2014-102869,17.472,3,0.2,5.0232,1037
3607,CA-2014-163559,139.44,3,0.2,47.061,928
3608,CA-2014-140228,6.912,3,0.2,2.5056,751
3609,CA-2014-140228,27.096,3,0.2,2.0322,1021
3620,CA-2016-109743,40.776,3,0.2,4.5873,1403
3629,CA-2017-155957,52.272,3,0.2,9.801,1123
3636,CA-2016-145177,22.248,3,0.2,7.5087,1300
3657,CA-2015-128083,8.688,3,0.2,2.9322,137
3659,CA-2015-128083,6.408,3,0.2,1.4418,1592
3666,CA-2014-129364,52.68,3,0.2,19.755,1535
3671,CA-2014-129364,39.072,3,0.2,2.9304,1596
3675,CA-2017-154109,47.952,3,0.2,16.1838,371
3706,CA-2017-160087,23.832,3,0.2,6.5538,1078
3710,CA-2017-113670,510.24,3,0.2,6.378,216
3724,CA-2017-127264,7.056,3,0.2,2.205,428
3743,CA-2016-137848,49.536,3,0.2,17.3376,342
3751,CA-2017-161956,230.28,3,0.2,23.028,373
3773,US-2014-102715,6.912,3,0.2,2.3328,1606
3774,US-2014-102715,383.976,3,0.2,81.5949,267
3778,US-2017-148768,71.976,3,0.2,8.997,1003
3782,CA-2017-165204,8.904,3,0.2,3.339,1112
3788,CA-2016-169971,62.376,3,0.2,7.0173,1072
3795,US-2014-117163,333,3,0.2,-16.65,1609
3797,CA-2017-121314,251.64,3,0.2,88.074,662
3802,CA-2016-156503,93.024,3,0.2,33.7212,1432
3811,CA-2015-113628,146.136,3,0.2,16.4403,214
3819,CA-2017-141873,12.816,3,0.2,4.3254,888
3820,CA-2017-141873,314.352,3,0.2,-15.7176,1230
3836,CA-2014-100363,19.008,3,0.2,6.8904,1616
3838,CA-2014-126760,674.352,3,0.2,-109.5822,301
3841,US-2014-109162,170.352,3,0.2,10.647,479
3857,US-2017-105389,10.272,3,0.2,0.8988,1015
3861,CA-2014-135755,40.176,3,0.2,14.5638,1623
3862,CA-2014-135755,10.896,3,0.2,3.9498,110
3872,CA-2015-132486,842.352,3,0.2,42.1176,1142
3873,CA-2016-136231,23.472,3,0.2,7.6284,712
3876,CA-2016-136231,10.272,3,0.2,3.21,1470
3884,CA-2014-152849,4.368,3,0.2,0.3822,7
3896,CA-2017-134285,3.552,3,0.2,1.2432,1095
3897,CA-2017-134285,15.552,3,0.2,5.4432,89
3911,CA-2017-126788,470.376,3,0.2,52.9173,1630
3918,US-2017-142573,311.976,3,0.2,-42.8967,71
3921,CA-2016-110044,359.976,3,0.2,35.9976,1523
3931,CA-2016-132094,5.472,3,0.2,1.6416,1633
3936,CA-2015-118955,28.752,3,0.2,9.3444,1634
3937,CA-2015-118955,27.216,3,0.2,9.8658,758
3959,CA-2016-156573,44.76,3,0.2,14.547,1636
3964,CA-2016-120257,7.872,3,0.2,0.8856,1637
3965,CA-2014-164910,7.872,3,0.2,0.8856,281
3990,CA-2014-137589,286.344,3,0.2,-64.4274,1440
3991,CA-2015-161998,63.552,3,0.2,14.2992,756
3992,CA-2015-161998,41.376,3,0.2,4.6548,616
4004,CA-2016-145730,36.6,3,0.2,11.895,376
4040,CA-2014-110786,14.352,3,0.2,4.6644,576
4041,CA-2014-110786,191.976,3,0.2,19.1976,521
4051,CA-2014-122931,4.224,3,0.2,1.4784,1286
4059,CA-2015-124058,572.16,3,0.2,35.76,472
4060,CA-2016-129196,68.112,3,0.2,17.8794,727
4061,US-2015-138716,25.032,3,0.2,7.8225,1135
4066,CA-2014-102673,10.272,3,0.2,0.8988,1015
4079,CA-2015-165414,47.976,3,0.2,4.7976,127
4083,US-2017-151316,10.272,3,0.2,3.21,1470
4086,CA-2016-111913,20.952,3,0.2,7.0713,45
4087,CA-2016-111913,11.784,3,0.2,3.9771,187
4091,CA-2016-161473,14.352,3,0.2,4.6644,576
4113,CA-2015-116687,8.856,3,0.2,2.9889,1150
4114,CA-2015-116687,158.376,3,0.2,13.8579,994
4125,CA-2017-123239,91.032,3,0.2,-2.2758,774
4131,CA-2015-111703,11.952,3,0.2,4.0338,818
4132,CA-2015-111703,15.552,3,0.2,5.6376,221
4139,CA-2017-127313,37.392,3,0.2,2.337,453
4152,CA-2017-100160,15.552,3,0.2,5.4432,943
4153,CA-2017-100160,4.896,3,0.2,1.6524,30
4158,CA-2014-126907,15.696,3,0.2,5.1012,1232
4170,CA-2015-100216,54.816,3,0.2,17.8152,934
4193,CA-2015-150875,304.776,3,0.2,22.8582,145
4231,CA-2017-100223,15.552,3,0.2,5.6376,1669
4234,CA-2014-168823,11.352,3,0.2,4.1151,206
4241,CA-2014-133704,20.232,3,0.2,6.5754,680
4254,CA-2017-163160,63.312,3,0.2,20.5764,820
4289,US-2015-117184,14.088,3,0.2,4.9308,713
4306,CA-2016-161095,7.752,3,0.2,2.8101,512
4310,CA-2014-125829,21.936,3,0.2,8.226,630
4315,CA-2015-115945,88.752,3,0.2,27.735,812
4319,CA-2014-152345,23.976,3,0.2,-5.6943,1147
4324,US-2015-147662,14.352,3,0.2,0.897,887
4325,US-2015-147662,71.976,3,0.2,0.8997,1058
4329,CA-2017-149853,15.552,3,0.2,5.4432,1678
4381,CA-2015-152891,253.176,3,0.2,-31.647,441
4387,CA-2016-156811,25.032,3,0.2,7.8225,1135
4404,CA-2015-164336,34.8,3,0.2,2.175,176
4405,CA-2015-164336,38.976,3,0.2,-2.436,726
4418,CA-2014-160157,190.848,3,0.2,-21.4704,126
4421,CA-2014-117016,15.552,3,0.2,2.3328,315
4463,US-2017-125717,14.352,3,0.2,5.2026,1693
4472,CA-2017-121300,239.976,3,0.2,65.9934,412
4474,CA-2017-121300,15.552,3,0.2,5.4432,1304
4490,CA-2017-105921,418.296,3,0.2,5.2287,622
4506,US-2014-138247,818.376,3,0.2,51.1485,644
4509,CA-2017-167003,171.288,3,0.2,-6.4233,725
4522,CA-2017-105445,9.432,3,0.2,3.0654,1344
4532,CA-2014-140403,122.352,3,0.2,13.7646,24
4536,CA-2017-138464,86.376,3,0.2,30.2316,382
4547,CA-2015-126557,6.912,3,0.2,0.6912,655
4551,US-2014-165862,351.216,3,0.2,4.3902,1224
4552,US-2014-106334,230.28,3,0.2,23.028,373
4561,CA-2015-118871,110.352,3,0.2,8.2764,1704
4565,US-2017-149510,45.216,3,0.2,4.5216,556
4581,CA-2016-120250,25.632,3,0.2,3.8448,1708
4592,CA-2016-129868,146.352,3,0.2,-5.4882,1557
4594,CA-2016-129868,902.712,3,0.2,33.8517,217
4612,US-2017-165953,47.616,3,0.2,3.5712,400
4616,CA-2015-159863,134.376,3,0.2,6.7188,203
4620,CA-2017-145219,90.48,3,0.2,33.93,446
4622,CA-2017-147228,8.832,3,0.2,-1.9872,329
4625,CA-2017-147228,14.136,3,0.2,4.2408,327
4660,CA-2015-112130,27.552,3,0.2,-0.3444,1718
4662,CA-2015-112130,76.752,3,0.2,-9.594,919
4690,CA-2014-138681,71.976,3,0.2,21.5928,248
4691,CA-2014-138681,242.352,3,0.2,-42.4116,213
4725,CA-2016-131968,671.544,3,0.2,50.3658,139
4727,CA-2014-119151,275.952,3,0.2,-37.9434,1132
4729,CA-2016-124681,15.576,3,0.2,3.3099,1722
4750,CA-2016-127649,837.6,3,0.2,62.82,1512
4751,CA-2016-159989,40.68,3,0.2,-9.153,1059
4755,CA-2017-126354,115.296,3,0.2,40.3536,1724
4767,CA-2015-123155,359.88,3,0.2,22.4925,1198
4769,US-2016-114888,11.952,3,0.2,4.1832,597
4786,CA-2015-104346,4.224,3,0.2,0.4752,831
4791,CA-2015-104346,85.056,3,0.2,28.7064,1729
4792,CA-2015-104346,27.696,3,0.2,9.6936,97
4798,US-2016-148901,30.192,3,0.2,8.3028,1626
4808,CA-2014-149055,62.808,3,0.2,21.1977,1261
4813,CA-2016-121370,48.576,3,0.2,9.7152,1731
4815,CA-2014-139598,18.264,3,0.2,6.1641,231
4825,CA-2016-140018,77.952,3,0.2,15.5904,1435
4829,CA-2016-152408,13.776,3,0.2,4.4772,1223
4845,CA-2015-124044,10.512,3,0.2,3.6792,238
4856,CA-2015-137526,70.008,3,0.2,24.5028,711
4863,CA-2016-125164,49.848,3,0.2,16.8237,352
4873,CA-2017-164042,48.816,3,0.2,-11.5938,1534
4877,US-2014-155817,6.192,3,0.2,0.4644,685
4909,CA-2017-127306,18.336,3,0.2,6.6468,594
4915,CA-2015-161830,14.952,3,0.2,5.4201,806
4934,CA-2015-106978,4.512,3,0.2,0.846,1024
4935,CA-2015-155124,16.776,3,0.2,1.6776,1738
4979,US-2016-131114,20.568,3,0.2,1.5426,1269
4986,CA-2016-149279,15.552,3,0.2,5.4432,495
4989,CA-2017-107321,6.672,3,0.2,2.1684,763
5028,CA-2014-151792,239.976,3,0.2,53.9946,596
5046,CA-2016-158694,5.184,3,0.2,1.8144,878
5054,CA-2015-141243,7.056,3,0.2,0.7938,458
5065,CA-2017-142090,383.976,3,0.2,81.5949,267
5083,CA-2016-155138,64.704,3,0.2,23.4552,992
5091,CA-2017-156720,3.024,3,0.2,-0.6048,244
5099,CA-2015-141936,19.152,3,0.2,6.4638,419
5102,CA-2014-158442,15.552,3,0.2,5.4432,13
5104,CA-2015-167374,16.776,3,0.2,5.0328,61
5113,CA-2016-147970,15.552,3,0.2,5.4432,1321
5114,CA-2016-150658,10.776,3,0.2,3.3675,309
5132,CA-2015-123330,107.976,3,0.2,37.7916,824
5148,CA-2017-128734,842.376,3,0.2,105.297,660
5163,CA-2015-161627,170.352,3,0.2,-17.0352,57
5177,CA-2016-123015,4.992,3,0.2,1.6848,257
5198,CA-2016-103982,3930.072,3,0.2,-786.0144,1376
5200,CA-2016-103982,431.976,3,0.2,32.3982,1160
5245,CA-2016-156265,333.576,3,0.2,33.3576,194
5259,CA-2017-158722,45.528,3,0.2,15.9348,646
5260,CA-2014-105165,196.776,3,0.2,14.7582,1378
5264,CA-2014-105165,21.864,3,0.2,3.5529,1610
5346,CA-2017-108539,10.896,3,0.2,3.9498,110
5366,CA-2017-158071,88.776,3,0.2,7.7679,693
5369,CA-2017-147403,85.056,3,0.2,28.7064,1763
5372,CA-2015-118738,15.552,3,0.2,5.4432,90
5387,CA-2017-164707,167.976,3,0.2,10.4985,434
5390,CA-2017-163874,26.352,3,0.2,9.5526,1055
5409,CA-2017-108854,90.48,3,0.2,33.93,446
5422,US-2016-163258,11.232,3,0.2,3.9312,611
5438,CA-2014-103317,213.216,3,0.2,15.9912,1771
5466,CA-2014-107706,16.176,3,0.2,6.066,958
5467,CA-2016-122448,122.352,3,0.2,13.7646,24
5468,CA-2014-132451,585.552,3,0.2,73.194,2
5485,CA-2014-107573,23.472,3,0.2,7.6284,712
5487,CA-2017-134495,23.976,3,0.2,-5.6943,1147
5488,CA-2017-134495,6.264,3,0.2,2.0358,957
5489,CA-2017-134495,20.808,3,0.2,1.8207,1309
5490,CA-2017-134495,218.352,3,0.2,-19.1058,1220
5503,CA-2017-127782,20.136,3,0.2,1.2585,1640
5504,CA-2017-127782,8.856,3,0.2,2.8782,439
5512,US-2014-137680,22.776,3,0.2,7.6869,1614
5519,CA-2017-117667,13.392,3,0.2,3.1806,803
5529,CA-2017-136609,115.296,3,0.2,40.3536,1724
5541,US-2017-150595,22.344,3,0.2,2.5137,666
5552,US-2014-159618,79.512,3,0.2,20.8719,466
5569,CA-2017-157966,15.552,3,0.2,5.6376,553
5571,CA-2014-151162,98.376,3,0.2,35.6613,1544
5573,CA-2014-151162,17.472,3,0.2,5.6784,1781
5601,CA-2014-108903,142.488,3,0.2,-3.5622,1100
5610,CA-2015-145828,53.04,3,0.2,-4.641,178
5628,CA-2017-148810,273.552,3,0.2,-13.6776,1788
5639,CA-2014-154893,572.16,3,0.2,35.76,472
5657,CA-2016-145261,112.776,3,0.2,-8.4582,440
5660,CA-2016-145261,28.68,3,0.2,-7.17,1395
5671,CA-2015-141012,140.376,3,0.2,8.7735,1746
5685,CA-2015-131072,98.352,3,0.2,35.6526,103
5700,CA-2016-125661,40.752,3,0.2,15.282,624
5706,CA-2017-136000,40.176,3,0.2,14.5638,1623
5721,CA-2015-138674,91.176,3,0.2,4.5588,1316
5724,CA-2014-103191,331.536,3,0.2,-82.884,951
5735,CA-2014-111773,13.92,3,0.2,4.872,1478
5738,CA-2017-156139,38.376,3,0.2,13.4316,1418
5747,CA-2016-113733,68.112,3,0.2,17.8794,727
5748,CA-2016-113733,16.56,3,0.2,-2.484,1719
5757,CA-2015-119634,46.152,3,0.2,12.1149,1413
5765,US-2014-126340,333.576,3,0.2,25.0182,880
5776,CA-2016-105277,15.528,3,0.2,5.823,631
5780,US-2015-159513,71.976,3,0.2,24.2919,1793
5803,US-2017-106796,10.272,3,0.2,1.1556,1056
5806,CA-2016-149783,12.192,3,0.2,4.1148,733
5812,US-2015-163279,1487.976,3,0.2,185.997,653
5816,CA-2014-124730,12.912,3,0.2,4.6806,62
5824,CA-2014-115056,26.136,3,0.2,1.9602,939
5832,CA-2016-142895,6.264,3,0.2,2.0358,957
5855,CA-2015-112214,23.04,3,0.2,-4.896,1533
5875,CA-2015-130554,11.736,3,0.2,1.0269,569
5885,US-2014-109456,14.352,3,0.2,5.0232,961
5892,CA-2016-146157,81.576,3,0.2,2.0394,153
5910,US-2016-113985,104.184,3,0.2,33.8598,1326
5930,US-2017-169551,15.552,3,0.2,5.4432,262
5932,US-2017-169551,13.392,3,0.2,1.0044,1447
5933,US-2017-169551,16.776,3,0.2,4.8231,1723
5936,CA-2016-103107,177.48,3,0.2,19.9665,1203
5937,CA-2016-103107,71.976,3,0.2,8.997,1003
5959,CA-2016-127138,770.352,3,0.2,77.0352,629
5966,CA-2017-119011,107.88,3,0.2,10.788,1539
5992,US-2017-163300,184.752,3,0.2,-20.7846,392
5998,US-2014-112991,338.352,3,0.2,4.2294,909
6001,CA-2014-124079,87.96,3,0.2,7.6965,1153
6012,CA-2015-135580,287.88,3,0.2,35.985,1202
6022,CA-2014-130869,7.08,3,0.2,2.478,112
6040,CA-2017-122364,859.2,3,0.2,75.18,1129
6041,CA-2017-122364,506.28,3,0.2,177.198,1803
6043,CA-2017-145702,314.352,3,0.2,-35.3646,546
6045,CA-2015-113215,238.152,3,0.2,89.307,1081
6052,CA-2016-124016,11.952,3,0.2,4.0338,1035
6070,CA-2017-167542,17.544,3,0.2,5.9211,682
6074,CA-2017-121398,153.552,3,0.2,51.8238,1253
6097,CA-2017-100111,11.784,3,0.2,3.9771,187
6118,CA-2017-143378,191.976,3,0.2,19.1976,521
6119,CA-2017-143378,23.832,3,0.2,6.5538,1078
6135,CA-2015-105613,27.696,3,0.2,3.462,1602
6154,CA-2017-151484,51.336,3,0.2,5.7753,81
6156,CA-2017-151484,42.408,3,0.2,9.5418,1398
6160,CA-2014-103989,323.976,3,0.2,28.3479,529
6162,CA-2014-103989,26.16,3,0.2,1.962,379
6164,CA-2014-103989,4.992,3,0.2,1.3728,1045
6165,CA-2014-103989,20.016,3,0.2,5.5044,1710
6167,CA-2015-142433,117.456,3,0.2,44.046,128
6170,CA-2016-141523,34.25,3,0.2,11.5587,1414
6196,CA-2017-113453,71.376,3,0.2,-4.461,1079
6201,CA-2015-146675,43.56,3,0.2,-4.9005,1728
6224,CA-2017-140627,218.352,3,0.2,-54.588,73
6227,CA-2014-148782,88.776,3,0.2,7.7679,693
6229,CA-2016-148208,55.176,3,0.2,15.8631,44
6236,CA-2016-144400,57.576,3,0.2,21.591,246
6260,CA-2015-162607,14.592,3,0.2,4.9248,530
6279,US-2016-139087,12.816,3,0.2,4.1652,970
6282,CA-2015-116484,141.552,3,0.2,-26.541,1787
6286,CA-2016-121020,239.976,3,0.2,17.9982,842
6287,CA-2014-100090,502.488,3,0.2,-87.9354,1031
6292,CA-2015-151253,88.776,3,0.2,7.7679,693
6298,CA-2014-169852,36.36,3,0.2,12.2715,59
6303,CA-2017-162712,74.352,3,0.2,23.235,1101
6307,CA-2016-163328,47.952,3,0.2,16.7832,1701
6308,CA-2016-163328,650.352,3,0.2,-97.5528,1659
6321,CA-2014-123316,7.752,3,0.2,2.8101,512
6404,CA-2015-156328,177.48,3,0.2,19.9665,1203
6409,CA-2017-161774,47.952,3,0.2,16.1838,1818
6432,CA-2014-165764,410.352,3,0.2,-51.294,1318
6437,US-2017-116897,302.376,3,0.2,22.6782,1463
6452,US-2015-110261,158.376,3,0.2,13.8579,994
6473,CA-2016-113292,871.8,3,0.2,87.18,972
6478,CA-2017-140872,15.552,3,0.2,5.4432,1156
6495,CA-2017-111262,15.552,3,0.2,5.4432,291
6505,CA-2016-152331,5.304,3,0.2,0.4641,149
6509,CA-2017-102197,50.352,3,0.2,17.6232,303
6515,US-2017-116652,218.352,3,0.2,0,964
6529,CA-2014-103744,6.936,3,0.2,2.3409,873
6534,CA-2014-128209,2152.776,3,0.2,726.5619,1187
6537,CA-2014-169684,98.352,3,0.2,-24.588,358
6542,US-2017-107888,107.88,3,0.2,10.788,1539
6548,CA-2014-113880,17.472,3,0.2,5.6784,1781
6554,CA-2014-137092,505.32,3,0.2,31.5825,1700
6570,CA-2014-100678,149.352,3,0.2,50.4063,639
6571,CA-2014-100678,227.976,3,0.2,28.497,1545
6576,CA-2017-123085,170.352,3,0.2,-17.0352,57
6590,CA-2014-164749,9.912,3,0.2,3.2214,623
6603,CA-2017-146346,146.352,3,0.2,-32.9292,894
6608,CA-2016-148852,371.976,3,0.2,116.2425,1542
6610,CA-2016-168921,19.296,3,0.2,6.03,1243
6630,CA-2016-105081,698.352,3,0.2,52.3764,1013
6654,CA-2017-135937,333.576,3,0.2,25.0182,880
6695,US-2016-155103,415.176,3,0.2,134.9322,1619
6696,US-2016-155103,35.232,3,0.2,11.4504,916
6700,CA-2017-145429,50.352,3,0.2,17.6232,303
6705,CA-2015-139164,143.976,3,0.2,8.9985,162
6709,CA-2015-123141,230.352,3,0.2,20.1558,270
6711,CA-2017-163069,9.912,3,0.2,1.239,1034
6714,CA-2017-107629,39.264,3,0.2,-4.908,969
6719,CA-2016-130442,34.944,3,0.2,3.0576,946
6739,CA-2014-144029,102.624,3,0.2,7.6968,1371
6741,CA-2014-144029,13.392,3,0.2,3.1806,803
6742,US-2017-101784,122.136,3,0.2,-13.7403,125
6776,US-2016-152373,93.456,3,0.2,-17.523,42
6783,CA-2017-121293,37.752,3,0.2,4.2471,1832
6794,CA-2015-145394,239.976,3,0.2,26.9973,1291
6801,CA-2016-109827,45.12,3,0.2,-7.896,1213
6807,CA-2015-128125,98.376,3,0.2,35.6613,450
6817,CA-2014-144414,3266.376,3,0.2,1061.5722,318
6832,CA-2015-112522,8.016,3,0.2,1.002,1431
6862,CA-2017-128965,218.352,3,0.2,-19.1058,1220
6871,CA-2016-145009,11.952,3,0.2,3.8844,696
6874,CA-2014-124394,119.976,3,0.2,-17.9964,968
6888,CA-2017-120222,73.344,3,0.2,27.504,1007
6935,CA-2017-137365,95.976,3,0.2,-10.7973,98
6952,CA-2015-129917,11.808,3,0.2,4.1328,1192
7019,CA-2014-124737,15.552,3,0.2,5.4432,1843
7021,CA-2014-124737,4.224,3,0.2,1.2672,249
7033,CA-2016-145548,55.008,3,0.2,17.19,716
7034,CA-2016-145548,35.232,3,0.2,11.4504,916
7035,CA-2017-119494,523.392,3,0.2,52.3392,641
7040,CA-2017-103443,24.816,3,0.2,8.3754,1355
7048,CA-2016-119515,15.552,3,0.2,5.4432,1576
7055,CA-2016-165330,35.808,3,0.2,11.19,533
7061,CA-2015-132633,12.144,3,0.2,4.0986,889
7062,CA-2016-157742,27.792,3,0.2,10.422,1790
7081,CA-2016-106950,1012.68,3,0.2,303.804,1083
7100,CA-2014-159625,23.472,3,0.2,8.802,1181
7105,CA-2017-128944,38.784,3,0.2,7.272,1389
7139,CA-2015-163965,290.352,3,0.2,-36.294,433
7149,CA-2015-166583,971.88,3,0.2,109.3365,1258
7164,CA-2014-122070,9.912,3,0.2,3.3453,933
7167,CA-2014-117464,717.72,3,0.2,71.772,1191
7169,CA-2014-117464,170.352,3,0.2,19.1646,1180
7174,US-2017-141677,74.352,3,0.2,23.235,1338
7176,US-2017-141677,32.232,3,0.2,2.4174,1041
7185,CA-2017-133102,8.016,3,0.2,1.002,1431
7189,CA-2016-164399,203.976,3,0.2,25.497,1517
7190,CA-2016-164399,674.352,3,0.2,-8.4294,1688
7212,US-2016-119046,11.232,3,0.2,3.9312,611
7222,CA-2017-113075,40.68,3,0.2,-7.119,664
7223,CA-2016-109953,110.376,3,0.2,12.4173,41
7246,US-2014-127978,15.12,3,0.2,4.914,1758
7317,CA-2017-158120,19.608,3,0.2,6.6177,1828
7321,CA-2017-167626,8.904,3,0.2,3.339,1112
7334,CA-2015-125563,54.528,3,0.2,14.3136,207
7361,CA-2016-163594,194.352,3,0.2,-36.441,408
7362,CA-2016-163594,36.624,3,0.2,13.734,792
7375,CA-2017-100580,36.024,3,0.2,11.7078,496
7378,CA-2015-136224,10.272,3,0.2,1.1556,1056
7391,CA-2017-160031,74.352,3,0.2,23.235,1185
7406,CA-2015-100146,722.352,3,0.2,81.2646,1518
7424,CA-2017-135069,36.672,3,0.2,6.4176,683
7432,CA-2014-161249,4.464,3,0.2,-0.9486,809
7434,CA-2015-148180,9.144,3,0.2,3.0861,541
7443,CA-2014-109932,237.096,3,0.2,20.7459,601
7449,CA-2017-105669,9.912,3,0.2,3.2214,106
7492,US-2017-160836,10.272,3,0.2,3.21,1453
7501,CA-2017-121048,470.376,3,0.2,52.9173,35
7529,US-2017-106145,17.04,3,0.2,5.538,21
7530,US-2017-106145,931.176,3,0.2,314.2719,766
7531,CA-2016-107146,266.352,3,0.2,-13.3176,1334
7552,CA-2014-140396,12.96,3,0.2,4.536,813
7566,CA-2017-140802,47.976,3,0.2,8.3958,85
7581,CA-2015-169656,422.856,3,0.2,15.8571,724
7592,CA-2016-158778,7.872,3,0.2,0.5904,974
7596,CA-2015-164567,225.576,3,0.2,22.5576,544
7598,CA-2014-131947,38.256,3,0.2,4.782,956
7645,CA-2015-161452,892.224,3,0.2,89.2224,881
7650,CA-2015-101889,19.872,3,0.2,6.7068,1471
7651,CA-2017-110821,119.448,3,0.2,-13.4379,101
7676,CA-2014-142951,23.472,3,0.2,4.9878,1627
7708,CA-2014-139542,40.776,3,0.2,0.5097,1645
7711,CA-2017-139353,77.952,3,0.2,15.5904,1435
7713,CA-2017-139353,47.952,3,0.2,16.1838,1818
7715,US-2017-101518,40.776,3,0.2,0.5097,1645
7726,CA-2016-113978,331.536,3,0.2,-82.884,951
7729,US-2016-109260,431.976,3,0.2,-75.5958,1348
7759,CA-2016-158925,15.552,3,0.2,5.4432,943
7767,CA-2015-169299,7.152,3,0.2,0.7152,80
7773,CA-2016-108196,59.976,3,0.2,11.9952,1860
7778,CA-2014-166961,37.056,3,0.2,13.896,1098
7787,US-2016-117037,7.896,3,0.2,2.4675,1336
7800,CA-2017-157413,324.744,3,0.2,-77.1267,275
7808,US-2016-137295,47.616,3,0.2,5.952,1051
7818,CA-2016-138478,4535.976,3,0.2,1644.2913,1653
7827,CA-2017-117114,9.912,3,0.2,3.2214,320
7828,CA-2015-137302,63.936,3,0.2,6.3936,1409
7830,CA-2015-137302,311.976,3,0.2,38.997,1797
7831,CA-2015-137302,50.352,3,0.2,17.6232,303
7848,CA-2016-104311,18.936,3,0.2,-3.7872,1579
7849,CA-2016-104311,12.672,3,0.2,-3.168,1527
7863,CA-2015-143364,272.736,3,0.2,-64.7748,421
7885,CA-2017-118017,23.376,3,0.2,7.0128,223
7893,CA-2017-125367,13.92,3,0.2,4.35,328
7908,CA-2016-149762,268.704,3,0.2,6.7176,830
7931,US-2016-168095,230.28,3,0.2,23.028,373
7934,CA-2017-166093,71.976,3,0.2,8.997,1003
7936,CA-2017-166093,13.92,3,0.2,4.872,1478
7950,CA-2014-131009,129.552,3,0.2,-22.6716,401
7959,CA-2017-131807,206.352,3,0.2,5.1588,845
7971,US-2015-126753,31.176,3,0.2,-5.4558,1441
7974,US-2015-126753,254.352,3,0.2,0,1070
7976,US-2015-126753,10.272,3,0.2,3.21,1022
7984,CA-2017-152499,7.872,3,0.2,0.8856,1637
8032,CA-2015-119690,47.952,3,0.2,16.1838,687
8047,CA-2017-130834,16.272,3,0.2,5.2884,997
8058,CA-2015-121188,43.176,3,0.2,15.1116,838
8081,CA-2015-150714,131.904,3,0.2,47.8152,1798
8086,CA-2017-120894,28.08,3,0.2,5.265,1279
8100,CA-2016-169663,3357.6,3,0.2,377.73,1865
8120,CA-2016-116722,451.152,3,0.2,0,504
8122,CA-2014-138128,30.672,3,0.2,9.585,119
8127,CA-2015-137064,670.752,3,0.2,-125.766,1379
8158,CA-2017-136238,16.032,3,0.2,5.6112,1296
8165,CA-2015-168207,11.952,3,0.2,4.1832,597
8184,US-2017-101721,63.312,3,0.2,20.5764,963
8193,CA-2015-141327,98.352,3,0.2,9.8352,1377
8198,CA-2017-102736,15.552,3,0.2,5.4432,591
8212,CA-2016-116337,314.088,3,0.2,19.6305,538
8217,CA-2014-120775,4.344,3,0.2,0.8688,1099
8278,US-2016-139262,432.456,3,0.2,32.4342,740
8280,CA-2017-134810,65.232,3,0.2,22.0158,114
8281,CA-2017-134810,207,3,0.2,25.875,874
8298,US-2015-158911,11.784,3,0.2,4.2717,613
8302,US-2017-167318,362.352,3,0.2,45.294,668
8309,CA-2014-168312,137.352,3,0.2,8.5845,1290
8316,CA-2014-161508,16.032,3,0.2,5.6112,130
8325,CA-2017-144456,158.376,3,0.2,13.8579,994
8344,US-2014-155544,32.952,3,0.2,6.5904,1011
8345,US-2014-155544,218.376,3,0.2,-10.9188,1475
8363,CA-2017-147207,372.144,3,0.2,27.9108,1469
8369,CA-2016-118745,902.712,3,0.2,33.8517,217
8378,CA-2015-162964,15.552,3,0.2,5.6376,221
8380,CA-2014-103527,10.896,3,0.2,3.405,708
8385,CA-2017-137582,11.808,3,0.2,4.1328,1192
8414,CA-2016-147109,165.6,3,0.2,-6.21,1643
8440,CA-2016-158302,10.584,3,0.2,3.4398,251
8453,CA-2016-125087,1554.936,3,0.2,77.7468,491
8463,CA-2014-100881,302.376,3,0.2,22.6782,174
8471,US-2017-132031,77.952,3,0.2,-11.6928,1547
8481,CA-2016-138583,16.656,3,0.2,3.3312,932
8493,CA-2015-109190,479.976,3,0.2,161.9919,1715
8495,CA-2016-143154,165.6,3,0.2,-6.21,1643
8502,CA-2015-102316,184.752,3,0.2,-20.7846,392
8507,CA-2016-130400,146.352,3,0.2,49.3938,1725
8538,CA-2015-157343,8.016,3,0.2,1.002,1431
8550,CA-2015-121132,6.264,3,0.2,2.0358,1829
8552,CA-2014-140473,719.976,3,0.2,134.9955,858
8557,CA-2016-132829,453.576,3,0.2,39.6879,875
8559,CA-2016-132829,287.88,3,0.2,35.985,1202
8560,CA-2016-132829,131.88,3,0.2,14.8365,1536
8565,CA-2016-134110,67.176,3,0.2,6.7176,1501
8571,CA-2016-162222,10.272,3,0.2,3.21,1128
8592,CA-2017-101700,11.664,3,0.2,3.3534,1750
8593,CA-2017-159667,191.976,3,0.2,38.3952,431
8598,CA-2014-141110,4.32,3,0.2,1.512,757
8604,US-2016-116365,165.6,3,0.2,-6.21,1643
8615,CA-2016-165918,14.256,3,0.2,4.455,1000
8617,CA-2016-165918,39.624,3,0.2,13.8684,735
8625,CA-2015-156118,15.696,3,0.2,5.1012,1232
8633,CA-2016-107783,9.48,3,0.2,0.711,1711
8646,CA-2016-113341,194.352,3,0.2,19.4352,169
8670,US-2014-159611,182.352,3,0.2,-18.2352,1625
8674,CA-2017-163265,50.352,3,0.2,-8.1822,195
8689,CA-2014-101427,8.016,3,0.2,1.1022,1227
8696,CA-2017-119284,239.976,3,0.2,26.9973,1291
8711,CA-2014-105648,626.352,3,0.2,-23.4882,981
8719,CA-2016-120824,15.552,3,0.2,5.6376,1669
8726,CA-2015-103870,4.728,3,0.2,0.7092,1870
8727,CA-2015-103870,53.352,3,0.2,16.0056,1867
8729,CA-2015-103870,22.512,3,0.2,2.2512,1201
8743,US-2015-144771,53.04,3,0.2,-4.641,178
8749,US-2015-163825,3050.376,3,0.2,1143.891,454
8752,CA-2016-105662,177.48,3,0.2,19.9665,1203
8769,CA-2016-151148,146.952,3,0.2,9.1845,1782
8772,CA-2017-115882,74.352,3,0.2,23.235,1040
8778,CA-2017-135377,287.976,3,0.2,7.1994,580
8779,CA-2015-165813,29.304,3,0.2,2.5641,769
8786,CA-2017-145765,15.552,3,0.2,5.4432,1504
8788,CA-2017-126914,698.352,3,0.2,52.3764,1013
8805,US-2017-100398,102.72,3,0.2,37.236,1171
8813,CA-2015-127754,266.352,3,0.2,13.3176,643
8824,CA-2017-117156,8.856,3,0.2,2.8782,439
8825,CA-2015-115399,6.912,3,0.2,2.5056,1197
8845,CA-2017-156664,4.824,3,0.2,1.7487,133
8854,US-2015-115343,617.976,3,0.2,-7.7247,219
8855,CA-2017-163671,21.312,3,0.2,7.992,215
8883,US-2017-115252,14.352,3,0.2,4.485,461
8896,CA-2016-167241,165.6,3,0.2,10.35,304
8910,CA-2017-102610,95.976,3,0.2,15.5961,437
8921,CA-2016-145709,52.68,3,0.2,19.755,1535
8922,CA-2016-145709,11.568,3,0.2,2.6028,770
8930,US-2015-168704,239.976,3,0.2,17.9982,842
8934,CA-2017-130036,12.672,3,0.2,3.96,1168
8940,CA-2014-130918,7.632,3,0.2,-1.8126,1880
8951,CA-2017-150910,26.16,3,0.2,1.962,379
8956,CA-2017-105620,21,3,0.2,5.775,1477
8985,CA-2015-123092,77.952,3,0.2,12.6672,602
9018,CA-2016-161361,17.04,3,0.2,5.538,21
9022,US-2016-141880,98.328,3,0.2,9.8328,519
9038,CA-2017-157420,55.176,3,0.2,-12.4146,465
9058,CA-2015-149097,364.776,3,0.2,27.3582,1778
9068,CA-2016-106278,215.976,3,0.2,-2.6997,52
9070,CA-2017-147550,11.352,3,0.2,2.6961,285
9088,CA-2015-150308,246.168,3,0.2,21.5397,241
9091,CA-2015-162950,15.552,3,0.2,5.4432,90
9100,CA-2017-152933,791.88,3,0.2,128.6805,771
9101,CA-2015-163181,23.64,3,0.2,5.319,33
9127,CA-2017-112473,50.136,3,0.2,-11.2806,1783
9134,CA-2016-124254,129.552,3,0.2,-22.6716,401
9136,CA-2016-124254,10.272,3,0.2,3.4668,1699
9163,CA-2015-164007,2.376,3,0.2,0.7425,1450
9174,CA-2017-119424,71.976,3,0.2,8.997,1003
9179,CA-2017-156776,707.88,3,0.2,44.2425,1561
9180,CA-2017-156776,11.952,3,0.2,4.1832,597
9181,CA-2017-156776,31.128,3,0.2,11.673,1673
9202,CA-2016-153836,28.752,3,0.2,10.0632,1235
9207,CA-2017-140781,39.816,3,0.2,7.4655,1367
9226,CA-2017-121160,52.752,3,0.2,-12.5286,212
9229,CA-2017-133718,15.192,3,0.2,5.5071,866
9236,CA-2016-126732,568.728,3,0.2,28.4364,11
9241,CA-2017-110310,6.576,3,0.2,0.5754,451
9261,CA-2017-111388,215.976,3,0.2,-2.6997,52
9294,CA-2017-161340,13.872,3,0.2,5.0286,1020
9298,US-2015-163433,74.352,3,0.2,6.5058,292
9302,US-2015-163433,7.872,3,0.2,0.8856,1637
9303,US-2015-163433,15.552,3,0.2,5.4432,1321
9325,CA-2017-121853,72.96,3,0.2,23.712,1009
9331,CA-2016-108056,859.2,3,0.2,75.18,1129
9334,CA-2017-110198,314.352,3,0.2,-15.7176,1
9341,CA-2014-155264,117.576,3,0.2,11.7576,1720
9351,CA-2016-159009,184.752,3,0.2,-20.7846,392
9353,CA-2017-148411,11.424,3,0.2,3.7128,1823
9379,CA-2014-154158,45.528,3,0.2,15.9348,1248
9418,CA-2014-148285,11.952,3,0.2,4.0338,818
9423,CA-2014-145254,302.376,3,0.2,37.797,1436
9434,CA-2015-119627,10.272,3,0.2,1.1556,793
9456,CA-2017-151855,27.192,3,0.2,0.3399,1889
9517,CA-2015-123939,6.912,3,0.2,2.5056,1197
9518,CA-2015-123939,435.504,3,0.2,48.9942,247
9521,CA-2014-169446,323.976,3,0.2,36.4473,1890
9522,CA-2014-169446,15.552,3,0.2,5.4432,1831
9523,CA-2014-169446,32.592,3,0.2,-7.7406,1043
9526,CA-2017-156958,31.176,3,0.2,-7.0146,787
9541,CA-2015-135251,35.52,3,0.2,13.32,200
9549,CA-2016-131744,453.6,3,0.2,90.72,1152
9550,CA-2015-160864,13.848,3,0.2,5.193,69
9561,CA-2016-129280,431.976,3,0.2,-75.5958,1348
9589,CA-2014-119172,17.472,3,0.2,5.6784,1781
9597,CA-2017-104619,110.352,3,0.2,8.2764,1704
9606,US-2017-122672,194.352,3,0.2,-43.7292,879
9618,CA-2017-160633,86.352,3,0.2,5.397,923
9630,CA-2016-168844,7.152,3,0.2,2.3244,99
9662,CA-2016-160717,477.6,3,0.2,161.19,258
9700,CA-2017-154116,196.776,3,0.2,14.7582,1378
9705,CA-2017-125990,39.624,3,0.2,13.8684,735
9706,CA-2016-161746,242.136,3,0.2,12.1068,1748
9751,CA-2016-113390,27.72,3,0.2,3.465,1186
9819,CA-2015-162201,9,3,0.2,3.15,1573
9825,US-2014-164406,46.44,3,0.2,15.093,618
9828,CA-2017-169999,11.568,3,0.2,3.7596,549
9829,US-2017-152842,242.352,3,0.2,15.147,39
9839,US-2016-125402,479.976,3,0.2,161.9919,1715
9845,CA-2014-163867,132.696,3,0.2,9.9522,1136
9851,CA-2016-158155,90.48,3,0.2,33.93,446
9880,CA-2015-104297,85.056,3,0.2,28.7064,260
9897,CA-2016-112830,466.32,3,0.2,34.974,628
9900,CA-2017-117646,237.096,3,0.2,20.7459,601
9901,CA-2017-117646,22.752,3,0.2,7.11,1194
9906,US-2015-129007,25.032,3,0.2,7.8225,1135
9907,US-2015-129007,717.72,3,0.2,71.772,1191
9912,CA-2015-132388,362.136,3,0.2,-54.3204,1333
9923,CA-2015-159534,49.848,3,0.2,16.8237,352
9934,CA-2016-114405,33.528,3,0.2,2.5146,1836
9935,CA-2016-114405,36.744,3,0.2,3.6744,1894
9946,CA-2014-111157,151.2,3,0.2,32.13,731
9954,CA-2015-141593,34.248,3,0.2,11.5587,1414
9989,CA-2014-110422,25.248,3,0.2,4.1028,1183
29,US-2015-150630,9.618,2,0.7,-7.0532,28
127,US-2017-107272,2.388,2,0.7,-1.8308,123
199,US-2017-124303,2.946,2,0.7,-2.2586,187
234,US-2017-100930,5.328,2,0.7,-3.552,215
1035,CA-2016-109820,2.628,2,0.7,-1.9272,238
1421,CA-2015-124800,72.588,2,0.7,-48.392,263
333,US-2016-150147,20.724,2,0.7,-13.816,305
430,US-2016-123750,189.588,2,0.7,-145.3508,385
435,US-2014-150574,4.812,2,0.7,-3.6892,388
501,US-2016-105578,22.62,2,0.7,-15.08,446
502,US-2016-105578,14.952,2,0.7,-11.9616,447
608,US-2014-105767,3.282,2,0.7,-2.6256,525
979,CA-2016-145499,3.282,2,0.7,-2.6256,525
616,CA-2017-138611,3.648,2,0.7,-2.7968,530
656,CA-2016-137239,3.318,2,0.7,-2.6544,560
700,CA-2015-119291,18.588,2,0.7,-13.6312,588
973,CA-2014-115791,18.588,2,0.7,-13.6312,588
1706,CA-2015-100545,11.61,2,0.7,-9.288,618
900,US-2016-114622,8.904,2,0.7,-6.5296,714
958,CA-2017-102414,4.752,2,0.7,-3.168,747
977,US-2017-100209,1.08,2,0.7,-0.792,757
1214,US-2017-118087,3.036,2,0.7,-2.3276,889
1686,CA-2017-149489,1.188,2,0.7,-0.99,930
1365,US-2017-155425,95.994,2,0.7,-63.996,967
1687,CA-2017-149489,7.518,2,0.7,-5.7638,1106
1907,US-2016-150567,2.952,2,0.7,-2.1648,1192
1938,CA-2016-112109,19.968,2,0.7,-13.312,1208
2041,CA-2015-122287,9.156,2,0.7,-6.104,792
2666,CA-2016-164784,2.742,2,0.7,-2.0108,1214
2679,US-2014-160780,25.164,2,0.7,-16.776,741
2687,CA-2016-133123,3.204,2,0.7,-2.4564,888
2711,US-2015-120572,12.828,2,0.7,-8.9796,413
3002,CA-2014-138317,9.006,2,0.7,-7.2048,496
3013,CA-2017-134845,21.594,2,0.7,-15.8356,382
3124,CA-2015-121720,3.768,2,0.7,-3.14,1392
3152,CA-2015-147830,1799.994,2,0.7,-2639.9912,1519
3176,US-2017-132059,180.588,2,0.7,-240.784,796
3259,US-2016-161844,2.946,2,0.7,-2.0622,702
3458,CA-2017-136448,3.444,2,0.7,-2.7552,1223
3459,CA-2017-136448,538.194,2,0.7,-412.6154,1187
3562,CA-2017-109757,4.368,2,0.7,-3.0576,25
3648,CA-2015-168459,2.946,2,0.7,-2.0622,702
3687,CA-2016-108567,2.694,2,0.7,-2.245,309
3690,US-2015-131359,59.994,2,0.7,-45.9954,1328
3785,CA-2017-112487,3.132,2,0.7,-2.61,1608
3807,CA-2015-113628,5.238,2,0.7,-4.0158,45
4257,CA-2015-101924,9.762,2,0.7,-6.8334,1548
4321,US-2015-147662,14.952,2,0.7,-11.9616,447
4323,US-2015-147662,2.286,2,0.7,-1.6764,317
4348,CA-2017-169894,20.724,2,0.7,-15.1976,661
4685,CA-2016-159912,3.486,2,0.7,-2.7888,705
4724,CA-2016-131968,9.888,2,0.7,-6.9216,92
4754,CA-2017-126354,3.882,2,0.7,-2.588,631
4756,CA-2017-169817,1.908,2,0.7,-1.5264,1325
4801,US-2016-148901,10.38,2,0.7,-7.612,155
4837,CA-2017-106831,3.798,2,0.7,-2.6586,866
4913,CA-2017-127306,2.508,2,0.7,-1.8392,814
4933,CA-2015-106978,1.08,2,0.7,-0.792,757
4988,CA-2016-149279,3.108,2,0.7,-2.1756,1521
5544,CA-2016-134936,5.214,2,0.7,-4.1712,535
6002,CA-2014-124079,5.214,2,0.7,-4.1712,535
6089,US-2017-162068,1.188,2,0.7,-0.99,930
6121,CA-2017-143378,72.588,2,0.7,-128.2388,369
6242,CA-2014-134621,18.24,2,0.7,-14.592,1009
6800,CA-2016-109827,269.97,2,0.7,-386.957,1402
6809,CA-2017-156237,3.882,2,0.7,-2.588,631
6814,CA-2017-156237,241.17,2,0.7,-168.819,346
6919,CA-2015-102806,24.588,2,0.7,-18.0312,807
7007,CA-2015-154823,12.828,2,0.7,-8.9796,413
7177,CA-2017-133067,2.202,2,0.7,-1.5414,1845
7311,CA-2015-162761,1.872,2,0.7,-1.3104,750
7312,CA-2015-162761,11.214,2,0.7,-8.5974,443
7365,CA-2016-127243,6.888,2,0.7,-5.0512,1446
7521,CA-2016-162383,8.952,2,0.7,-7.46,533
7717,CA-2015-149636,1.938,2,0.7,-1.3566,512
7771,CA-2016-108196,456.588,2,0.7,-304.392,698
7806,CA-2015-102260,3.204,2,0.7,-2.5632,970
7973,US-2015-126753,2.724,2,0.7,-1.9068,110
8216,CA-2015-120845,3.264,2,0.7,-2.2848,306
8277,US-2016-139262,34.86,2,0.7,-26.726,928
8755,CA-2017-152198,6.258,2,0.7,-5.215,1135
8821,CA-2017-100622,4.086,2,0.7,-2.9964,1295
8850,CA-2015-140718,2.892,2,0.7,-2.3136,549
8872,US-2014-105137,101.994,2,0.7,-71.3958,1877
8873,US-2014-105137,18.264,2,0.7,-13.3936,476
8912,CA-2017-102610,3.564,2,0.7,-2.97,1000
9137,CA-2014-123400,18.336,2,0.7,-12.224,1007
9190,US-2015-130512,99.588,2,0.7,-82.99,904
9436,CA-2015-160787,2.946,2,0.7,-2.0622,702
9548,CA-2016-131744,4.626,2,0.7,-3.855,9
9629,CA-2014-118192,3.438,2,0.7,-2.5212,1570
9646,US-2017-107979,72.588,2,0.7,-48.392,263
9654,CA-2017-161893,4.938,2,0.7,-3.6212,1275
9711,CA-2014-114251,13.194,2,0.7,-8.796,721
9821,CA-2015-162201,18.264,2,0.7,-13.3936,476
9869,CA-2014-114195,3.132,2,0.7,-2.61,1608
1036,CA-2016-109820,14.427,3,0.7,-10.5798,28
106,US-2015-156867,36.882,3,0.7,-25.8174,103
1202,CA-2016-114727,1.872,3,0.7,-1.4352,257
334,US-2016-150147,4.896,3,0.7,-3.4272,306
701,CA-2015-119291,4.896,3,0.7,-3.4272,306
605,CA-2014-149958,7.218,3,0.7,-5.5338,388
591,US-2016-156986,16.821,3,0.7,-12.8961,443
504,US-2016-105578,2.376,3,0.7,-1.9008,449
637,US-2016-123470,18.882,3,0.7,-13.8468,547
1258,US-2016-168620,27.882,3,0.7,-20.4468,588
819,CA-2014-140858,3.168,3,0.7,-2.4288,659
821,CA-2014-140858,31.086,3,0.7,-22.7964,661
1321,CA-2017-167703,5.229,3,0.7,-4.1832,705
1008,CA-2015-105312,4.401,3,0.7,-3.5208,773
1705,CA-2016-106306,9.702,3,0.7,-7.1148,835
1449,US-2014-112564,2.502,3,0.7,-1.7514,1004
1663,CA-2017-144526,13.896,3,0.7,-9.264,1098
2050,CA-2015-142237,2.502,3,0.7,-2.0016,763
2121,US-2017-168690,2.808,3,0.7,-1.9656,750
2134,CA-2015-122210,152.991,3,0.7,-122.3928,14
2691,CA-2017-156412,5.346,3,0.7,-4.455,1000
2749,CA-2015-110247,8.226,3,0.7,-6.0324,1331
2764,CA-2017-165757,10.332,3,0.7,-7.5768,1446
3000,CA-2014-138317,206.991,3,0.7,-172.4925,1489
3198,CA-2015-149384,3.366,3,0.7,-2.244,1408
3304,US-2014-159926,1.944,3,0.7,-1.4256,878
3593,CA-2016-164154,22.428,3,0.7,-17.9424,447
3791,CA-2015-111325,4.419,3,0.7,-3.3879,187
3808,CA-2015-113628,4.662,3,0.7,-3.7296,1493
3957,CA-2016-156573,11.277,3,0.7,-8.6457,1106
4034,US-2016-108777,18.693,3,0.7,-14.3313,352
4084,CA-2017-163692,7.857,3,0.7,-6.0237,45
4155,CA-2016-139689,2.808,3,0.7,-1.9656,750
4263,CA-2017-110429,11.673,3,0.7,-7.782,1673
4395,CA-2014-142965,27.36,3,0.7,-21.888,1009
4796,US-2016-148901,57.582,3,0.7,-44.1462,1253
4841,CA-2016-136049,5.553,3,0.7,-4.0722,1509
4878,US-2016-131891,2.214,3,0.7,-1.476,1727
5010,CA-2015-102876,4.923,3,0.7,-3.9384,525
5012,US-2017-160465,33.93,3,0.7,-22.62,446
5088,CA-2015-109001,2.556,3,0.7,-1.7892,805
5287,CA-2017-105991,89.991,3,0.7,-152.9847,907
5319,US-2017-162558,27.36,3,0.7,-21.888,1009
5398,CA-2016-163202,2.907,3,0.7,-2.0349,512
5789,CA-2017-115070,4.419,3,0.7,-3.0933,702
5835,CA-2015-101868,38.52,3,0.7,-26.964,1171
6475,CA-2017-140872,4.554,3,0.7,-3.4914,889
6487,CA-2015-120621,12.843,3,0.7,-9.8463,1414
6503,CA-2014-129147,19.242,3,0.7,-13.4694,413
6729,CA-2015-156734,6.129,3,0.7,-4.4946,1295
6771,CA-2017-139402,13.005,3,0.7,-9.9705,1817
6840,CA-2015-166338,14.832,3,0.7,-10.3824,92
6897,CA-2017-122028,10.782,3,0.7,-7.9068,1235
6909,CA-2014-126277,2.502,3,0.7,-2.0016,763
7102,CA-2014-117478,6.57,3,0.7,-5.037,349
7178,CA-2017-133067,9.396,3,0.7,-7.5168,872
7220,CA-2017-154760,274.491,3,0.7,-228.7425,575
7237,CA-2016-164924,341.991,3,0.7,-319.1916,1848
7266,CA-2017-122987,13.428,3,0.7,-11.19,533
7273,US-2016-150357,4.095,3,0.7,-2.73,250
7368,CA-2017-161851,15.57,3,0.7,-11.937,1487
7422,US-2016-114013,449.1,3,0.7,-643.71,1577
7709,CA-2014-139542,13.698,3,0.7,-9.5886,340
7790,CA-2017-160801,4.842,3,0.7,-3.3894,642
7923,CA-2017-134096,15.57,3,0.7,-11.418,155
7967,CA-2016-157707,90.882,3,0.7,-190.8522,1863
7975,US-2015-126753,3.762,3,0.7,-2.7588,814
7993,US-2015-165743,4.896,3,0.7,-3.4272,306
8046,CA-2016-113600,2.214,3,0.7,-1.476,1727
8276,US-2016-139262,3.762,3,0.7,-2.7588,814
8292,CA-2015-106362,10.332,3,0.7,-7.5768,1446
8526,CA-2017-161172,5.193,3,0.7,-3.462,69
8563,US-2017-108315,4.842,3,0.7,-3.5508,983
8649,CA-2016-164574,27.396,3,0.7,-20.0904,476
8754,CA-2017-152198,4.86,3,0.7,-3.564,813
8807,US-2017-110646,33.282,3,0.7,-27.735,812
8844,CA-2017-156664,7.236,3,0.7,-6.03,1243
8885,CA-2014-107398,2.862,3,0.7,-2.2896,1325
8942,CA-2016-159023,179.991,3,0.7,-251.9874,1881
9000,CA-2014-133389,8.226,3,0.7,-6.0324,1331
9075,US-2015-136259,7.218,3,0.7,-5.5338,388
9159,CA-2016-118934,4.338,3,0.7,-3.0366,310
9176,CA-2016-118178,31.086,3,0.7,-20.724,305
9240,CA-2017-110310,5.607,3,0.7,-3.9249,806
9264,US-2017-128118,11.673,3,0.7,-7.782,1673
9562,CA-2016-129280,224.937,3,0.7,-164.9538,1891
9870,CA-2014-114195,22.428,3,0.7,-17.9424,447
9921,CA-2014-111360,5.742,3,0.7,-4.5936,856
342,CA-2014-122336,509.97,10,0.7,-407.976,14
1343,CA-2017-113481,28.854,6,0.7,-21.1596,28
33,US-2015-150630,6.858,6,0.7,-5.715,32
1768,US-2014-158057,7.644,4,0.7,-5.8604,49
222,CA-2015-169397,19.776,4,0.7,-13.8432,92
96,US-2017-109484,5.682,1,0.7,-3.788,93
119,US-2015-136476,157.794,1,0.7,-115.7156,116
1769,US-2014-158057,51.465,5,0.7,-39.4565,143
1370,US-2015-103471,590.058,7,0.7,-786.744,180
216,CA-2015-146262,1188,9,0.7,-950.4,202
224,CA-2015-169397,479.988,4,0.7,-383.9904,208
231,US-2014-156216,18.648,7,0.7,-12.432,215
1075,CA-2016-134348,4.368,7,0.7,-3.3488,257
287,CA-2016-112697,254.058,7,0.7,-169.372,263
297,CA-2014-111451,78.6,5,0.7,-62.88,272
331,US-2016-141544,37.764,6,0.7,-27.6936,303
1070,US-2015-150161,25.176,4,0.7,-18.4624,303
373,US-2014-119137,8.16,5,0.7,-5.712,306
387,CA-2015-122756,482.34,4,0.7,-337.638,346
606,CA-2014-149958,43.188,4,0.7,-31.6712,382
782,US-2015-157014,32.07,5,0.7,-22.449,413
465,CA-2016-109869,28.485,5,0.7,-20.889,415
1803,CA-2017-158379,5.607,1,0.7,-4.2987,443
1215,US-2017-118087,4.503,1,0.7,-3.6024,496
585,CA-2017-145233,6.783,7,0.7,-4.7481,512
1747,CA-2016-155670,11.232,8,0.7,-8.2368,611
1320,CA-2014-160773,5.184,6,0.7,-3.6288,620
1364,US-2017-155425,38.388,14,0.7,-25.592,630
869,CA-2014-136742,44.91,6,0.7,-35.928,697
1236,CA-2016-144344,37.425,5,0.7,-29.94,697
870,CA-2016-158099,1141.47,5,0.7,-760.98,698
879,US-2014-158638,5.892,4,0.7,-4.1244,702
1423,CA-2015-124800,77.031,9,0.7,-59.0571,703
1630,CA-2017-101049,41.256,6,0.7,-34.38,716
935,CA-2016-140081,29.718,6,0.7,-21.7932,735
1067,CA-2015-161263,55.47,5,0.7,-46.225,812
1074,CA-2016-134348,6.27,5,0.7,-4.598,814
1097,CA-2017-160423,35.784,7,0.7,-28.6272,829
1342,CA-2017-113481,15.66,5,0.7,-12.528,872
1825,CA-2016-167507,31.32,10,0.7,-25.056,872
1888,CA-2014-140165,398.352,8,0.7,-331.96,904
1262,US-2016-144393,17.616,4,0.7,-14.0928,916
1283,CA-2017-122154,17.43,1,0.7,-13.363,928
1880,US-2017-166611,68.742,9,0.7,-48.1194,996
1451,US-2015-160150,2.025,1,0.7,-1.35,1006
1649,CA-2015-120341,121.104,6,0.7,-100.92,1091
1682,CA-2014-122882,399.54,4,0.7,-559.356,1104
1899,CA-2014-169775,505.176,4,0.7,-336.784,1189
1908,US-2016-150567,27.018,6,0.7,-21.6144,496
1940,CA-2016-112109,8.736,4,0.7,-6.1152,25
1992,CA-2017-111374,4.956,4,0.7,-3.7996,933
2040,CA-2015-122287,4.536,7,0.7,-3.3264,878
2051,CA-2015-142237,6.48,4,0.7,-4.752,813
2071,CA-2016-146521,1.941,1,0.7,-1.294,631
2147,US-2016-152051,38.088,4,0.7,-27.9312,134
2226,CA-2016-106383,72.294,1,0.7,-98.8018,1288
2363,CA-2017-136497,13.71,5,0.7,-10.054,1331
2377,US-2014-164616,76.776,4,0.7,-58.8616,1253
2425,US-2017-147669,13.023,1,0.7,-10.4184,1326
2513,CA-2017-155089,45.66,5,0.7,-33.484,476
2606,CA-2014-112718,1.167,1,0.7,-0.8558,1075
2629,US-2017-165344,652.995,7,0.7,-935.9595,1407
2630,US-2017-165344,11.22,10,0.7,-7.48,1408
2636,CA-2015-116750,7.23,5,0.7,-5.784,549
2678,US-2014-160780,11.088,7,0.7,-8.1312,1096
2728,CA-2017-119193,1.641,1,0.7,-1.3128,525
2765,CA-2017-165757,31.155,5,0.7,-23.8855,352
2850,CA-2016-123617,7.434,6,0.7,-5.6994,871
2929,US-2017-120390,1633.188,4,0.7,-1306.5504,318
2958,CA-2017-168900,2.313,1,0.7,-1.9275,9
2971,CA-2017-167941,13.272,8,0.7,-10.6176,560
3011,CA-2017-134845,12.03,5,0.7,-9.223,388
3012,CA-2017-134845,2549.985,5,0.7,-3399.98,157
3014,CA-2017-134845,8.964,6,0.7,-6.5736,597
3104,CA-2016-124562,12.957,7,0.7,-9.5018,1509
3123,CA-2015-121720,78.6,5,0.7,-62.88,272
3285,CA-2014-103702,63.924,7,0.7,-46.8776,476
3297,US-2015-110569,19.194,7,0.7,-12.796,630
3300,US-2014-159926,50.997,1,0.7,-40.7976,14
3389,CA-2017-148404,50.454,6,0.7,-33.636,920
3407,US-2014-150119,7.488,8,0.7,-5.2416,750
3553,CA-2017-107832,7.476,1,0.7,-5.9808,447
3561,CA-2017-109757,25.56,5,0.7,-20.448,829
3616,CA-2016-154536,9.555,5,0.7,-7.3255,49
3641,CA-2016-145177,69.888,7,0.7,-46.592,1208
3665,CA-2014-129364,6.456,4,0.7,-4.5192,642
3673,CA-2016-104969,121.104,6,0.7,-100.92,1091
3723,US-2014-169789,551.985,5,0.7,-459.9875,1520
3874,CA-2016-136231,86.058,7,0.7,-63.1092,807
3877,CA-2016-140641,38.19,5,0.7,-26.733,996
3905,CA-2015-167010,10.43,4,0.7,-6.952,851
3917,US-2017-142573,7.656,4,0.7,-6.1248,856
3967,CA-2016-146010,40.635,7,0.7,-32.508,618
4081,CA-2016-140417,5.022,1,0.7,-3.5154,1623
4154,CA-2016-139689,38.088,4,0.7,-27.9312,134
4157,CA-2015-101091,26.064,6,0.7,-19.9824,502
4198,US-2016-161683,18.192,4,0.7,-14.5536,282
4354,CA-2017-153654,19.008,8,0.7,-12.672,747
4355,CA-2015-155600,1598.058,7,0.7,-1065.372,698
4419,CA-2014-139633,5.484,4,0.7,-4.0216,1214
4462,US-2017-125717,76.776,4,0.7,-58.8616,1253
4497,CA-2017-155075,631.176,4,0.7,-462.8624,116
4512,CA-2016-118969,54.792,6,0.7,-40.1808,476
4557,US-2017-117331,8.559,1,0.7,-6.5619,703
4566,US-2017-149510,28.782,6,0.7,-21.1068,1418
4641,CA-2017-130141,3.168,4,0.7,-2.5344,449
4664,CA-2016-116232,7.506,9,0.7,-6.0048,763
4688,US-2017-154851,5.715,5,0.7,-4.7625,32
4711,CA-2014-112403,0.852,1,0.7,-0.5964,805
4785,CA-2015-104346,69.576,4,0.7,-143.7904,1385
4802,US-2016-148901,13.392,8,0.7,-9.8208,79
4822,CA-2016-134222,44.856,6,0.7,-35.8848,447
4823,CA-2016-140018,30.345,7,0.7,-24.276,1732
4899,CA-2016-130484,26.352,8,0.7,-18.4464,1055
4907,CA-2014-133809,11.808,8,0.7,-8.6592,1192
4912,CA-2017-127306,5.97,5,0.7,-4.577,1425
4964,CA-2016-141180,7.764,4,0.7,-5.176,631
4997,CA-2017-155824,13.092,4,0.7,-10.0372,640
5008,CA-2015-102876,9.522,1,0.7,-6.9828,134
5011,US-2017-139647,209.979,7,0.7,-356.9643,907
5058,CA-2016-120796,99.846,9,0.7,-83.205,812
5273,US-2016-158309,3.744,4,0.7,-2.6208,750
5286,CA-2017-105991,9.552,8,0.7,-7.3232,123
5321,US-2017-162558,34.236,4,0.7,-26.2476,703
5432,CA-2017-117422,6.216,4,0.7,-4.9728,1493
5437,CA-2014-103317,9.81,5,0.7,-6.867,1526
5462,CA-2014-146591,32.34,10,0.7,-23.716,835
5465,CA-2014-146591,181.47,5,0.7,-320.597,369
5473,CA-2017-116946,102.018,7,0.7,-183.6324,1206
5479,CA-2014-101770,1.869,1,0.7,-1.3083,806
5495,CA-2015-113523,7.656,4,0.7,-6.1248,1217
5543,CA-2016-134936,10.44,6,0.7,-7.656,1478
5572,CA-2014-151162,29.94,4,0.7,-23.952,697
5593,US-2017-108014,59.913,7,0.7,-45.9333,703
5654,CA-2016-145261,45.24,4,0.7,-30.16,446
5664,CA-2016-141957,11.088,7,0.7,-8.1312,1096
5784,CA-2017-141117,217.764,6,0.7,-384.7164,369
5786,CA-2017-141117,22.638,7,0.7,-16.6012,835
5834,CA-2015-101868,64.2,5,0.7,-42.8,1664
5868,CA-2016-158211,104.58,6,0.7,-80.178,928
6003,US-2017-146878,12.294,1,0.7,-8.6058,103
6047,CA-2015-105571,16.146,9,0.7,-12.9168,576
6048,CA-2015-105571,1345.485,5,0.7,-1031.5385,1187
6054,CA-2016-124016,12.201,7,0.7,-9.7608,705
6163,CA-2014-103989,33.57,5,0.7,-25.737,1422
6225,CA-2015-133445,66.294,1,0.7,-103.8606,1508
6256,CA-2015-133977,3.444,1,0.7,-2.5256,1446
6352,US-2015-161347,2.412,1,0.7,-2.01,1243
6414,CA-2017-142671,11.52,5,0.7,-7.68,1767
6426,CA-2016-143714,6.294,1,0.7,-4.196,1819
6431,CA-2014-165764,14.301,7,0.7,-10.4874,1295
6525,CA-2016-129308,5.715,5,0.7,-4.7625,32
6526,CA-2016-129308,9.42,5,0.7,-7.85,1392
6544,US-2017-154872,58.17,5,0.7,-46.536,1587
6595,CA-2017-157112,11.76,5,0.7,-7.84,464
6597,CA-2014-169257,1.365,1,0.7,-0.91,250
6629,CA-2015-125696,7.38,5,0.7,-5.412,1192
6634,CA-2017-144498,68.541,11,0.7,-52.5481,352
6702,CA-2015-153535,6.408,4,0.7,-4.9128,888
6810,CA-2017-156237,12.585,1,0.7,-18.0385,1827
6812,CA-2017-156237,18.312,4,0.7,-12.208,792
6973,CA-2017-153822,18.18,4,0.7,-13.938,59
7077,CA-2016-106950,22.911,7,0.7,-17.5651,640
7082,CA-2016-106950,17.22,5,0.7,-12.628,1446
7085,CA-2017-112004,8.595,5,0.7,-6.303,1570
7120,US-2014-147774,67.194,1,0.7,-51.5154,1199
7136,CA-2015-163965,7.23,5,0.7,-5.784,549
7138,CA-2015-163965,62.88,4,0.7,-50.304,272
7144,US-2017-141558,12.294,1,0.7,-8.6058,103
7191,CA-2016-116918,5.388,4,0.7,-4.49,309
7281,CA-2017-159282,599.985,5,0.7,-479.988,208
7318,CA-2017-158120,4.158,7,0.7,-3.465,930
7332,CA-2017-115119,81.438,7,0.7,-65.1504,1587
7418,US-2016-114013,51.897,1,0.7,-41.5176,1619
7420,US-2016-114013,23.16,5,0.7,-15.44,1098
7433,CA-2014-161249,9.345,5,0.7,-6.5415,806
7470,CA-2015-100734,3.576,4,0.7,-2.8608,99
7522,CA-2016-162383,8.856,6,0.7,-6.4944,1192
7539,US-2017-112347,36.624,8,0.7,-24.416,792
7540,US-2017-112347,242.352,8,0.7,-363.528,1687
7600,CA-2014-131947,29.925,5,0.7,-21.945,1854
7615,CA-2014-148425,6.642,9,0.7,-4.428,1727
7641,US-2016-157490,703.71,6,0.7,-938.28,1855
7642,US-2016-157490,17.904,4,0.7,-14.92,533
7643,US-2016-157490,11.976,4,0.7,-9.1816,1241
7658,CA-2017-155740,76.776,4,0.7,-53.7432,675
7772,CA-2016-108196,4499.985,5,0.7,-6599.978,1519
7807,US-2016-137295,30.828,7,0.7,-24.6624,916
7860,CA-2017-152261,18.528,4,0.7,-12.352,1098
7866,CA-2015-143364,127.764,6,0.7,-191.646,1567
7898,CA-2017-128363,1614.582,6,0.7,-1237.8462,1187
7962,CA-2017-104864,20.232,8,0.7,-16.1856,680
7991,CA-2016-133872,39.936,4,0.7,-26.624,1208
7994,US-2015-165743,145.764,6,0.7,-247.7988,319
7995,US-2015-165743,9.612,6,0.7,-7.3692,960
8049,CA-2014-144974,5.97,5,0.7,-4.577,123
8053,CA-2017-152205,2.655,1,0.7,-1.8585,614
8083,CA-2015-150714,14.301,7,0.7,-10.4874,1295
8192,CA-2015-141327,6.048,7,0.7,-4.2336,620
8208,CA-2015-141565,1369.764,6,0.7,-913.176,698
8213,CA-2015-120845,6.336,4,0.7,-4.6464,1096
8215,CA-2015-120845,2.469,1,0.7,-1.8106,1275
8263,CA-2015-138457,13.092,4,0.7,-10.0372,640
8352,CA-2017-132199,26.388,4,0.7,-17.592,721
8354,CA-2017-132199,64.2,5,0.7,-44.94,1171
8425,CA-2016-137652,18.432,8,0.7,-12.288,1767
8443,US-2016-155173,2.043,1,0.7,-1.4982,1295
8474,CA-2017-169404,37.896,4,0.7,-29.0536,353
8536,CA-2015-157343,18.312,4,0.7,-12.208,792
8585,US-2017-132927,11.088,7,0.7,-8.1312,1096
8623,CA-2015-136147,121.104,6,0.7,-100.92,1091
8632,CA-2016-107783,1369.764,6,0.7,-913.176,698
8641,CA-2017-147767,67.86,6,0.7,-45.24,446
8644,CA-2015-108259,39.879,7,0.7,-29.2446,415
8715,CA-2017-121678,1.824,1,0.7,-1.3984,530
8737,CA-2017-161592,8.1,5,0.7,-5.94,813
8884,CA-2014-107398,6.528,4,0.7,-4.5696,306
8886,CA-2014-107398,20.856,8,0.7,-16.6848,535
8923,CA-2017-133928,4.572,4,0.7,-3.81,32
8941,CA-2016-159023,4.158,7,0.7,-3.465,930
8986,CA-2015-123092,95.97,5,0.7,-73.577,1253
9021,CA-2015-129525,166.92,13,0.7,-116.844,1171
9123,US-2016-158288,78.759,9,0.7,-57.7566,711
9128,US-2017-147655,88.074,7,0.7,-58.716,741
9160,CA-2016-118934,11.88,5,0.7,-7.92,747
9231,CA-2014-148383,946.764,6,0.7,-694.2936,116
9278,CA-2017-122539,8.001,7,0.7,-5.6007,739
9344,CA-2017-109085,5.715,5,0.7,-4.7625,32
9409,US-2017-110149,3.273,1,0.7,-2.5093,640
9457,CA-2017-151855,12.06,5,0.7,-10.05,1243
9566,CA-2014-130428,12.645,5,0.7,-10.116,680
9569,CA-2015-113131,6.732,6,0.7,-4.488,1408
9806,CA-2016-136322,28.752,8,0.7,-21.0848,1235
9877,US-2017-166324,8.7,5,0.7,-6.38,1478
15,US-2015-118983,68.81,5,0.8,-123.858,15
1771,CA-2017-146024,12.222,7,0.8,-20.1663,45
659,US-2016-156097,2.308,2,0.8,-3.462,69
1113,US-2016-110156,1.192,2,0.8,-2.0264,99
170,CA-2014-139892,177.98,5,0.8,-453.849,161
175,US-2014-100853,52.448,2,0.8,-131.12,166
177,US-2017-152366,97.264,4,0.8,-243.16,168
204,US-2017-116701,66.284,2,0.8,-178.9668,192
262,US-2017-155299,1.624,2,0.8,-4.466,239
281,US-2015-161991,2.08,5,0.8,-3.432,257
1200,CA-2016-130946,1088.792,4,0.8,-1850.9464,318
381,CA-2015-130792,12.176,4,0.8,-18.8728,340
1514,CA-2017-112809,21.38,5,0.8,-33.139,413
522,CA-2015-157812,14.112,9,0.8,-21.168,464
537,US-2017-122637,42.616,7,0.8,-68.1856,476
622,US-2014-111171,8.69,5,0.8,-14.773,535
742,CA-2014-112326,3.54,2,0.8,-5.487,614
1174,US-2015-104430,5.176,4,0.8,-7.764,631
837,US-2014-115987,51.184,4,0.8,-79.3352,675
1515,CA-2017-112809,6.744,4,0.8,-11.4648,680
902,CA-2017-150959,18.336,4,0.8,-32.088,716
988,CA-2015-146829,1.112,2,0.8,-1.8904,763
1045,CA-2017-115651,58.464,9,0.8,-146.16,798
1108,US-2016-110156,10.78,5,0.8,-17.248,835
1273,US-2016-103646,44.848,8,0.8,-67.272,920
1285,US-2015-149692,2.772,7,0.8,-4.851,930
1326,US-2014-117058,17.46,6,0.8,-30.555,948
1334,CA-2014-122567,7.96,2,0.8,-13.93,950
1548,CA-2015-111395,23.912,2,0.8,-40.6504,989
1758,US-2015-107349,41.568,6,0.8,-66.5088,1012
1551,US-2017-124926,9.324,6,0.8,-24.7086,1047
1568,CA-2015-129112,8.784,4,0.8,-13.6152,1055
1819,US-2014-130379,75.6,2,0.8,-166.32,1152
1821,CA-2016-168956,92.064,6,0.8,-225.5568,1154
1858,US-2017-158218,34.24,4,0.8,-53.072,1171
1944,CA-2017-144064,3.24,9,0.8,-5.184,757
1973,CA-2014-148950,5.104,4,0.8,-8.6768,1217
1996,US-2017-147221,294.62,5,0.8,-766.012,1229
2107,US-2014-152723,0.876,1,0.8,-1.4016,238
2138,CA-2015-156377,3.656,4,0.8,-5.8496,1214
2168,CA-2016-154018,6.286,7,0.8,-11.0005,309
2207,US-2014-103905,29.932,7,0.8,-46.3946,413
2347,CA-2016-159373,1.272,2,0.8,-2.1624,1325
2428,CA-2016-169922,1.344,4,0.8,-2.1504,1354
2429,CA-2016-169922,8.272,4,0.8,-13.6488,1355
2502,CA-2017-131618,2.304,4,0.8,-3.5712,620
2503,CA-2017-131618,9.36,4,0.8,-16.38,679
2508,CA-2015-120397,32.784,4,0.8,-85.2384,1377
2528,CA-2015-124541,9.648,6,0.8,-16.884,1243
2688,US-2016-128195,3.98,5,0.8,-6.567,1425
2769,US-2015-122140,32.192,2,0.8,-80.48,1449
2827,US-2014-112914,2.724,2,0.8,-4.3584,1295
2883,CA-2014-165540,8.85,5,0.8,-13.7175,614
3085,CA-2017-118773,252.784,4,0.8,-417.0936,385
3088,CA-2017-118773,12.992,2,0.8,-32.48,798
3097,CA-2015-114468,5.768,2,0.8,-13.5548,338
3135,CA-2017-164168,30.56,5,0.8,-45.84,1007
3142,US-2014-122959,210.392,2,0.8,-336.6272,116
3161,US-2014-150924,5.18,5,0.8,-8.029,1521
3172,US-2016-133879,3.168,2,0.8,-4.752,747
3193,CA-2017-158953,6.37,7,0.8,-9.555,250
3212,US-2017-108245,11.228,7,0.8,-18.5262,388
3233,US-2017-156356,2.896,1,0.8,-4.7784,502
3243,CA-2017-114524,13.468,13,0.8,-22.8956,1493
3260,US-2016-162103,3.136,2,0.8,-4.704,464
3295,CA-2014-138023,30.96,8,0.8,-52.632,618
3325,CA-2014-165309,896.99,5,0.8,-1480.0335,1187
3326,CA-2014-165309,1.234,1,0.8,-1.9744,1509
3349,CA-2017-154732,16.03,5,0.8,-25.648,28
3359,CA-2016-139234,3.208,2,0.8,-5.2932,388
3379,CA-2017-142867,13.776,6,0.8,-22.0416,1446
3394,CA-2014-105340,6.928,1,0.8,-11.0848,1012
3435,US-2015-100531,15.08,2,0.8,-22.62,446
3506,CA-2014-166863,3.392,4,0.8,-5.088,16
3545,CA-2017-121216,29.312,8,0.8,-74.7456,1572
3852,CA-2017-130526,33.568,8,0.8,-53.7088,303
3885,US-2017-127341,12.128,4,0.8,-20.6176,282
3894,US-2014-112200,9.98,5,0.8,-16.467,1241
3968,US-2015-163685,5.728,8,0.8,-9.1648,177
4028,CA-2017-139311,12.864,8,0.8,-22.512,1243
4046,CA-2017-100356,23.992,2,0.8,-62.3792,817
4069,CA-2016-145303,13.14,9,0.8,-21.681,349
4070,CA-2016-145303,10.024,4,0.8,-16.5396,1106
4100,US-2017-102288,2.264,1,0.8,-5.2072,1654
4101,US-2017-102288,0.444,1,0.8,-1.11,1119
4106,US-2016-148334,4.312,2,0.8,-6.8992,835
4130,CA-2014-115336,14.48,5,0.8,-23.892,502
4138,CA-2016-117226,6.924,6,0.8,-10.386,69
4180,CA-2017-128426,4.24,5,0.8,-6.36,16
4186,CA-2017-112536,6.874,7,0.8,-10.6547,702
4187,CA-2017-112536,1.996,1,0.8,-3.2934,1241
4224,CA-2016-108644,1.964,2,0.8,-3.2406,187
4230,CA-2017-100223,11.394,9,0.8,-17.6607,866
4233,CA-2017-100223,6.316,1,0.8,-10.4214,353
4236,CA-2016-162404,11.416,4,0.8,-18.8364,1414
4255,CA-2017-163160,96.784,4,0.8,-145.176,263
4275,CA-2015-123456,48.632,2,0.8,-121.58,168
4288,US-2015-117184,33.28,5,0.8,-49.92,1208
4382,US-2015-122784,2.88,5,0.8,-4.464,620
4435,CA-2016-163398,2.182,1,0.8,-3.6003,640
4487,CA-2015-162621,16.27,5,0.8,-25.2185,1548
4529,CA-2016-134691,2.296,2,0.8,-3.9032,1223
4541,US-2017-132206,5.936,7,0.8,-8.904,16
4546,CA-2015-126557,1.928,2,0.8,-2.9884,310
4568,CA-2015-111990,10.476,6,0.8,-17.2854,45
4668,US-2017-133200,11.06,10,0.8,-18.802,560
4703,CA-2016-166240,8.712,2,0.8,-19.602,1123
4757,US-2017-144582,43.372,7,0.8,-69.3952,588
4820,CA-2015-140025,463.248,8,0.8,-1181.2824,1381
4872,CA-2017-164042,18.32,5,0.8,-46.716,1572
4874,CA-2017-164042,1.188,1,0.8,-1.9602,307
4920,CA-2017-101728,2.296,2,0.8,-3.9032,1223
4957,CA-2015-127607,2.512,2,0.8,-4.396,1392
4980,US-2016-131114,4.356,2,0.8,-11.7612,939
4991,US-2017-122714,1889.99,5,0.8,-2929.4845,1653
5048,US-2014-104759,8.134,7,0.8,-13.8278,705
5085,CA-2015-144302,5.792,2,0.8,-9.5568,502
5093,US-2014-140452,14.016,4,0.8,-31.536,1311
5097,US-2014-140452,4.6,2,0.8,-8.05,1033
5174,CA-2017-106432,2.072,2,0.8,-3.5224,1493
5247,US-2015-168914,20.768,8,0.8,-52.9584,96
5261,CA-2014-105165,2.92,2,0.8,-4.818,349
5310,CA-2017-131254,1525.188,6,0.8,-2287.782,454
5414,US-2017-125647,73.176,6,0.8,-197.5752,1741
5486,CA-2015-156608,3.592,4,0.8,-6.286,309
5540,US-2017-150595,1.592,2,0.8,-2.6268,123
5696,CA-2017-126123,27.396,9,0.8,-42.4638,340
5697,CA-2017-126123,13.456,1,0.8,-23.548,1091
5755,CA-2014-163748,3.16,4,0.8,-8.532,1711
5856,CA-2015-112214,1.362,1,0.8,-2.1792,1295
6034,US-2015-155369,19.568,2,0.8,-52.8336,417
6035,US-2015-155369,310.392,4,0.8,-512.1468,766
6055,CA-2016-113551,2.068,1,0.8,-3.4122,1355
6082,US-2016-132577,6.216,6,0.8,-9.6348,1521
6086,US-2016-132577,4.488,6,0.8,-6.732,1408
6106,CA-2014-120852,19.432,2,0.8,-49.5516,540
6136,CA-2015-105613,73.164,6,0.8,-186.5682,1320
6193,CA-2017-104927,6.33,5,0.8,-9.8115,866
6251,CA-2014-101147,2.394,1,0.8,-6.3441,362
6262,CA-2016-132479,442.372,7,0.8,-729.9138,385
6383,US-2017-104661,32.784,4,0.8,-52.4544,807
6386,US-2017-104661,4.276,1,0.8,-6.6278,413
6556,CA-2014-137092,8.682,1,0.8,-14.7594,1326
6561,CA-2017-144680,33.62,5,0.8,-90.774,737
6566,CA-2017-131282,243.992,4,0.8,-426.986,575
6648,US-2017-124779,42.616,7,0.8,-68.1856,476
6797,CA-2015-168809,3.798,1,0.8,-6.0768,415
6818,CA-2017-163860,1.68,5,0.8,-2.688,1354
6873,CA-2014-124394,10.78,5,0.8,-17.248,835
6899,US-2015-165512,7.656,6,0.8,-13.0152,1217
6903,CA-2017-111220,5.588,2,0.8,-15.0876,1836
6915,CA-2014-142510,17.904,6,0.8,-31.332,533
6989,CA-2017-165099,1.392,2,0.8,-3.7584,1842
6996,CA-2017-117443,13.84,4,0.8,-22.144,155
7067,CA-2016-114209,1.964,2,0.8,-3.2406,187
7074,CA-2016-112256,4.752,4,0.8,-8.316,1000
7153,CA-2015-106208,53.088,7,0.8,-108.8304,993
7175,US-2017-141677,87.168,8,0.8,-226.6368,1323
7188,CA-2017-133102,38.864,4,0.8,-99.1032,540
7451,CA-2017-105669,5.8,5,0.8,-10.15,328
7494,US-2017-160836,1.556,2,0.8,-4.2012,1044
7505,US-2017-106579,12.176,4,0.8,-18.8728,340
7547,CA-2014-103492,11.98,5,0.8,-19.168,1235
7548,CA-2014-103492,0.898,1,0.8,-1.5715,309
7661,CA-2014-105417,10.43,7,0.8,-18.2525,995
7696,CA-2017-107958,5.232,4,0.8,-8.1096,1526
7786,US-2016-117037,2.89,1,0.8,-4.7685,1817
7791,CA-2016-108364,1.8,5,0.8,-2.88,757
7852,CA-2014-169649,20.388,2,0.8,-53.0088,548
7906,US-2015-118766,3.96,10,0.8,-6.93,930
7942,CA-2017-134194,39.582,9,0.8,-59.373,721
7945,CA-2017-134194,40.98,5,0.8,-65.568,807
8024,CA-2014-129189,1.044,1,0.8,-1.827,1608
8033,CA-2015-119690,0.984,2,0.8,-1.476,1727
8073,CA-2017-151750,6.47,5,0.8,-9.705,631
8074,CA-2017-151750,13.748,14,0.8,-22.6842,187
8075,CA-2017-151750,15.224,2,0.8,-38.8212,518
8112,CA-2016-130393,11.648,4,0.8,-30.8672,946
8199,CA-2017-125269,10.43,5,0.8,-18.2525,1135
8246,CA-2015-129217,70.97,5,0.8,-191.619,559
8249,CA-2015-140221,11.212,2,0.8,-16.818,920
8251,CA-2015-140221,180.98,5,0.8,-470.548,1118
8321,US-2016-149790,15.624,2,0.8,-24.9984,1801
8326,CA-2017-103478,2.864,4,0.8,-4.5824,177
8327,CA-2017-103478,94.192,7,0.8,-164.836,1091
8361,CA-2017-147207,5.432,2,0.8,-13.58,1858
8371,CA-2014-165393,4.984,1,0.8,-8.4728,447
8397,US-2014-120236,7.68,5,0.8,-11.52,1767
8435,US-2014-127635,8.552,2,0.8,-13.6832,95
8494,CA-2015-109190,6.08,1,0.8,-10.336,1009
8505,CA-2016-130400,8.856,9,0.8,-14.1696,1192
8640,US-2017-148551,760.98,5,0.8,-1141.47,698
8658,CA-2016-168361,0.836,1,0.8,-1.3376,814
8678,CA-2016-112739,8.608,8,0.8,-13.3424,642
8716,CA-2016-120824,64.384,4,0.8,-160.96,1449
8722,CA-2016-120824,1.524,2,0.8,-2.667,32
8765,CA-2015-107083,1.696,2,0.8,-2.544,16
8767,CA-2015-107083,7.98,5,0.8,-13.167,419
8874,CA-2017-142489,21.99,5,0.8,-32.985,721
8876,US-2016-141264,58.924,1,0.8,-153.2024,1229
8915,US-2016-144057,13.184,4,0.8,-20.4352,92
8916,US-2016-144057,48.784,4,0.8,-131.7168,1741
8918,US-2016-144057,18.528,6,0.8,-27.792,1098
8959,CA-2017-150266,67.84,5,0.8,-179.776,1549
8965,CA-2017-106691,1.248,2,0.8,-1.9344,750
8977,CA-2017-156622,6.104,2,0.8,-9.156,792
8979,CA-2015-150413,1.72,1,0.8,-2.838,485
8980,CA-2014-108182,8.952,2,0.8,-14.7708,1422
8982,CA-2016-110898,1.728,4,0.8,-2.7648,878
9034,CA-2015-148873,2.992,4,0.8,-4.488,1408
9086,CA-2016-143406,93.032,2,0.8,-251.1864,1811
9104,CA-2015-163181,32.06,10,0.8,-51.296,28
9164,CA-2015-164007,143.128,2,0.8,-393.602,854
9192,CA-2015-141810,29.372,7,0.8,-46.9952,303
9216,CA-2017-103765,13.762,1,0.8,-24.7716,15
9223,CA-2017-121160,7.536,6,0.8,-13.188,1392
9224,CA-2017-121160,1.408,2,0.8,-2.3232,659
9225,CA-2017-121160,4.144,4,0.8,-6.4232,1521
9292,CA-2017-124114,0.556,1,0.8,-0.9452,763
9299,US-2015-163433,4.312,2,0.8,-6.8992,835
9304,US-2015-163433,1.476,1,0.8,-2.2878,784
9413,CA-2016-132017,6.816,2,0.8,-11.5872,829
9419,CA-2017-152926,15.224,2,0.8,-38.8212,518
9420,CA-2017-152926,21.984,6,0.8,-56.0592,1572
9480,CA-2014-126193,304.99,5,0.8,-533.7325,575
9542,CA-2015-135251,6.23,5,0.8,-9.6565,806
9590,CA-2014-119172,104.58,9,0.8,-172.557,928
9623,CA-2017-137449,21.392,2,0.8,-54.5496,656
9687,US-2017-130603,11.646,9,0.8,-17.469,631
9774,CA-2014-169019,2177.584,8,0.8,-3701.8928,318
9776,CA-2014-169019,16.784,4,0.8,-26.8544,303
9778,CA-2014-169019,8.88,5,0.8,-13.32,215
9779,CA-2014-169019,4.836,2,0.8,-12.09,1215
9808,CA-2017-145093,2.112,2,0.8,-3.3792,1096
9835,CA-2016-126627,16.392,2,0.8,-26.2272,807
9920,CA-2016-149272,22.386,7,0.8,-35.8176,1418
16,US-2015-118983,2.544,3,0.8,-3.816,16
76,US-2017-118038,1.248,3,0.8,-1.9344,74
550,CA-2015-113173,11.364,3,0.8,-17.046,93
102,CA-2016-158568,1.788,3,0.8,-3.0396,99
663,CA-2015-146563,2.724,3,0.8,-4.2222,110
918,US-2014-141215,8.568,3,0.8,-14.5656,278
1103,US-2017-145863,2.694,3,0.8,-4.7145,309
379,CA-2015-130792,8.652,3,0.8,-20.3322,338
394,US-2014-134971,12.462,3,0.8,-20.5623,352
470,US-2016-100419,4.788,3,0.8,-7.9002,419
677,US-2017-119438,2.688,3,0.8,-7.392,572
680,US-2017-119438,182.994,3,0.8,-320.2395,575
1272,US-2016-103646,48.792,3,0.8,-126.8592,729
1333,CA-2014-122567,1.08,3,0.8,-1.728,757
1104,US-2017-145863,2.934,3,0.8,-4.9878,773
1676,CA-2015-143077,6.588,3,0.8,-10.2114,1055
2005,US-2017-143028,11.364,3,0.8,-17.046,93
2160,CA-2016-159737,8.808,3,0.8,-14.9736,916
2174,CA-2016-112025,9.264,3,0.8,-13.896,1098
2527,CA-2015-124541,6.9,3,0.8,-12.075,1033
2847,CA-2017-152093,762.594,3,0.8,-1143.891,454
2923,US-2015-141453,3.882,3,0.8,-5.823,631
3186,CA-2014-123498,26.046,3,0.8,-44.2782,1326
3194,CA-2014-165428,3.648,3,0.8,-6.0192,530
3232,US-2017-156356,26.046,3,0.8,-44.2782,1326
3308,CA-2014-104738,2.286,3,0.8,-3.6576,317
3708,CA-2014-120544,34.176,3,0.8,-87.1488,1061
3764,CA-2017-125878,1.788,3,0.8,-3.0396,99
3855,US-2017-105389,3.564,3,0.8,-6.237,1000
4045,CA-2015-136378,9.156,3,0.8,-13.734,792
4082,US-2017-151316,182.994,3,0.8,-320.2395,575
4147,CA-2017-106068,9.762,3,0.8,-15.1311,1548
4265,US-2016-131611,3.564,3,0.8,-6.237,1000
4267,US-2016-131611,12.588,3,0.8,-20.1408,547
4437,CA-2016-163398,26.406,3,0.8,-71.2962,1340
4489,CA-2015-162621,4.47,3,0.8,-7.8225,995
4614,CA-2016-144540,62.79,3,0.8,-166.3935,554
4781,CA-2014-159310,1.476,3,0.8,-2.214,1727
5242,CA-2017-146367,3.318,3,0.8,-5.6406,560
6109,CA-2016-150007,1.908,3,0.8,-3.2436,1325
6300,US-2014-161305,24.588,3,0.8,-38.1114,103
6530,CA-2014-103744,4.428,3,0.8,-6.8634,784
7282,CA-2017-155936,3.036,3,0.8,-5.0094,889
7301,CA-2014-163468,2.892,3,0.8,-4.9164,549
7348,CA-2014-130421,176.772,3,0.8,-459.6072,1229
7781,CA-2015-132136,8.568,3,0.8,-14.5656,278
7946,CA-2017-134194,3.168,3,0.8,-5.0688,1096
8021,CA-2014-129189,4.992,3,0.8,-12.9792,1264
8125,CA-2015-137064,2.934,3,0.8,-4.9878,773
8220,CA-2014-120775,1.788,3,0.8,-3.0396,99
8457,US-2017-118556,3.564,3,0.8,-6.237,1000
8458,CA-2014-126200,25.68,3,0.8,-39.804,1171
8459,CA-2014-126200,12.384,3,0.8,-19.8144,342
8766,CA-2015-107083,24.588,3,0.8,-67.617,1869
8925,CA-2016-168032,1.728,3,0.8,-2.6784,620
8981,CA-2016-110898,2.334,3,0.8,-6.3018,1044
9064,US-2014-151015,2.946,3,0.8,-4.8609,187
9145,CA-2015-126970,2.808,3,0.8,-4.4928,611
9286,CA-2017-154011,6.888,3,0.8,-11.0208,1446
9477,CA-2015-100818,3.564,3,0.8,-6.237,1000
9479,CA-2014-126193,3.828,3,0.8,-6.5076,1217
9511,CA-2014-130575,9.264,3,0.8,-13.896,1098
9794,CA-2014-127166,18.24,3,0.8,-31.008,1009
9795,CA-2016-125920,3.798,3,0.8,-5.8869,866
24,US-2017-156909,71.372,2,0.3,-1.0196,24
40,CA-2015-117415,212.058,3,0.3,-15.147,39
67,US-2015-164175,213.115,5,0.3,-15.2225,65
662,CA-2015-146563,918.785,5,0.3,-118.1295,115
125,US-2014-152030,600.558,3,0.3,-8.5794,121
168,CA-2014-139892,1740.06,9,0.3,-24.858,159
178,US-2015-101511,396.802,7,0.3,-11.3372,169
1213,US-2017-118087,141.372,2,0.3,-48.4704,213
329,US-2016-141544,786.744,4,0.3,-258.5016,301
378,US-2017-134481,1488.424,7,0.3,-297.6848,337
437,CA-2016-147375,1007.979,3,0.3,43.1991,390
1061,US-2015-125374,107.772,2,0.3,-29.2524,392
458,US-2016-157945,747.558,3,0.3,-96.1146,409
658,US-2016-156097,701.372,2,0.3,-50.098,448
917,US-2014-141215,797.944,4,0.3,-56.996,468
1439,CA-2015-139731,2453.43,5,0.3,-350.49,488
1462,US-2016-128902,244.006,2,0.3,-31.3722,622
1576,CA-2014-101602,763.28,5,0.3,-21.808,641
1314,US-2016-134488,155.372,2,0.3,-13.3176,643
820,CA-2014-140858,1228.465,5,0.3,0,660
916,US-2014-141215,99.918,2,0.3,-18.5562,725
1046,CA-2017-152702,254.604,14,0.3,-18.186,799
1351,CA-2014-153976,258.279,3,0.3,-70.1043,819
1464,CA-2016-152289,1024.716,6,0.3,-29.2776,863
1199,CA-2016-130946,95.984,4,0.3,-4.1136,885
1596,CA-2017-149181,47.992,2,0.3,-2.0568,885
1275,CA-2016-119186,388.43,5,0.3,-88.784,921
1516,US-2017-160759,63.686,1,0.3,-9.098,964
1447,CA-2017-102337,470.302,7,0.3,-87.3418,1002
1595,CA-2015-118423,359.058,3,0.3,-35.9058,1067
1724,US-2015-123218,359.058,3,0.3,-71.8116,1117
1751,CA-2015-139094,206.962,2,0.3,-32.5226,1127
1823,CA-2016-168956,62.958,3,0.3,-2.6982,1155
2008,CA-2017-165386,183.372,2,0.3,-36.6744,1230
2052,CA-2015-142237,341.488,8,0.3,-73.176,1236
2092,CA-2017-166142,310.443,3,0.3,-48.7839,1127
2146,US-2016-152051,422.058,3,0.3,-18.0882,230
2151,US-2017-139969,233.058,3,0.3,-53.2704,921
2172,US-2017-137491,305.312,2,0.3,-8.7232,641
2224,CA-2015-131884,70.686,1,0.3,-24.2352,213
2306,CA-2016-115574,141.372,2,0.3,-14.1372,719
2348,CA-2016-159373,557.585,5,0.3,0,906
2375,CA-2016-159940,253.372,2,0.3,-14.4784,325
2442,CA-2016-146934,174.286,2,0.3,-19.9184,211
2448,CA-2016-119165,492.835,5,0.3,-14.081,1164
2494,CA-2016-146206,300.93,5,0.3,-34.392,845
2515,CA-2016-124506,47.992,2,0.3,-2.0568,885
2537,CA-2015-168746,181.986,2,0.3,-54.5958,71
2610,CA-2014-127446,1218.735,5,0.3,-121.8735,4
2747,CA-2014-155887,700.056,3,0.3,-130.0104,607
2806,CA-2015-122623,47.516,2,0.3,-2.0364,1285
2845,US-2016-162852,845.488,8,0.3,-12.0784,536
2899,US-2015-114839,408.422,2,0.3,-5.8346,286
2905,CA-2016-153577,539.658,3,0.3,-7.7094,1200
2975,CA-2015-137512,244.006,2,0.3,-31.3722,622
2977,CA-2017-139773,188.552,7,0.3,-2.6936,1484
3078,CA-2014-143903,981.372,2,0.3,-140.196,488
3145,US-2016-148110,347.802,7,0.3,-24.843,479
3173,US-2016-133879,528.43,5,0.3,0,668
3236,CA-2016-140746,181.797,1,0.3,-15.5826,259
3239,US-2016-127971,318.43,5,0.3,-77.333,1220
3245,CA-2017-113355,317.058,3,0.3,-18.1176,293
3343,CA-2016-145982,244.615,1,0.3,20.967,1121
3355,US-2014-150434,70.56,1,0.3,-4.032,1551
3406,US-2014-150119,281.372,2,0.3,-12.0588,230
3438,CA-2017-152583,251.006,2,0.3,-68.1302,365
3488,CA-2015-157322,408.422,2,0.3,-5.8346,286
3489,CA-2015-157322,382.116,6,0.3,-92.7996,1220
3512,CA-2017-140326,825.174,9,0.3,-117.882,1568
3542,CA-2016-157511,99.372,2,0.3,-7.098,479
3551,CA-2016-152555,844.116,6,0.3,-36.1764,230
3602,CA-2014-159835,657.93,5,0.3,-93.99,504
3614,CA-2017-112529,718.116,6,0.3,-71.8116,985
3674,CA-2017-154109,127.372,2,0.3,-30.9332,1220
3756,CA-2016-116799,563.43,5,0.3,-56.343,1605
3765,CA-2016-163153,99.372,2,0.3,-1.4196,1180
3834,CA-2014-105984,611.058,3,0.3,-34.9176,1013
3938,CA-2015-118955,197.372,2,0.3,-25.3764,909
3950,CA-2016-119963,255.108,6,0.3,-18.222,165
4002,CA-2016-145730,637.896,3,0.3,-127.5792,337
4020,CA-2014-154963,170.058,3,0.3,-4.8588,169
4022,CA-2014-154963,853.93,5,0.3,0,2
4209,CA-2014-145387,385.686,1,0.3,-60.6078,1270
4264,US-2016-131611,863.128,8,0.3,-160.2952,590
4359,CA-2017-162565,520.464,2,0.3,-14.8704,881
4383,US-2015-122784,384.944,4,0.3,-126.4816,1685
4385,US-2015-122784,913.43,5,0.3,-52.196,38
4397,US-2014-138758,172.186,2,0.3,-46.7362,819
4470,CA-2017-156895,128.058,3,0.3,-23.7822,1557
4471,CA-2017-121300,63.686,1,0.3,-15.4666,1220
4494,CA-2014-150798,909.72,6,0.3,-51.984,380
4540,CA-2015-104129,493.92,7,0.3,-28.224,1551
4543,CA-2015-126557,383.607,9,0.3,-5.4801,214
4559,CA-2014-110219,127.869,3,0.3,-9.1335,65
4661,CA-2015-112130,844.116,6,0.3,-36.1764,230
4780,CA-2014-159310,683.144,4,0.3,0,1443
4811,CA-2016-121370,380.058,3,0.3,-21.7176,325
4824,CA-2016-140018,127.554,3,0.3,-9.111,165
4897,US-2014-122021,183.372,2,0.3,-7.8588,1420
4904,US-2014-161613,674.058,3,0.3,-19.2588,629
4917,CA-2017-163125,254.058,3,0.3,-32.6646,1737
5038,CA-2015-136469,199.836,4,0.3,-37.1124,725
5075,CA-2014-134572,744.1,5,0.3,-95.67,216
5077,CA-2014-134572,401.59,2,0.3,-131.951,1694
5157,CA-2017-163006,569.058,3,0.3,-178.8468,1659
5254,CA-2015-125185,99.372,2,0.3,-7.098,479
5262,CA-2014-105165,200.795,1,0.3,-22.948,744
5277,CA-2014-113859,340.116,6,0.3,-9.7176,169
5290,CA-2014-146283,966.7,5,0.3,-13.81,159
5303,US-2014-139500,37.296,2,0.3,-1.0656,1409
5308,CA-2017-131254,191.058,3,0.3,-46.3998,1220
5373,CA-2015-118738,347.361,7,0.3,-69.4722,225
5517,CA-2017-117667,239.96,10,0.3,-10.284,885
5539,US-2017-150595,181.986,2,0.3,-54.5958,71
5565,CA-2017-157966,209.986,2,0.3,8.9994,1780
5567,CA-2017-157966,89.768,1,0.3,-2.5648,1611
5689,CA-2015-119550,275.058,3,0.3,-90.3762,1776
5799,CA-2014-166716,421.37,2,0.3,-6.0196,1518
5995,CA-2016-162187,458.43,5,0.3,-137.529,1612
6110,CA-2016-124590,1474.802,7,0.3,-21.0686,1518
6113,CA-2016-124590,1537.074,9,0.3,0,2
6114,CA-2016-124590,449.372,2,0.3,-12.8392,629
6207,CA-2016-133697,56.686,1,0.3,-14.5764,397
6407,CA-2017-161774,899.43,5,0.3,-12.849,1200
6438,US-2017-113992,974.988,4,0.3,-97.4988,4
6547,CA-2014-113880,634.116,6,0.3,-172.1172,84
6563,CA-2014-166086,194.25,2,0.3,-38.85,1609
6569,CA-2014-100678,317.058,3,0.3,-18.1176,293
6624,CA-2015-141250,102.438,1,0.3,-13.1706,1224
6625,CA-2015-141250,199.304,4,0.3,-8.5416,1479
6653,US-2017-124779,213.43,5,0.3,-39.637,1557
6740,CA-2014-144029,359.772,2,0.3,-5.1396,1200
6764,CA-2016-144764,1362.9,3,0.3,-19.47,1830
6765,CA-2017-100615,317.058,3,0.3,-18.1176,293
6811,CA-2017-156237,113.372,2,0.3,-29.1528,397
6820,CA-2017-163860,113.372,2,0.3,-3.2392,169
6898,US-2015-165512,602.651,7,0.3,-163.5767,819
6948,CA-2015-130365,128.058,3,0.3,-23.7822,1557
7001,CA-2015-104871,366.744,4,0.3,-110.0232,1612
7008,CA-2015-154823,598.458,3,0.3,-42.747,468
7043,US-2017-165358,198.744,4,0.3,-14.196,479
7104,CA-2017-128944,760.116,6,0.3,-43.4352,325
7186,CA-2017-133102,74.592,4,0.3,-2.1312,1409
7243,CA-2017-118892,4416.174,9,0.3,-630.882,488
7265,US-2014-143721,155.372,2,0.3,-35.5136,921
7300,CA-2014-163468,424.116,6,0.3,-30.294,1687
7305,CA-2014-137274,890.841,3,0.3,-152.7156,414
7367,CA-2016-127243,347.802,7,0.3,-24.843,479
7414,US-2016-114013,386.68,2,0.3,-5.524,159
7425,CA-2016-101693,85.246,2,0.3,-6.089,65
7450,CA-2017-105669,318.43,5,0.3,-77.333,1220
7483,CA-2014-129938,445.802,7,0.3,-108.2662,1220
7488,US-2015-134558,1053.164,4,0.3,-105.3164,217
7493,US-2017-160836,512.19,5,0.3,-65.853,1224
7523,CA-2016-162383,85.246,2,0.3,-1.2178,214
7561,CA-2016-105746,170.786,1,0.3,0,2
7562,US-2016-104815,198.744,4,0.3,0,1666
7591,CA-2016-158778,71.246,2,0.3,-19.3382,125
7593,CA-2016-158778,887.271,3,0.3,-63.3765,781
7631,CA-2014-162089,127.302,7,0.3,-9.093,799
7674,CA-2015-130974,446.068,4,0.3,0,906
7701,CA-2017-151799,526.582,2,0.3,-52.6582,217
7723,CA-2015-139374,179.886,1,0.3,-2.5698,1200
7812,CA-2016-134334,550.431,3,0.3,-47.1798,742
7844,US-2017-123834,124.404,4,0.3,-21.3264,982
7916,CA-2015-110891,344.372,4,0.3,-93.4724,819
7929,CA-2017-167549,298.116,6,0.3,-4.2588,1180
7948,CA-2014-131009,362.25,6,0.3,0,874
8023,CA-2014-129189,657.93,5,0.3,-93.99,504
8071,CA-2017-151750,310.744,4,0.3,-26.6352,643
8108,US-2017-167570,215.544,4,0.3,-58.5048,392
8110,CA-2017-160122,127.386,2,0.3,-25.4772,1475
8111,CA-2016-130393,248.43,5,0.3,-17.745,479
8113,CA-2016-130393,85.246,2,0.3,-1.2178,214
8118,US-2017-106551,526.344,4,0.3,-75.192,504
8156,CA-2016-131296,239.372,2,0.3,-23.9372,985
8186,CA-2015-136728,170.072,4,0.3,-12.148,165
8282,CA-2015-154284,600.53,2,0.3,137.264,853
8310,CA-2014-168312,376.509,3,0.3,-43.0296,1308
8313,CA-2014-161508,512.358,3,0.3,-14.6388,863
8362,CA-2017-147207,913.43,5,0.3,-169.637,981
8382,CA-2016-163048,241.5,4,0.3,0,874
8395,CA-2016-142594,366.009,3,0.3,-47.0583,622
8398,CA-2017-120061,155.372,2,0.3,-35.5136,921
8412,CA-2017-132290,933.408,4,0.3,-173.3472,607
8445,CA-2017-125451,240.744,4,0.3,-13.7568,987
8448,CA-2017-125451,637.896,3,0.3,-127.5792,337
8452,CA-2016-125087,344.372,4,0.3,-93.4724,819
8456,US-2017-118556,106.869,3,0.3,-29.0073,125
8504,CA-2016-109400,366.744,4,0.3,-110.0232,1612
8542,CA-2015-157287,422.625,7,0.3,0,874
8673,CA-2017-163265,600.558,3,0.3,-8.5794,121
8677,CA-2017-141705,517.405,5,0.3,-81.3065,1127
8720,CA-2016-120824,379.372,2,0.3,-119.2312,1659
8776,CA-2016-102813,528.43,5,0.3,0,668
8866,CA-2014-120411,493.43,5,0.3,-70.49,1629
8893,CA-2014-124723,489.23,2,0.3,41.934,1121
8902,CA-2016-150483,191.079,3,0.3,-38.2158,1475
8928,US-2015-168704,609.98,4,0.3,-113.282,567
8929,US-2015-168704,211.372,2,0.3,-45.294,1010
8943,CA-2017-111717,239.358,3,0.3,-47.8716,1788
8960,CA-2017-150266,853.93,5,0.3,-24.398,863
8967,CA-2016-134180,470.155,7,0.3,-13.433,373
8976,CA-2017-156622,127.785,1,0.3,-31.0335,971
8999,CA-2017-137785,458.43,5,0.3,-124.431,546
9087,CA-2016-143406,454.965,5,0.3,-136.4895,71
9117,CA-2017-153045,887.271,3,0.3,-63.3765,781
9279,CA-2017-122539,398.972,2,0.3,-28.498,468
9287,CA-2017-154011,457.485,3,0.3,-84.9615,567
9288,US-2017-165456,1079.316,6,0.3,-15.4188,1200
9300,US-2015-163433,56.686,1,0.3,-20.245,408
9347,CA-2017-109085,899.43,5,0.3,-12.849,1200
9352,CA-2017-148411,520.464,2,0.3,-14.8704,881
9371,CA-2015-111339,317.058,3,0.3,-86.0586,84
9405,CA-2014-152618,574.91,2,0.3,156.047,1429
9428,CA-2014-152100,1212.96,8,0.3,-69.312,380
9430,CA-2015-166219,103.481,1,0.3,-16.2613,1127
9486,CA-2017-130505,673.344,3,0.3,-76.9536,862
9575,CA-2015-143147,105.686,1,0.3,-28.6862,84
9577,CA-2015-143147,104.93,5,0.3,-4.497,1155
9624,CA-2017-137449,307.314,3,0.3,-39.5118,1224
9748,US-2014-140914,797.944,4,0.3,-56.996,468
9788,CA-2017-144491,600.558,3,0.3,-8.5794,121
9790,CA-2017-144491,211.246,2,0.3,-66.3916,1333
9792,CA-2014-127166,107.772,2,0.3,-29.2524,392
9919,CA-2016-149272,528.43,5,0.3,-143.431,84
1563,US-2017-102890,1044.63,5,0.4,-295.9785,4
454,CA-2017-147277,284.364,2,0.4,-75.8304,11
1690,CA-2014-142839,853.092,6,0.4,-227.4912,11
215,CA-2015-146262,62.982,3,0.4,-14.6958,105
131,US-2017-164147,59.97,5,0.4,-11.994,127
166,CA-2014-139892,8159.95,8,0.4,-1359.992,157
263,US-2014-106992,3059.982,3,0.4,-509.997,157
763,CA-2015-114923,107.982,3,0.4,-26.9955,162
615,CA-2017-138611,119.94,10,0.4,15.992,224
1581,CA-2015-131338,382.806,9,0.4,-153.1224,225
264,US-2014-106992,2519.958,7,0.4,-251.9958,240
1003,CA-2015-124891,1090.782,7,0.4,-290.8752,259
327,US-2016-141544,290.898,3,0.4,-67.8762,299
332,US-2016-150147,82.8,2,0.4,-20.7,304
972,CA-2014-115791,124.2,3,0.4,-31.05,304
344,CA-2014-122336,71.928,12,0.4,8.3916,314
1890,CA-2014-142587,409.59,3,0.4,-122.877,344
1670,US-2015-157154,1018.104,4,0.4,-373.3048,414
1255,CA-2017-144638,35.91,3,0.4,-8.379,427
495,US-2016-120929,189.882,3,0.4,-94.941,441
871,CA-2016-158099,280.782,3,0.4,-46.797,500
1331,CA-2017-127705,2.97,1,0.4,-0.6435,505
600,US-2016-100720,143.982,3,0.4,-28.7964,521
601,US-2016-100720,494.376,4,0.4,-115.3544,522
610,US-2014-105767,55.188,2,0.4,-10.1178,526
1431,CA-2017-122700,220.752,8,0.4,-40.4712,526
614,CA-2016-121223,728.946,9,0.4,-157.9383,529
729,US-2016-150861,400.032,2,0.4,-153.3456,607
1083,US-2016-143819,836.592,8,0.4,-264.9208,622
950,US-2017-110576,2065.32,12,0.4,-619.596,744
987,CA-2017-100314,336.51,3,0.4,44.868,762
1028,CA-2016-126529,15.588,2,0.4,-9.8724,787
1065,CA-2015-161263,118.782,3,0.4,-27.7158,810
1680,CA-2014-122882,32.382,3,0.4,4.3176,838
1220,US-2017-118087,1931.958,7,0.4,-386.3916,891
1234,CA-2016-153682,839.988,2,0.4,69.999,898
1662,CA-2017-144526,677.58,5,0.4,-158.102,953
1363,CA-2017-125199,309.576,4,0.4,-56.7556,966
1403,US-2016-161396,205.176,2,0.4,-58.1332,985
1406,US-2014-118486,154.764,3,0.4,-36.1116,987
1650,CA-2015-120341,45.894,1,0.4,-9.1788,1092
1728,US-2017-164056,1048.35,5,0.4,-69.89,1121
1830,CA-2014-103373,779.796,2,0.4,-168.9558,1159
1834,CA-2017-162691,1439.982,3,0.4,-263.9967,1161
1866,US-2017-116659,370.782,3,0.4,-92.6955,1175
1913,CA-2017-121503,597.132,3,0.4,49.761,1196
1949,CA-2017-157987,254.526,1,0.4,-93.3262,414
1987,CA-2016-147417,1439.976,4,0.4,191.9968,308
2117,CA-2015-159786,209.67,1,0.4,-13.978,1121
2126,CA-2017-144862,62.958,7,0.4,9.4437,1262
2136,CA-2015-122210,94.92,4,0.4,15.82,1267
2142,CA-2014-159520,991.764,3,0.4,-347.1174,1270
2144,CA-2016-155481,23.988,2,0.4,-4.7976,127
2171,CA-2017-117870,107.982,3,0.4,-26.9955,162
2222,CA-2015-131884,485.94,2,0.4,-89.089,1258
2229,CA-2016-139157,330.588,1,0.4,-115.7058,1270
2242,US-2016-126893,494.982,3,0.4,-115.4958,911
2358,US-2014-148838,1579.746,7,0.4,-447.5947,217
2359,US-2014-148838,1071.576,4,0.4,-553.6476,1313
2360,US-2014-148838,613.908,3,0.4,-122.7816,1179
2426,US-2017-147669,273.06,2,0.4,-104.673,1353
2538,CA-2015-168746,431.976,4,0.4,-100.7944,1160
2539,CA-2015-168746,155.37,1,0.4,-36.253,1384
2570,CA-2017-134404,164.388,2,0.4,-35.6174,826
2665,CA-2016-164784,370.62,3,0.4,-142.071,122
2726,CA-2017-149888,359.97,5,0.4,-71.994,1222
2727,CA-2017-149888,350.352,4,0.4,-140.1408,1358
2729,CA-2017-119193,629.958,7,0.4,94.4937,1350
2784,US-2016-106677,23.988,2,0.4,-15.992,1451
2785,CA-2016-116974,23.976,4,0.4,-15.5844,1147
3016,US-2015-138919,344.22,2,0.4,-103.266,744
3045,CA-2015-135174,1022.97,5,0.4,-255.7425,644
3127,CA-2017-149895,258.528,2,0.4,-47.3968,1514
3153,CA-2015-147830,101.988,2,0.4,-16.998,1517
3157,CA-2015-139584,284.364,2,0.4,-75.8304,11
3258,US-2016-161844,79.974,3,0.4,-29.3238,982
3302,US-2014-159926,539.964,6,0.4,-107.9928,1543
3390,CA-2017-148404,154.764,3,0.4,-36.1116,987
3428,US-2017-111024,215.148,2,0.4,-103.9882,365
3510,CA-2014-166863,418.8,2,0.4,-97.72,1512
3587,CA-2017-121839,1169.694,3,0.4,-253.4337,1159
3599,CA-2014-102869,135.516,1,0.4,-31.6204,953
3634,CA-2016-145177,41.958,7,0.4,-9.7902,436
3781,CA-2015-135314,269.982,3,0.4,40.4973,1350
3798,CA-2017-147760,523.764,3,0.4,-192.0468,311
3833,CA-2014-105984,1049.97,5,0.4,-209.994,760
3907,CA-2015-167010,14.85,5,0.4,-3.2175,505
3908,CA-2015-167010,41.988,2,0.4,-9.7972,105
3979,CA-2014-114517,53.316,2,0.4,-19.5492,982
4003,CA-2016-145730,287.91,3,0.4,33.5895,1644
4021,CA-2014-154963,82.782,3,0.4,-15.1767,41
4052,CA-2014-122931,409.272,2,0.4,-81.8544,1179
4056,CA-2014-122931,67.176,1,0.4,-20.1528,830
4108,CA-2015-105599,27.414,3,0.4,-14.1639,1500
4293,CA-2017-130967,53.982,3,0.4,-10.7964,175
4322,US-2015-147662,323.982,3,0.4,-80.9955,1419
4473,CA-2017-121300,344.22,2,0.4,-189.321,1694
4491,CA-2014-150798,659.988,2,0.4,109.998,1599
4683,CA-2016-159912,241.92,4,0.4,-56.448,1551
4803,CA-2017-136364,39.594,1,0.4,-7.2589,788
4812,CA-2016-121370,1199.976,4,0.4,179.9964,363
4839,CA-2017-106831,158.376,4,0.4,-34.3148,196
4869,CA-2017-131366,89.988,2,0.4,-14.998,938
4908,CA-2014-133809,9.588,2,0.4,-2.0774,1736
5009,CA-2015-102876,791.964,6,0.4,-131.994,423
5014,US-2017-160465,210.564,6,0.4,-52.641,1746
5016,CA-2014-153850,1502.376,4,0.4,-250.396,1747
5066,CA-2017-142090,1781.682,7,0.4,-653.2834,414
5086,CA-2015-109001,466.158,7,0.4,-93.2316,1749
5124,CA-2014-160766,464.292,9,0.4,-108.3348,987
5186,US-2015-154389,748.752,8,0.4,-162.2296,1622
5293,CA-2015-111073,51.588,1,0.4,-15.4764,845
5320,US-2017-162558,2314.116,7,0.4,-1002.7836,600
5384,CA-2017-161410,358.2,3,0.4,41.79,258
5385,CA-2017-161410,545.916,14,0.4,72.7888,1437
5420,US-2016-151827,280.782,3,0.4,-60.8361,1622
5505,CA-2017-127782,859.2,4,0.4,-186.16,1129
5574,CA-2014-151162,36.738,1,0.4,-9.1845,1782
5575,CA-2014-151162,179.94,2,0.4,-44.985,1198
5629,US-2016-146066,815.292,9,0.4,-339.705,1010
5703,US-2014-123519,136.53,1,0.4,-52.3365,1353
5923,CA-2016-130288,313.176,2,0.4,-120.0508,981
5931,US-2017-169551,683.988,2,0.4,-113.998,435
5997,CA-2016-162187,328.59,3,0.4,-147.8655,971
6104,US-2017-132381,314.532,2,0.4,-83.8752,742
6195,CA-2017-113453,329.988,2,0.4,-76.9972,911
6203,CA-2016-133669,235.152,8,0.4,-47.0304,1720
6228,CA-2016-148208,110.376,4,0.4,-20.2356,41
6285,CA-2016-125080,661.176,2,0.4,-231.4116,1270
6382,CA-2016-127236,158.376,4,0.4,-36.9544,1342
6416,CA-2016-111976,108.576,4,0.4,-25.3344,1428
6425,CA-2016-143714,8399.976,4,0.4,1119.9968,1406
6428,CA-2016-143714,122.382,3,0.4,-24.4764,1820
6430,CA-2014-165764,945.036,6,0.4,-299.2614,115
6483,CA-2017-113908,384.768,2,0.4,-115.4304,862
6501,CA-2014-129147,539.964,6,0.4,-107.9928,1523
6502,CA-2014-129147,50.232,7,0.4,-10.0464,181
6524,CA-2016-129308,59.994,1,0.4,-12.9987,975
6536,CA-2014-169684,328.59,3,0.4,-147.8655,971
6639,CA-2014-108609,1421.664,8,0.4,-734.5264,1245
6784,CA-2017-121293,138.588,1,0.4,-34.647,1775
6886,CA-2017-123036,259.896,2,0.4,-56.3108,1025
6931,CA-2014-164182,13.494,1,0.4,-2.249,1837
6932,CA-2014-164182,23.988,2,0.4,-13.993,1759
6950,CA-2017-143021,79.974,3,0.4,-29.3238,982
6951,CA-2015-161767,479.988,2,0.4,55.9986,1841
7042,US-2017-165358,599.97,5,0.4,69.9965,1715
7080,CA-2016-106950,472.518,3,0.4,-149.6307,115
7143,US-2017-141558,776.85,5,0.4,-181.265,1384
7145,US-2017-141558,154.764,3,0.4,-46.4292,845
7262,CA-2017-156363,32.7,5,0.4,-6.54,48
7288,CA-2014-158281,559.71,3,0.4,-121.2705,1407
7316,CA-2016-132066,142.182,1,0.4,-37.9152,11
7331,CA-2017-115119,61.542,1,0.4,-13.3341,241
7352,CA-2017-152135,445.44,8,0.4,-81.664,926
7358,US-2014-115189,251.964,6,0.4,-50.3928,605
7359,US-2014-115189,523.764,3,0.4,-192.0468,311
7363,CA-2016-127243,340.182,3,0.4,-73.7061,875
7395,CA-2016-110975,313.176,2,0.4,-120.0508,981
7409,CA-2014-121769,172.11,1,0.4,-94.6605,1694
7416,US-2016-114013,539.91,3,0.4,-116.9805,722
7509,US-2017-161935,1889.946,9,0.4,-377.9892,760
7649,CA-2015-101889,1548.99,9,0.4,-464.697,744
7783,CA-2016-162236,876.3,10,0.4,-292.1,279
7879,CA-2016-155747,337.176,2,0.4,-118.0116,1688
7970,US-2015-126753,519.792,4,0.4,-112.6216,1025
8123,CA-2014-138128,1079.976,4,0.4,125.9972,1088
8180,CA-2015-119879,1252.704,8,0.4,-480.2032,981
8181,CA-2015-119879,110.97,5,0.4,-24.0435,693
8248,CA-2016-133816,743.988,2,0.4,-123.998,653
8353,CA-2017-132199,373.47,5,0.4,-112.041,211
8410,CA-2016-130820,630.024,4,0.4,-199.5076,115
8442,US-2016-155173,431.94,2,0.4,-71.99,915
8444,US-2016-155173,68.238,3,0.4,-12.5103,534
8524,CA-2017-161172,44.376,2,0.4,-7.396,1005
8572,CA-2014-121629,998.85,5,0.4,-199.77,1104
8629,CA-2015-164084,481.176,2,0.4,-120.294,1399
8690,CA-2016-136770,259.896,2,0.4,-56.3108,1025
8691,CA-2016-136770,247.188,2,0.4,-49.4376,767
8698,CA-2017-119284,120.96,2,0.4,-28.224,1551
8739,US-2017-131961,83.988,2,0.4,-20.997,434
8799,CA-2014-116666,1799.97,5,0.4,239.996,308
8808,US-2017-110646,118.65,5,0.4,19.775,1267
8949,CA-2017-150910,934.956,6,0.4,-249.3216,259
8970,CA-2017-157469,151.188,2,0.4,-25.198,1436
8993,CA-2017-159100,1875.258,7,0.4,-968.8833,1313
9106,CA-2015-163181,287.91,3,0.4,33.5895,1644
9115,CA-2017-153045,429.6,2,0.4,-93.08,1129
9315,CA-2016-161907,118.782,3,0.4,-27.7158,1342
9343,CA-2017-109085,455.97,5,0.4,-106.393,1778
9345,CA-2017-109085,57.594,1,0.4,-11.5188,1506
9358,CA-2016-168046,313.722,3,0.4,-99.3453,622
9402,CA-2016-105459,209.148,2,0.4,-66.2302,622
9438,CA-2017-126144,285.576,4,0.4,-57.1152,1283
9467,CA-2017-102925,166.5,2,0.4,-66.6,1609
9516,CA-2015-123939,26.982,3,0.4,4.0473,1262
9576,CA-2015-143147,399.54,2,0.4,-79.908,1104
9603,CA-2016-129861,376.866,3,0.4,-213.5574,1031
9617,CA-2017-160633,899.982,3,0.4,74.9985,621
9639,CA-2015-116638,4297.644,13,0.4,-1862.3124,600
9673,CA-2016-114867,1499.97,5,0.4,-374.9925,1893
9797,CA-2015-128608,235.188,2,0.4,-43.1178,35
9798,CA-2015-128608,26.376,4,0.4,2.6376,1370
9800,CA-2015-128608,107.118,3,0.4,-21.4236,481
9878,US-2017-166324,122.382,3,0.4,-24.4764,1820
9899,US-2014-117380,330.588,1,0.4,-143.2548,600
37,CA-2016-117590,190.92,5,0.6,-147.963,36
1419,CA-2015-126697,4.928,4,0.6,-1.4784,51
77,US-2017-118038,9.708,3,0.6,-5.8248,75
79,US-2014-147606,19.3,5,0.6,-14.475,77
239,CA-2016-157749,419.68,5,0.6,-356.728,222
240,CA-2016-157749,11.688,3,0.6,-4.6752,223
243,CA-2016-157749,4.044,3,0.6,-2.8308,226
255,US-2015-159982,12.132,9,0.6,-8.4924,226
468,US-2015-101399,254.744,7,0.6,-312.0614,271
1601,CA-2017-158876,15.992,2,0.6,-13.993,298
1107,US-2016-110156,2.328,2,0.6,-0.7566,399
546,CA-2014-103849,66.112,4,0.6,-84.2928,484
580,CA-2017-118640,8.792,1,0.6,-5.7148,509
1359,CA-2017-160045,1.988,1,0.6,-1.4413,532
670,US-2017-106663,23.976,3,0.6,-14.3856,566
679,US-2017-119438,82.524,3,0.6,-41.262,574
1382,US-2016-100566,83.952,3,0.6,-90.2484,589
1675,CA-2015-143077,21.936,2,0.6,-10.4196,913
1474,US-2015-105676,6.688,4,0.6,-4.0128,1016
1810,CA-2016-165484,16.156,7,0.6,-12.117,1148
1820,US-2014-130379,29.32,2,0.6,-24.189,1153
1844,CA-2015-135391,40.784,2,0.6,-30.588,1165
1997,US-2017-147221,8.752,4,0.6,-3.7196,498
2137,CA-2015-156377,14.76,5,0.6,-11.439,1268
2155,US-2016-120460,22.608,3,0.6,-10.1736,1166
2166,CA-2016-154018,139.92,5,0.6,-150.414,589
2239,CA-2017-166849,44.4,2,0.6,-52.17,1294
2372,CA-2016-159940,60.288,8,0.6,-27.1296,1166
2430,CA-2016-169922,12.544,7,0.6,-9.0944,1084
2557,US-2016-126844,51.712,8,0.6,-32.32,1389
2591,US-2016-115455,14.136,2,0.6,-7.7748,1398
2613,CA-2014-127446,6.096,3,0.6,-3.9624,539
2720,CA-2014-110030,23.976,3,0.6,-14.3856,566
2788,US-2014-117744,58.36,5,0.6,-24.803,289
2790,US-2014-117744,39.96,5,0.6,-23.976,566
2967,CA-2014-162866,32.952,6,0.6,-19.7712,1011
3018,US-2016-160528,22.608,3,0.6,-10.1736,1166
3077,CA-2014-143903,16.74,5,0.6,-14.229,912
3087,CA-2017-118773,3.984,2,0.6,-2.6892,1488
3140,CA-2017-164168,22.848,3,0.6,-17.7072,287
3241,US-2016-127971,7.068,3,0.6,-2.8272,327
3317,CA-2017-161739,341.96,5,0.6,-427.45,1318
3334,CA-2017-122595,2.032,1,0.6,-1.3208,1546
3365,CA-2016-130050,9.552,3,0.6,-3.8208,746
3403,CA-2015-129700,22.288,7,0.6,-8.9152,746
3404,CA-2017-168739,65.424,4,0.6,-52.3392,1558
3436,US-2015-100531,24.288,3,0.6,-12.7512,531
3437,CA-2017-152583,16.192,2,0.6,-8.5008,531
3567,CA-2016-137176,15.008,4,0.6,-12.0064,1461
3707,CA-2014-120544,6.368,2,0.6,-2.5472,746
3864,CA-2015-157133,151.96,5,0.6,-182.352,1625
4225,US-2014-102631,94.428,3,0.6,-42.4926,1668
4229,CA-2017-100223,332.028,9,0.6,-348.6294,743
4256,CA-2017-163160,10.476,3,0.6,-6.8094,704
4358,CA-2017-162565,77.72,1,0.6,-66.062,628
4548,CA-2015-126557,7.76,1,0.6,-2.134,277
4702,CA-2017-140298,7.996,1,0.6,-6.9965,298
4713,CA-2014-108273,56.568,2,0.6,-74.9526,1474
4772,CA-2017-119746,6.464,1,0.6,-4.04,1389
5096,US-2014-140452,10.776,3,0.6,-4.8492,1115
5112,CA-2015-153073,17.496,9,0.6,-7.4358,1750
5158,CA-2017-163006,14.224,2,0.6,-10.3124,91
5304,US-2014-166310,8.544,2,0.6,-7.476,1465
5677,CA-2014-126802,38.976,3,0.6,-50.6688,1547
5857,CA-2015-112214,14.76,5,0.6,-11.439,1268
6081,US-2014-165589,25.16,5,0.6,-11.322,1626
6350,CA-2017-161557,108.4,5,0.6,-105.69,804
6369,CA-2016-103919,38.08,5,0.6,-29.512,287
6446,US-2017-119816,103.5,5,0.6,-77.625,29
6651,US-2017-124779,21.184,2,0.6,-11.6512,756
6685,US-2015-129637,41.552,2,0.6,-19.7372,695
6712,CA-2017-107629,266.352,6,0.6,-292.9872,1334
6713,CA-2017-107629,56.328,3,0.6,-26.7558,269
6767,CA-2017-100615,14.56,5,0.6,-6.188,1037
6795,CA-2015-145394,34.504,2,0.6,-15.5268,1646
6796,CA-2015-168809,20.104,2,0.6,-16.5858,1281
6798,CA-2015-168809,7.88,5,0.6,-3.94,1833
6808,CA-2015-128125,22.38,3,0.6,-7.833,1636
6819,CA-2017-163860,7.968,3,0.6,-2.3904,1516
6821,CA-2017-163860,2.96,2,0.6,-1.406,347
6877,US-2015-123918,131.376,6,0.6,-95.2476,867
6936,CA-2016-129847,84.272,2,0.6,-75.8448,1838
7006,CA-2014-119466,8.544,2,0.6,-7.476,1465
7187,CA-2017-133102,16.784,2,0.6,-22.2388,1499
7203,CA-2014-118276,8.736,3,0.6,-4.8048,1705
7299,CA-2014-163468,8.544,2,0.6,-7.476,1465
7330,CA-2016-149349,22.752,6,0.6,-8.532,1194
7426,CA-2016-101693,32.712,2,0.6,-26.1696,1558
7446,CA-2017-127474,22.2,1,0.6,-26.085,1294
7536,CA-2017-103415,13.592,2,0.6,-14.2716,1826
7549,CA-2016-136595,21.204,3,0.6,-11.6622,1398
7604,CA-2016-101791,25.176,3,0.6,-33.3582,1499
7605,CA-2016-101791,5.584,2,0.6,-1.6752,777
7660,CA-2014-105417,76.728,3,0.6,-53.7096,444
7788,US-2016-117037,22.608,3,0.6,-10.1736,1166
7847,CA-2016-128706,16.192,2,0.6,-6.8816,1681
7878,CA-2016-160241,242.176,4,0.6,-302.72,1847
7912,CA-2016-167605,30.344,2,0.6,-31.8612,774
7949,CA-2014-131009,63.552,6,0.6,-34.9536,756
8030,CA-2016-158806,23.076,3,0.6,-10.9611,1413
8034,CA-2015-119690,75.384,9,0.6,-20.7306,1394
8070,CA-2017-151750,141.42,5,0.6,-187.3815,1474
8128,CA-2017-157350,64.96,5,0.6,-43.848,602
8133,CA-2015-131352,72.78,3,0.6,-70.9605,72
8182,CA-2017-155642,22.608,3,0.6,-10.1736,1166
8183,CA-2017-155642,1.892,1,0.6,-0.9933,285
8211,CA-2016-116337,44.46,5,0.6,-17.784,1867
8218,CA-2014-120775,31.776,3,0.6,-19.0656,1103
8250,CA-2015-140221,4.712,2,0.6,-1.8848,327
8285,CA-2015-154284,51.756,3,0.6,-33.6414,489
8434,US-2014-127635,9.96,5,0.6,-6.723,1488
8454,CA-2016-125087,127.88,5,0.6,-67.137,1280
8512,CA-2016-144645,73.784,2,0.6,-77.4732,743
8517,CA-2017-149720,30.336,6,0.6,-17.4432,1322
8561,CA-2016-132829,2.328,2,0.6,-0.7566,399
8580,CA-2014-130673,10.332,3,0.6,-5.9409,1814
8620,US-2017-119319,30.56,5,0.6,-19.864,683
8661,CA-2015-131856,21.968,4,0.6,-15.9268,1677
8676,CA-2017-163265,7.692,1,0.6,-3.6537,1413
8717,CA-2016-120824,6.984,2,0.6,-4.5396,704
8900,CA-2016-150483,32.064,3,0.6,-12.8256,1864
8983,CA-2016-110898,159.04,5,0.6,-194.824,126
9103,CA-2015-163181,64.96,5,0.6,-84.448,1547
9124,CA-2016-128916,9.552,3,0.6,-3.8208,746
9125,CA-2016-128916,5.344,4,0.6,-2.1376,1556
9321,US-2016-111563,11.376,3,0.6,-5.688,1482
9322,US-2016-111563,66.112,4,0.6,-84.2928,484
9476,CA-2015-100818,51.56,2,0.6,-61.872,1560
9536,CA-2017-124191,8.856,3,0.6,-6.8634,1268
9557,CA-2014-103086,5.312,2,0.6,-1.5936,1516
9591,US-2016-105452,24.7,5,0.6,-9.88,901
9592,US-2016-105452,302.72,5,0.6,-378.4,1847
9747,US-2014-140914,10.984,2,0.6,-7.9634,1677
9775,CA-2014-169019,17.496,3,0.6,-10.0602,1495
9831,CA-2014-113257,8.624,7,0.6,-2.5872,51
9834,CA-2016-126627,14,4,0.6,-6.3,1477
9844,CA-2014-163867,61.544,7,0.6,-40.0036,509
9903,CA-2014-122609,25.128,3,0.6,-6.9102,1394
58,CA-2016-111682,319.41,5,0.1,7.098,57
1882,CA-2015-109512,383.607,7,0.1,63.9345,65
978,CA-2017-159366,3059.982,2,0.1,679.996,157
881,CA-2017-111689,1242.9,5,0.1,262.39,159
731,US-2016-150861,542.646,3,0.1,102.4998,230
318,CA-2014-164973,135.882,1,0.1,24.1568,293
363,CA-2017-144904,488.646,3,0.1,86.8704,325
1493,CA-2017-166436,977.292,6,0.1,173.7408,325
440,CA-2017-157252,207.846,3,0.1,2.3094,392
1702,CA-2015-114069,1931.04,9,0.1,321.84,472
624,CA-2015-138009,555.21,5,0.1,178.901,537
1412,CA-2016-136329,408.006,2,0.1,72.5344,635
981,CA-2016-144939,599.292,6,0.1,93.2232,643
1147,CA-2015-112452,644.076,2,0.1,107.346,854
1250,CA-2017-115602,1141.938,9,0.1,139.5702,909
1921,US-2017-111423,462.564,2,0.1,97.6524,1200
1954,CA-2017-157987,1282.41,5,0.1,213.735,468
2182,CA-2016-128818,442.764,4,0.1,59.0352,1277
2212,CA-2016-162313,167.292,6,0.1,29.7408,1284
2433,CA-2014-148586,366.786,7,0.1,65.2064,1356
2641,CA-2017-108441,858.24,4,0.1,143.04,472
2683,CA-2017-127026,350.973,3,0.1,152.0883,1423
2957,CA-2017-123638,191.646,3,0.1,31.941,479
3315,CA-2017-169978,271.764,2,0.1,48.3136,293
3375,CA-2015-161718,364.41,5,0.1,8.098,397
3377,CA-2015-161718,361.764,2,0.1,68.3332,230
3384,CA-2015-130659,384.174,7,0.1,29.8802,1557
3419,CA-2015-150791,271.764,2,0.1,60.392,668
3740,CA-2016-133340,61.929,1,0.1,23.3954,15
3830,CA-2017-141733,87.444,2,0.1,18.4604,540
4050,CA-2017-136350,172.764,2,0.1,32.6332,270
4250,CA-2014-168130,887.103,7,0.1,177.4206,1164
4281,CA-2014-166989,69.264,2,0.1,14.6224,1484
4346,CA-2016-120355,631.782,2,0.1,140.396,660
4530,CA-2016-118759,408.006,2,0.1,72.5344,635
4645,CA-2016-143910,145.764,2,0.1,-8.098,408
4647,CA-2016-139556,434.646,3,0.1,62.7822,1605
4671,CA-2016-133550,283.14,4,0.1,72.358,1163
4734,CA-2016-120530,658.746,3,0.1,146.388,2
4779,CA-2014-150301,63.882,1,0.1,10.647,479
5069,CA-2014-124478,167.535,3,0.1,37.23,1105
5141,CA-2016-111213,1317.492,6,0.1,292.776,2
5500,CA-2017-164378,664.146,6,0.1,88.5528,1277
5709,US-2015-160857,127.764,2,0.1,21.294,479
5718,CA-2015-124107,29.403,3,0.1,5.2272,939
5763,CA-2015-162047,1448.82,10,0.1,209.274,1605
5826,CA-2017-161067,90.801,1,0.1,14.1246,1748
5827,CA-2017-161067,181.764,2,0.1,-8.0784,213
5915,US-2015-126977,199.764,2,0.1,8.8784,921
6005,CA-2015-100657,109.764,2,0.1,8.5372,1557
6090,CA-2017-100111,272.646,3,0.1,18.1764,940
6096,CA-2017-100111,80.991,1,0.1,8.0991,52
6099,CA-2017-100111,2888.127,11,0.1,609.7157,286
6101,CA-2017-100111,2254.41,5,0.1,375.735,448
6127,CA-2016-124100,327.996,6,0.1,54.666,165
6131,CA-2014-163447,767.214,14,0.1,161.9674,214
6329,CA-2014-167927,247.716,4,0.1,93.5816,15
6339,CA-2017-143112,221.382,2,0.1,2.4598,819
6439,CA-2014-166891,589.41,5,0.1,-6.549,1612
6550,CA-2015-126739,327.564,4,0.1,21.8376,1475
6558,CA-2015-166947,1522.638,9,0.1,169.182,504
6761,CA-2016-162943,253.764,2,0.1,31.0156,909
6984,CA-2016-116526,376.74,4,0.1,71.162,554
7005,CA-2015-141740,205.164,2,0.1,13.6776,1788
7032,CA-2016-145548,245.646,3,0.1,8.1882,1220
7170,US-2017-168613,145.764,2,0.1,3.2392,397
7338,CA-2014-163412,192.186,3,0.1,36.3018,1479
7396,CA-2016-110975,866.646,3,0.1,173.3292,629
7582,CA-2015-142734,127.764,2,0.1,2.8392,57
7624,CA-2015-136805,850.5,5,0.1,245.7,1152
7682,CA-2015-120782,186.732,1,0.1,41.496,1491
7799,CA-2017-166184,207.846,3,0.1,2.3094,392
7825,CA-2015-127327,90.882,1,0.1,15.147,39
8205,CA-2015-114811,577.764,2,0.1,115.5528,629
8271,CA-2016-169670,2563.056,8,0.1,313.2624,409
8401,CA-2015-110814,164.646,3,0.1,12.8058,1557
8706,CA-2014-146815,172.764,2,0.1,13.4372,1002
8811,US-2016-140172,207.144,3,0.1,48.3336,1154
8971,CA-2017-122308,271.764,2,0.1,60.392,668
9023,CA-2015-165799,117.882,1,0.1,1.3098,546
9056,CA-2015-160227,2621.322,11,0.1,553.3902,1835
9150,US-2014-157070,65.52,5,0.1,12.376,946
9263,CA-2015-124499,269.91,5,0.1,53.982,817
9267,CA-2015-151869,102.582,1,0.1,6.8388,1788
9314,CA-2015-111948,123.858,2,0.1,46.7908,15
9319,US-2017-108343,163.764,2,0.1,25.4744,1886
9394,CA-2014-125997,631.782,2,0.1,140.396,660
9425,CA-2014-116246,3785.292,6,0.1,420.588,488
9472,CA-2017-102925,128.124,2,0.1,24.2012,1479
9532,CA-2016-116596,427.644,14,0.1,80.7772,1285
9581,CA-2017-152975,589.41,5,0.1,-6.549,1612
9658,CA-2014-156160,579.528,4,0.1,83.7096,1605
9721,CA-2016-105781,326.646,3,0.1,39.9234,1737
9879,CA-2016-122581,573.174,7,0.1,63.686,964
28,US-2015-150630,3083.43,7,0.5,-1665.0522,27
126,US-2014-134614,617.7,6,0.5,-407.682,122
202,CA-2014-133690,218.75,2,0.5,-161.875,190
1714,US-2017-124968,765.625,7,0.5,-566.5625,190
214,CA-2015-146262,452.45,5,0.5,-244.323,201
242,CA-2016-157749,177.225,5,0.5,-120.513,225
293,CA-2016-110772,86.97,3,0.5,-48.7032,268
304,US-2017-152380,219.075,3,0.5,-131.445,279
1864,US-2016-100839,727.45,5,0.5,-465.568,311
464,CA-2016-109869,1272.63,6,0.5,-814.4832,414
671,US-2017-106663,108.925,1,0.5,-71.8905,567
684,US-2017-168116,7999.98,4,0.5,-3839.9904,578
784,US-2015-157014,35.49,1,0.5,-15.6156,637
836,CA-2016-165316,265.475,1,0.5,-111.4995,674
947,US-2015-140200,393.165,3,0.5,-204.4458,742
1410,US-2016-122245,393.165,3,0.5,-204.4458,742
1341,CA-2017-113481,695.7,2,0.5,-27.828,955
1395,US-2017-117247,652.45,5,0.5,-430.617,981
1396,US-2017-117247,66.645,3,0.5,-42.6528,982
2438,CA-2014-164210,145.98,2,0.5,-99.2664,1358
2592,US-2016-115455,601.47,3,0.5,-300.735,1399
2697,CA-2014-145317,821.3,4,0.5,-16.426,1429
2698,CA-2014-145317,22638.48,6,0.5,-1811.0784,1430
2839,CA-2016-147368,695.7,2,0.5,-27.828,955
2985,US-2014-112872,275.49,1,0.5,-170.8038,1270
3519,CA-2015-124975,796.425,7,0.5,-525.6405,1353
3859,CA-2017-154039,480.96,3,0.5,-269.3376,862
3910,CA-2015-167010,352.45,5,0.5,-211.47,1629
3914,US-2017-142573,801.6,5,0.5,-448.896,862
4128,CA-2014-127299,2624.985,3,0.5,-944.9946,1657
4294,CA-2017-101581,177.225,5,0.5,-120.513,225
4684,CA-2016-159912,163.88,4,0.5,-81.94,1660
4721,CA-2014-106229,268.935,3,0.5,-209.7693,365
4790,CA-2015-104346,364.95,5,0.5,-248.166,1358
4926,CA-2017-117653,91.275,1,0.5,-67.5435,971
5094,US-2014-140452,214.95,5,0.5,-120.372,845
5542,CA-2016-134936,455.97,6,0.5,-218.8656,1778
5658,CA-2016-145261,377.45,5,0.5,-264.215,1010
5750,CA-2014-145800,355.455,3,0.5,-184.8366,11
5758,CA-2015-149300,32.985,3,0.5,-1.9791,1764
5929,US-2017-169551,87.21,3,0.5,-45.3492,678
5955,CA-2014-155796,521.96,4,0.5,-250.5408,38
6381,CA-2016-127236,299.975,5,0.5,-167.986,580
6474,CA-2014-149524,61.96,4,0.5,-53.2856,936
6646,US-2016-127334,564.195,3,0.5,-304.6653,217
6659,CA-2017-135937,386.91,9,0.5,-185.7168,987
6799,CA-2016-109827,35.445,1,0.5,-24.1026,225
7151,CA-2017-142909,182.55,2,0.5,-135.087,971
7247,US-2014-127978,302.45,5,0.5,-199.617,369
7292,CA-2017-109183,649,2,0.5,-272.58,1851
7298,CA-2014-163468,292.1,4,0.5,-175.26,279
7554,CA-2014-114181,349.965,7,0.5,-216.9783,907
7646,US-2014-115196,1299.99,2,0.5,-571.9956,1815
8179,CA-2015-112767,277.5,4,0.5,-188.7,1609
8267,CA-2017-121790,69.375,1,0.5,-47.175,1609
8631,CA-2016-107783,177.45,5,0.5,-78.078,637
8634,CA-2017-159793,130.98,2,0.5,-89.0664,1
8926,CA-2016-168032,626.1,3,0.5,-538.446,494
8957,CA-2017-105620,120,2,0.5,-7.2,1878
8984,CA-2016-110898,145.98,2,0.5,-99.2664,1358
9040,CA-2014-138177,73.915,1,0.5,-45.8273,1127
9092,CA-2015-162950,482.94,6,0.5,-376.6932,1173
9129,CA-2016-130911,301.47,3,0.5,-241.176,1390
9219,US-2015-164238,301.47,3,0.5,-204.9996,1349
9295,CA-2017-161340,115.96,4,0.5,-64.9376,268
9455,CA-2016-140977,91.475,1,0.5,-1.8295,1888
4,US-2015-108966,957.5775,5,0.45,-383.031,4
400,CA-2016-108987,2396.2656,4,0.32,-317.1528,27
39,CA-2015-117415,532.3992,3,0.32,-46.9764,38
232,US-2017-100930,233.86,2,0.45,-102.048,216
233,US-2017-100930,620.6145,3,0.45,-248.2458,217
955,CA-2017-136539,78.8528,2,0.32,-11.596,268
385,US-2015-168935,375.4575,3,0.45,-157.0095,344
413,CA-2017-117457,1336.829,13,0.15,31.4548,369
469,CA-2017-154907,205.3328,2,0.32,-36.2352,418
473,CA-2014-144666,222.666,2,0.15,10.4784,422
486,CA-2017-140963,514.165,5,0.15,-30.245,433
1535,CA-2017-124086,203.983,2,0.15,16.7986,580
756,CA-2016-140928,383.438,4,0.45,-167.3184,622
1115,CA-2017-140585,119.833,1,0.15,-12.6882,840
1248,CA-2014-168494,254.9745,3,0.15,11.9988,907
1611,CA-2014-156349,290.666,2,0.15,27.3568,1067
1715,CA-2017-104003,307.666,2,0.15,-14.4784,1114
1761,CA-2015-130785,411.332,4,0.15,-4.8392,1130
1763,CA-2015-130785,293.199,3,0.15,-20.6964,1132
1900,CA-2014-169775,174.0585,3,0.45,-110.7645,441
2116,CA-2015-164882,425.833,1,0.15,20.0392,1260
2354,CA-2015-111514,1552.831,7,0.15,200.9546,38
2404,US-2016-110170,956.6648,7,0.32,-225.0976,1349
2547,CA-2017-108070,102.833,1,0.15,-6.049,433
2651,US-2016-146794,424.9575,5,0.15,19.998,907
2778,CA-2015-138534,195.466,2,0.15,-13.7976,1132
2797,CA-2014-154599,308.499,3,0.15,-18.147,433
2826,US-2014-112914,300.5328,2,0.32,-97.2312,593
3024,CA-2017-124674,327.7328,2,0.32,-14.4588,1288
3075,CA-2015-126137,120.666,2,0.15,18.4548,637
3099,CA-2017-135692,220.2656,4,0.32,-42.1096,319
3352,US-2014-134733,435.999,3,0.15,20.5176,1550
3366,CA-2014-115161,290.666,2,0.15,3.4196,1117
3507,CA-2014-166863,193.0656,4,0.32,-19.8744,1567
3845,CA-2014-101931,616.998,6,0.15,-36.294,433
3928,CA-2016-162082,241.332,5,0.32,-14.196,637
3985,CA-2016-108735,257.499,3,0.15,24.2352,719
4023,CA-2017-130764,556.665,5,0.15,6.549,1230
4071,CA-2016-145303,156.3728,2,0.32,-52.8908,1132
4217,CA-2017-149881,482.664,8,0.15,85.176,1666
4266,US-2016-131611,956.6648,7,0.32,-225.0976,1349
4284,CA-2015-105690,246.1328,2,0.32,-76.0116,1114
4453,CA-2016-147137,1279.165,5,0.15,225.735,796
4495,CA-2017-112753,917.9235,9,0.15,75.5937,580
4633,CA-2015-130456,586.398,6,0.15,34.494,1714
4669,US-2017-133200,623.4648,7,0.32,-119.1918,422
4938,CA-2014-157147,333.999,3,0.15,3.9294,1230
5055,CA-2015-141243,1352.3976,9,0.32,-437.5404,593
5079,US-2017-133312,359.499,3,0.15,-29.6058,1365
5175,CA-2017-106432,328.3992,3,0.32,-91.7586,1655
5399,CA-2016-117681,556.665,5,0.15,6.549,1
5427,US-2016-108497,599.165,5,0.15,35.245,1629
5494,CA-2014-105249,411.332,4,0.15,-4.8392,1130
5554,US-2014-159618,67.9932,1,0.32,-12.9987,907
5651,CA-2017-142342,1194.165,5,0.15,210.735,180
5805,CA-2017-113873,205.9992,3,0.32,-27.2646,719
5858,US-2017-153255,239.666,2,0.15,14.098,1629
6138,CA-2014-131247,205.67,2,0.15,-12.098,433
6151,CA-2014-111871,1198.33,10,0.15,70.49,1629
6615,CA-2016-123512,239.666,2,0.15,14.098,1629
7013,CA-2017-141201,148.257,3,0.15,15.6978,678
7201,CA-2016-104276,331.023,7,0.45,-114.3534,987
7270,CA-2016-123337,273.666,2,0.15,-12.8784,1173
7344,CA-2017-168389,721.875,6,0.45,-420,190
7403,CA-2015-100146,509.9575,5,0.15,41.9965,580
7814,US-2017-109316,1497.666,2,0.15,140.9568,27
7911,CA-2016-149762,205.666,2,0.15,-12.098,433
8038,CA-2017-109393,435.999,3,0.15,5.1294,1117
8055,CA-2015-121188,307.666,2,0.15,28.9568,201
8105,CA-2017-159149,89.0664,1,0.32,-17.0274,422
8136,CA-2016-118073,562.2925,7,0.45,-255.5875,279
8166,CA-2015-168207,512.499,3,0.15,-30.147,1390
8206,CA-2015-122266,191.5155,1,0.45,-76.6062,4
8235,CA-2017-102204,933.262,4,0.45,-458.1468,414
8370,CA-2016-163972,120.666,2,0.15,21.294,1666
8709,CA-2014-119144,305.9745,3,0.15,25.1979,580
8712,US-2015-145422,359.499,3,0.15,-29.6058,1365
8781,CA-2015-133585,1227.9984,6,0.32,-36.1176,796
8973,CA-2017-159226,344.981,7,0.15,28.4102,268
9243,CA-2014-113271,119.833,1,0.15,7.049,1629
9484,CA-2016-164770,781.864,10,0.32,-137.976,1714
9512,CA-2017-142461,204.6664,1,0.32,-6.0196,796
9537,CA-2016-148747,477.666,2,0.15,84.294,180
9544,CA-2015-135251,369.1992,3,0.32,-114.0174,1114
9625,CA-2017-137449,409.9992,3,0.32,-96.4704,1349
9649,CA-2016-107104,3406.664,8,0.15,160.3136,1260
9691,CA-2015-130183,613.9992,3,0.32,-18.0588,796
9787,CA-2017-144491,1023.332,5,0.32,-30.098,796
9931,CA-2015-104948,683.332,4,0.15,-40.196,1390
9962,CA-2015-168088,383.4656,4,0.32,-67.6704,1629
